title,organization,location,duration,stipend,skills_final,posted_on,start_date,type,source,apply_link,scraped_at,content_hash,extra_data
NODE JS INTERN,UPTOSKILLS,"Pan India,",3 Months,Unpaid,['Node.js'],06-Mar-2026,Immediately,Internship,AICTE,https://internship.aicte-india.org/internship-details.php?uid=SU5URVJOU0hJUF8xNzcyODEzNjEwNjlhYWZkMmExNjBjMQ==,2026-03-06T16:36:33.480602+00:00,,"{""work_type"": ""Virtual Internship"", ""openings"": ""10"", ""apply_by"": ""16-Mar-2026""}"
ORBITAL SYSTEM INTERN,UPTOSKILLS,"Pan India,",3 Months,Unpaid,[],06-Mar-2026,Immediately,Internship,AICTE,https://internship.aicte-india.org/internship-details.php?uid=SU5URVJOU0hJUF8xNzcyODExMzQyNjlhYWY0NGU5Njc2NQ==,2026-03-06T16:36:33.567312+00:00,,"{""work_type"": ""Virtual Internship"", ""openings"": ""10"", ""apply_by"": ""16-Mar-2026""}"
FULL STACK DEVELOPMENT INTERN,Chand Web Technology Private Limited,"Pan India,",6 Weeks,Unpaid,"['JavaScript', 'React', 'APIs']",06-Mar-2026,Immediately,Internship,AICTE,https://internship.aicte-india.org/internship-details.php?uid=SU5URVJOU0hJUF8xNzcyODEwODI1NjlhYWYyNDkwODQwNg==,2026-03-06T16:36:33.632185+00:00,,"{""work_type"": ""Virtual Internship"", ""openings"": ""10"", ""apply_by"": ""01-Apr-2026""}"
BACKEND DEVELOPMENT INTERN,Chand Web Technology Private Limited,"Pan India,",6 Weeks,Unpaid,"['APIs', 'Databases']",06-Mar-2026,Immediately,Internship,AICTE,https://internship.aicte-india.org/internship-details.php?uid=SU5URVJOU0hJUF8xNzcyODA3NzYxNjlhYWU2NTEwZDkyZQ==,2026-03-06T16:36:33.703893+00:00,,"{""work_type"": ""Virtual Internship"", ""openings"": ""10"", ""apply_by"": ""01-Apr-2026""}"
FRONTEND DEVELOPMENT INTERN,Chand Web Technology Private Limited,"Pan India,",6 Weeks,Unpaid,"['HTML', 'CSS', 'JavaScript']",06-Mar-2026,Immediately,Internship,AICTE,https://internship.aicte-india.org/internship-details.php?uid=SU5URVJOU0hJUF8xNzcyODA0NDM1NjlhYWQ5NTNlZDE1Yw==,2026-03-06T16:36:33.782428+00:00,,"{""work_type"": ""Virtual Internship"", ""openings"": ""10"", ""apply_by"": ""01-Apr-2026""}"
WEB DEVELOPMENT INTERN,Chand Web Technology Private Limited,"Pan India,",6 Weeks,Unpaid,"['HTML', 'CSS', 'JavaScript']",06-Mar-2026,Immediately,Internship,AICTE,https://internship.aicte-india.org/internship-details.php?uid=SU5URVJOU0hJUF8xNzcyODA0MDM4NjlhYWQ3YzYwN2I1Yw==,2026-03-06T16:36:33.851700+00:00,,"{""work_type"": ""Virtual Internship"", ""openings"": ""10"", ""apply_by"": ""01-Apr-2026""}"
BUSINESS DEVELOPMENT EXECUTIVE TRAINEE,Harvinn Technologies,"Hyderabad,",6 Months,"17,000 /month","['Communication', 'Sales']",06-Mar-2026,Immediately,Internship,AICTE,https://internship.aicte-india.org/internship-details.php?uid=SU5URVJOU0hJUF8xNzcyODAyMzUyNjlhYWQxMzBhYjQyMg==,2026-03-06T16:36:33.924939+00:00,,"{""work_type"": ""Full Time"", ""openings"": ""30"", ""apply_by"": ""11-Mar-2026""}"
PYTHON - AI - ML - DATA SCIENCE - JAVA - WEBSITE DEVELOPMENT INTERNSHIP,ROBOKWIK.COM,"Pan India,",2 Months,Unpaid,"['Python', 'Machine Learning', 'EDA', 'Java']",06-Mar-2026,Immediately,Internship,AICTE,https://internship.aicte-india.org/internship-details.php?uid=SU5URVJOU0hJUF8xNzcyODAyNDg1NjlhYWQxYjU1YTU3Mw==,2026-03-06T16:36:34.004893+00:00,,"{""work_type"": ""Virtual Internship"", ""openings"": ""1"", ""apply_by"": ""08-Mar-2026""}"
AI/ML / CLOUD COMPUTING & DEVOPS / PYTHON PROGRAMMING / DATA ANALYSIS / DATA SCIENCE,MAINCRAFTS COM,"Pan India,",3 Months,Unpaid,"['Python', 'Machine Learning', 'EDA', 'Cloud Computing']",06-Mar-2026,Immediately,Internship,AICTE,https://internship.aicte-india.org/internship-details.php?uid=SU5URVJOU0hJUF8xNzcyNzk4Mzg3NjlhYWMxYjNlYzVhYg==,2026-03-06T16:36:34.078821+00:00,,"{""work_type"": ""Virtual Internship"", ""openings"": ""7"", ""apply_by"": ""08-Mar-2026""}"
WEB DEVELOPER INTERN,Soft Nexis Technology,"Pan India,",2 Months,Unpaid,[],06-Mar-2026,Immediately,Internship,AICTE,https://internship.aicte-india.org/internship-details.php?uid=SU5URVJOU0hJUF8xNzcyNzk3ODk4NjlhYWJmY2E1ZDE1Mg==,2026-03-06T16:36:34.152551+00:00,,"{""work_type"": ""Virtual Internship"", ""openings"": ""3"", ""apply_by"": ""09-Mar-2026""}"
DUMMY INTERNSHIP DONT APPLY FOR THIS INTERNSHIP,AICTE Research Internship,"Pan India,",7 Weeks,Unpaid,[],06-Mar-2026,Immediately,Internship,AICTE,https://internship.aicte-india.org/internship-details.php?uid=SU5URVJOU0hJUF8xNzcyNzk2NTExNjlhYWJhNWY4YzRkYg==,2026-03-06T16:36:35.326741+00:00,,"{""work_type"": ""Full Time"", ""openings"": ""4"", ""apply_by"": ""17-Mar-2026""}"
BUSINESS DEVELOPMENT TRAINEE,ABCPANDA SOLUTIONS PVT LTD,"Pan India,",3 Months,10000 /month,"['Communication', 'Sales']",06-Mar-2026,Immediately,Internship,AICTE,https://internship.aicte-india.org/internship-details.php?uid=SU5URVJOU0hJUF8xNzcyNzkzOTU0NjlhYWIwNjJkZWJhZQ==,2026-03-06T16:36:35.400689+00:00,,"{""work_type"": ""Full Time"", ""openings"": ""5"", ""apply_by"": ""16-Mar-2026""}"
BUSINESS DEVELOPMENT,E-tailed digital services Pvt ltd,"Hyderabad,",6 Months,10000 /month,"['Communication', 'Sales']",06-Mar-2026,Immediately,Internship,AICTE,https://internship.aicte-india.org/internship-details.php?uid=SU5URVJOU0hJUF8xNzcyNzkyNTEyNjlhYWFhYzBlODFhMQ==,2026-03-06T16:36:35.472130+00:00,,"{""work_type"": ""Full Time"", ""openings"": ""10"", ""apply_by"": ""31-Mar-2026""}"
CYBER SECURITY & ETHICAL HACKING,MAINCRAFTS COM,"Pan India,",3 Months,Unpaid,"['Cybersecurity', 'Networking']",06-Mar-2026,Immediately,Internship,AICTE,https://internship.aicte-india.org/internship-details.php?uid=SU5URVJOU0hJUF8xNzcyNzkxOTQ1NjlhYWE4ODlkMTExMA==,2026-03-06T16:36:35.544580+00:00,,"{""work_type"": ""Virtual Internship"", ""openings"": ""7"", ""apply_by"": ""08-Mar-2026""}"
PYTHON - AI - ML - DATA SCIENCE - JAVA - WEBSITE DEVELOPMENT INTERNSHIP,ROBOKWIK.COM,"Pan India,",2 Months,Unpaid,"['Python', 'Machine Learning', 'EDA', 'Java']",06-Mar-2026,Immediately,Internship,AICTE,https://internship.aicte-india.org/internship-details.php?uid=SU5URVJOU0hJUF8xNzcyNzg5NTUwNjlhYTlmMmUwODcwZQ==,2026-03-06T16:36:35.616036+00:00,,"{""work_type"": ""Virtual Internship"", ""openings"": ""1"", ""apply_by"": ""08-Mar-2026""}"
QUANTUM CRYPTOGRAPHY TRAINING AND INTERNSHIP PROGRAM,DR PALLAM SETTI INNOVATIONS,"Pan India,",3 Months,Unpaid,[],06-Mar-2026,Immediately,Internship,AICTE,https://internship.aicte-india.org/internship-details.php?uid=SU5URVJOU0hJUF8xNzcyNzg4NDU2NjlhYTlhZThiZTkxYQ==,2026-03-06T16:36:35.687136+00:00,,"{""work_type"": ""Virtual Internship"", ""openings"": ""10"", ""apply_by"": ""31-Mar-2026""}"
JAVA PROGRAMMING INTERN,Kodbud Solutions,"Pan India,",6 Weeks,Unpaid,['Java'],06-Mar-2026,Immediately,Internship,AICTE,https://internship.aicte-india.org/internship-details.php?uid=SU5URVJOU0hJUF8xNzcyNzg3MDA1NjlhYTk1M2RjMzc0Yg==,2026-03-06T16:36:35.761542+00:00,,"{""work_type"": ""Virtual Internship"", ""openings"": ""10"", ""apply_by"": ""09-Mar-2026""}"
* ARTIFICIAL INTELLIGENCE & MACHINE LEARNING,Soft Nexis Technology,"Pan India,",2 Months,Unpaid,"['Python', 'Machine Learning']",06-Mar-2026,Immediately,Internship,AICTE,https://internship.aicte-india.org/internship-details.php?uid=SU5URVJOU0hJUF8xNzcyNzg2NTAyNjlhYTkzNDY4YmYxZg==,2026-03-06T16:36:35.833919+00:00,,"{""work_type"": ""Full Time"", ""openings"": ""3"", ""apply_by"": ""10-Mar-2026""}"
PYTHON - AI - ML - DATA SCIENCE - JAVA - WEBSITE DEVELOPMENT INTERNSHIP,ROBOKWIK.COM,"Pan India,",2 Months,Unpaid,"['Python', 'Machine Learning', 'EDA', 'Java']",06-Mar-2026,Immediately,Internship,AICTE,https://internship.aicte-india.org/internship-details.php?uid=SU5URVJOU0hJUF8xNzcyNzg1NjExNjlhYThmY2I1OGFiYQ==,2026-03-06T16:36:35.905216+00:00,,"{""work_type"": ""Virtual Internship"", ""openings"": ""1"", ""apply_by"": ""08-Mar-2026""}"
ADVANCED QUANTUM COMMUNICATION INTERNSHIP,DR PALLAM SETTI INNOVATIONS,"Pan India,",3 Months,Unpaid,[],06-Mar-2026,Immediately,Internship,AICTE,https://internship.aicte-india.org/internship-details.php?uid=SU5URVJOU0hJUF8xNzcyNzg1MDY3NjlhYThkYWIyNTA4OQ==,2026-03-06T16:36:35.976769+00:00,,"{""work_type"": ""Virtual Internship"", ""openings"": ""10"", ""apply_by"": ""31-Mar-2026""}"
QUANTUM COMPUTING TRAINING AND INTERNSHIP PROGRAM,DR PALLAM SETTI INNOVATIONS,"Pan India,",3 Months,Unpaid,[],06-Mar-2026,Immediately,Internship,AICTE,https://internship.aicte-india.org/internship-details.php?uid=SU5URVJOU0hJUF8xNzcyNzgyNTk1NjlhYTg0MDMxZjgyYg==,2026-03-06T16:36:37.264484+00:00,,"{""work_type"": ""Virtual Internship"", ""openings"": ""10"", ""apply_by"": ""31-Mar-2026""}"
CYBER SECURITY INTERN FOR NEW TOWN SMART CITY,DR PALLAM SETTI INNOVATIONS,"Pan India,",2 Months,Unpaid,['Cybersecurity'],06-Mar-2026,Immediately,Internship,AICTE,https://internship.aicte-india.org/internship-details.php?uid=SU5URVJOU0hJUF8xNzcyNzgxNTIzNjlhYTdmZDMzYmM0MA==,2026-03-06T16:36:37.336174+00:00,,"{""work_type"": ""Full Time"", ""openings"": ""10"", ""apply_by"": ""31-Mar-2026""}"
CAMPUS AMBASSADOR INTERNSHIP ONLY COLLEGE STUDENTS,aenexz tech private limited,"Pan India,Hyderabad,Visakapatanam,",6 Weeks,15000 /month,[],06-Mar-2026,Immediately,Internship,AICTE,https://internship.aicte-india.org/internship-details.php?uid=SU5URVJOU0hJUF8xNzcyNzgwNzU5NjlhYTdjZDc3NmFlYw==,2026-03-06T16:36:37.409185+00:00,,"{""work_type"": ""Full Time"", ""openings"": ""30"", ""apply_by"": ""14-Mar-2026""}"
SWCHH BHARAT MISSION SOLID WASTE MANAGEMENT,MC Yamunanagar,"Yumana Nagar,",1 Months,Unpaid,[],06-Mar-2026,Immediately,Internship,AICTE,https://internship.aicte-india.org/internship-details.php?uid=SU5URVJOU0hJUEdPVlNCTV8xNzcyNzc5MzU4NjlhYTc3NWUzNThmMA==&level=Mg==,2026-03-06T16:36:37.480675+00:00,,"{""work_type"": ""Part Time"", ""openings"": ""8"", ""apply_by"": ""10-Mar-2026""}"
PYTHON - AI - ML - DATA SCIENCE - JAVA - WEBSITE DEVELOPMENT INTERNSHIP,ROBOKWIK.COM,"Pan India,",2 Months,Unpaid,"['Python', 'Machine Learning', 'EDA', 'Java']",06-Mar-2026,Immediately,Internship,AICTE,https://internship.aicte-india.org/internship-details.php?uid=SU5URVJOU0hJUF8xNzcyNzc5NDkwNjlhYTc3ZTI3MTU5OQ==,2026-03-06T16:36:37.556225+00:00,,"{""work_type"": ""Virtual Internship"", ""openings"": ""1"", ""apply_by"": ""08-Mar-2026""}"
MARKETING MANAGER,DIGITAL ABHIYAN,"Bangalore,",6 Weeks,Unpaid,"['Digital Marketing', 'SEO']",06-Mar-2026,Immediately,Internship,AICTE,https://internship.aicte-india.org/internship-details.php?uid=SU5URVJOU0hJUF8xNzcyNzc2OTIyNjlhYTZkZGFhNGVjYQ==,2026-03-06T16:36:37.633540+00:00,,"{""work_type"": ""Full Time"", ""openings"": ""10"", ""apply_by"": ""31-Mar-2026""}"
TEAM LEADERS,BluePlanet Infosolutions India Pvt Ltd,"Pan India,",6 Months,Unpaid,[],06-Mar-2026,Immediately,Internship,AICTE,https://internship.aicte-india.org/internship-details.php?uid=SU5URVJOU0hJUF8xNzcyNzc1ODM4NjlhYTY5OWUzY2VmZQ==,2026-03-06T16:36:37.709436+00:00,,"{""work_type"": ""Virtual Internship"", ""openings"": ""10"", ""apply_by"": ""31-Mar-2026""}"
HR INTERN,BluePlanet Infosolutions India Pvt Ltd,"Pan India,",6 Months,Unpaid,"['Recruitment', 'HR Operations']",06-Mar-2026,Immediately,Internship,AICTE,https://internship.aicte-india.org/internship-details.php?uid=SU5URVJOU0hJUF8xNzcyNzc1MjYxNjlhYTY3NWQyMTkwYg==,2026-03-06T16:36:37.783410+00:00,,"{""work_type"": ""Virtual Internship"", ""openings"": ""10"", ""apply_by"": ""31-Mar-2026""}"
PYTHON - AI - ML - DATA SCIENCE - JAVA - WEBSITE DEVELOPMENT INTERNSHIP,ROBOKWIK.COM,"Pan India,",2 Months,Unpaid,"['Python', 'Machine Learning', 'EDA', 'Java']",06-Mar-2026,Immediately,Internship,AICTE,https://internship.aicte-india.org/internship-details.php?uid=SU5URVJOU0hJUF8xNzcyNzc1Mjg4NjlhYTY3NzgwYjZmYQ==,2026-03-06T16:36:37.856965+00:00,,"{""work_type"": ""Virtual Internship"", ""openings"": ""1"", ""apply_by"": ""08-Mar-2026""}"
EMBEDDED SYSTEMS & INTERNET OF THINGS ( IOT ),MAINCRAFTS COM,"Pan India,",3 Months,Unpaid,"['Embedded Systems', 'C', 'IoT']",06-Mar-2026,Immediately,Internship,AICTE,https://internship.aicte-india.org/internship-details.php?uid=SU5URVJOU0hJUF8xNzcyNzc0MjM0NjlhYTYzNWFkNWE0NQ==,2026-03-06T16:36:37.936499+00:00,,"{""work_type"": ""Virtual Internship"", ""openings"": ""7"", ""apply_by"": ""08-Mar-2026""}"
* FULL STACK WEB DEVELOPMENT AND JAVA DEVELOPER INTERNSHIP,Soft Nexis Technology,"Pan India,",2 Months,Unpaid,"['Java', 'JavaScript', 'React', 'APIs']",06-Mar-2026,Immediately,Internship,AICTE,https://internship.aicte-india.org/internship-details.php?uid=SU5URVJOU0hJUF8xNzcyNzcyMjU4NjlhYTViYTI4NGViMg==,2026-03-06T16:36:39.115846+00:00,,"{""work_type"": ""Virtual Internship"", ""openings"": ""3"", ""apply_by"": ""09-Mar-2026""}"
WEB DEVELOPER (INTERN),TEJAS INFOTECH,"Pan India,",02 Months,Unpaid,[],06-Mar-2026,Immediately,Internship,AICTE,https://internship.aicte-india.org/internship-details.php?uid=SU5URVJOU0hJUF8xNzcyNzcwNDE5NjlhYTU0NzM3MzBmYw==,2026-03-06T16:36:39.185370+00:00,,"{""work_type"": ""Virtual Internship"", ""openings"": ""10"", ""apply_by"": ""30-Apr-2026""}"
"UI/UX DESIGN, WEB DESIGNING, JAVA / PYTHON FULL STACK DEVELOPEENT, MERN STACK DEVELOPER",MAINCRAFTS COM,"Pan India,",3 Months,Unpaid,"['Python', 'Java', 'MongoDB', 'Express']",06-Mar-2026,Immediately,Internship,AICTE,https://internship.aicte-india.org/internship-details.php?uid=SU5URVJOU0hJUF8xNzcyNzYzNjg2NjlhYTNhMjY2ZGUwMg==,2026-03-06T16:36:39.259783+00:00,,"{""work_type"": ""Virtual Internship"", ""openings"": ""7"", ""apply_by"": ""08-Mar-2026""}"
JAVA DEVELOPER INTERN,GEN LABS,"Pan India,",3 Months,Unpaid,['Java'],06-Mar-2026,Immediately,Internship,AICTE,https://internship.aicte-india.org/internship-details.php?uid=SU5URVJOU0hJUF8xNzcyNzUxMTgwNjlhYTA5NGMzMGEyOQ==,2026-03-06T16:36:39.332385+00:00,,"{""work_type"": ""Virtual Internship"", ""openings"": ""1"", ""apply_by"": ""08-Mar-2026""}"
HR INTERN,BluePlanet Infosolutions India Pvt Ltd,"Pan India,",6 Months,Unpaid,"['Recruitment', 'HR Operations']",05-Mar-2026,Immediately,Internship,AICTE,https://internship.aicte-india.org/internship-details.php?uid=SU5URVJOU0hJUF8xNzcyNzI3NDI4NjlhOWFjODQzNGIwNg==,2026-03-06T16:36:39.411491+00:00,,"{""work_type"": ""Virtual Internship"", ""openings"": ""10"", ""apply_by"": ""08-Apr-2026""}"
PYTHON - AI - ML - DATA SCIENCE - JAVA - WEBSITE DEVELOPMENT INTERNSHIP,ROBOKWIK.COM,"Pan India,",2 Months,Unpaid,"['Python', 'Machine Learning', 'EDA', 'Java']",05-Mar-2026,Immediately,Internship,AICTE,https://internship.aicte-india.org/internship-details.php?uid=SU5URVJOU0hJUF8xNzcyNzI3NjAzNjlhOWFkMzM2ZDhmMg==,2026-03-06T16:36:39.485298+00:00,,"{""work_type"": ""Virtual Internship"", ""openings"": ""1"", ""apply_by"": ""07-Mar-2026""}"
CYBERSECURITY & ETHICAL HACKING INTERNSHIP (PROJECT BASED),Netrinix Academy,"Pan India,",10 Weeks,Unpaid,"['Cybersecurity', 'Networking']",05-Mar-2026,Immediately,Internship,AICTE,https://internship.aicte-india.org/internship-details.php?uid=SU5URVJOU0hJUF8xNzcyNzI2MDUwNjlhOWE3MjJmMTc1MQ==,2026-03-06T16:36:39.558494+00:00,,"{""work_type"": ""Virtual Internship"", ""openings"": ""10"", ""apply_by"": ""20-Mar-2026""}"
IOS APP DEVELOPMENT,BluePlanet Infosolutions India Pvt Ltd,"Pan India,",6 Months,Unpaid,['Mobile Development'],05-Mar-2026,Immediately,Internship,AICTE,https://internship.aicte-india.org/internship-details.php?uid=SU5URVJOU0hJUF8xNzcyNzIzNzY5NjlhOTllMzkyYzkyMQ==,2026-03-06T16:36:39.628846+00:00,,"{""work_type"": ""Virtual Internship"", ""openings"": ""10"", ""apply_by"": ""31-Mar-2026""}"
SHOW ANCHOR,BluePlanet Infosolutions India Pvt Ltd,"Pan India,",6 Months,Unpaid,[],05-Mar-2026,Immediately,Internship,AICTE,https://internship.aicte-india.org/internship-details.php?uid=SU5URVJOU0hJUF8xNzcyNzIwNTE1NjlhOTkxODMxZWM4MA==,2026-03-06T16:36:39.703779+00:00,,"{""work_type"": ""Virtual Internship"", ""openings"": ""10"", ""apply_by"": ""31-Mar-2026""}"
REACT JS INTERN,UPTOSKILLS,"Pan India,",3 Months,Unpaid,['React'],05-Mar-2026,Immediately,Internship,AICTE,https://internship.aicte-india.org/internship-details.php?uid=SU5URVJOU0hJUF8xNzcyNzE5NjA0NjlhOThkZjQ2N2Y4ZQ==,2026-03-06T16:36:39.776110+00:00,,"{""work_type"": ""Virtual Internship"", ""openings"": ""10"", ""apply_by"": ""15-Mar-2026""}"
PYTHON FULL STACK WITH ARTIFICIAL INTELLIGENCE,QURIOUZ MANKEY PRIVATE LIMITED,"Hyderabad,",6 Months,Unpaid,"['Python', 'Machine Learning', 'JavaScript', 'React']",05-Mar-2026,Immediately,Internship,AICTE,https://internship.aicte-india.org/internship-details.php?uid=SU5URVJOU0hJUF8xNzcyNzE3OTMyNjlhOTg3NmM5NmNjNQ==,2026-03-06T16:36:41.539420+00:00,,"{""work_type"": ""Full Time"", ""openings"": ""5"", ""apply_by"": ""25-Mar-2026""}"
PROJECT MANAGEMENT INTERN,UPTOSKILLS,"Pan India,",3 Months,Unpaid,['Project Management'],05-Mar-2026,Immediately,Internship,AICTE,https://internship.aicte-india.org/internship-details.php?uid=SU5URVJOU0hJUF8xNzcyNzE3NDkyNjlhOTg1YjRjY2Q3MQ==,2026-03-06T16:36:41.619240+00:00,,"{""work_type"": ""Virtual Internship"", ""openings"": ""10"", ""apply_by"": ""15-Mar-2026""}"
PYTHON - AI - ML - DATA SCIENCE - JAVA - WEBSITE DEVELOPMENT INTERNSHIP,ROBOKWIK.COM,"Pan India,",2 Months,Unpaid,"['Python', 'Machine Learning', 'EDA', 'Java']",05-Mar-2026,Immediately,Internship,AICTE,https://internship.aicte-india.org/internship-details.php?uid=SU5URVJOU0hJUF8xNzcyNzE0NjM5NjlhOTdhOGY5ZDRmNA==,2026-03-06T16:36:41.694120+00:00,,"{""work_type"": ""Virtual Internship"", ""openings"": ""1"", ""apply_by"": ""08-Mar-2026""}"
* DATA ANALYSIS AND DATA SCIENCE USING PYTHON INTERNSHIP,Soft Nexis Technology,"Pan India,",2 Months,Unpaid,"['Python', 'EDA', 'Machine Learning']",05-Mar-2026,Immediately,Internship,AICTE,https://internship.aicte-india.org/internship-details.php?uid=SU5URVJOU0hJUF8xNzcyNzEyODM1NjlhOTczODNmM2VmYQ==,2026-03-06T16:36:41.769887+00:00,,"{""work_type"": ""Virtual Internship"", ""openings"": ""3"", ""apply_by"": ""08-Mar-2026""}"
6 MONTHS INTERNSHIP IN SAP ABAP CONSULTANT,SURE Trust,"Pan India,",6 Months,Unpaid,[],05-Mar-2026,Immediately,Internship,AICTE,https://internship.aicte-india.org/internship-details.php?uid=SU5URVJOU0hJUF8xNzcyNzEwNTgwNjlhOTZhYjRhY2VkNw==,2026-03-06T16:36:41.847993+00:00,,"{""work_type"": ""Virtual Internship"", ""openings"": ""10"", ""apply_by"": ""05-Sep-2026""}"
6 MONTHS INTERNSHIP IN EMBEDDED SYSTEMS & INTERNET OF THINGS,SURE Trust,"Pan India,",6 Months,Unpaid,"['Embedded Systems', 'C']",05-Mar-2026,Immediately,Internship,AICTE,https://internship.aicte-india.org/internship-details.php?uid=SU5URVJOU0hJUF8xNzcyNzA5MDQwNjlhOTY0YjA2NDYwMQ==,2026-03-06T16:36:41.920026+00:00,,"{""work_type"": ""Virtual Internship"", ""openings"": ""10"", ""apply_by"": ""05-Sep-2026""}"
6 MONTHS INTERNSHIP IN SALESFORCE ADMINISTRATION & DEVELOPMENT,SURE Trust,"Pan India,",6 Months,Unpaid,['Sales'],05-Mar-2026,Immediately,Internship,AICTE,https://internship.aicte-india.org/internship-details.php?uid=SU5URVJOU0hJUF8xNzcyNzA3MDA3NjlhOTVjYmY0Nzg5ZA==,2026-03-06T16:36:41.992646+00:00,,"{""work_type"": ""Virtual Internship"", ""openings"": ""10"", ""apply_by"": ""05-Sep-2026""}"
PYTHON - AI - ML - DATA SCIENCE - JAVA - WEBSITE DEVELOPMENT INTERNSHIP,ROBOKWIK.COM,"Pan India,",2 Months,Unpaid,"['Python', 'Machine Learning', 'EDA', 'Java']",05-Mar-2026,Immediately,Internship,AICTE,https://internship.aicte-india.org/internship-details.php?uid=SU5URVJOU0hJUF8xNzcyNzA3ODI0NjlhOTVmZjBhMDIyNQ==,2026-03-06T16:36:42.065464+00:00,,"{""work_type"": ""Virtual Internship"", ""openings"": ""1"", ""apply_by"": ""08-Mar-2026""}"
6 MONTHS INTERNSHIP IN GENERATIVE AI,SURE Trust,"Pan India,",6 Months,Unpaid,['Generative AI'],05-Mar-2026,Immediately,Internship,AICTE,https://internship.aicte-india.org/internship-details.php?uid=SU5URVJOU0hJUF8xNzcyNzA2ODA0NjlhOTViZjRhOGY1OA==,2026-03-06T16:36:42.138011+00:00,,"{""work_type"": ""Virtual Internship"", ""openings"": ""10"", ""apply_by"": ""05-Sep-2026""}"
PROJECT BASED LEARNING IN BASIC QUANTUM COMPUTING,Next Afield,"Pan India,",3 Months,Unpaid,[],05-Mar-2026,Immediately,Internship,AICTE,https://internship.aicte-india.org/internship-details.php?uid=SU5URVJOU0hJUF8xNzcyNzAzNjAzNjlhOTRmNzMxYWRmYw==,2026-03-06T16:36:42.224455+00:00,,"{""work_type"": ""Virtual Internship"", ""openings"": ""10"", ""apply_by"": ""04-Sep-2026""}"
"CYBER SECURITY & ETHICAL HACKING, EMBEDDED SYSTEMS & INTERNET OF THINGS ( IOT ), VLSI DESIGNING, JAVA VIRTUAL INTERNSHIP",MAINCRAFTS COM,"Pan India,",3 Months,Unpaid,"['Java', 'Cybersecurity', 'Networking', 'VLSI']",05-Mar-2026,Immediately,Internship,AICTE,https://internship.aicte-india.org/internship-details.php?uid=SU5URVJOU0hJUF8xNzcyNzAzODE5NjlhOTUwNGI4OWZlMw==,2026-03-06T16:36:43.364887+00:00,,"{""work_type"": ""Virtual Internship"", ""openings"": ""7"", ""apply_by"": ""08-Mar-2026""}"
MERN STACK DEVELOPER INTERN,Next Afield,"Pan India,",3 Months,Unpaid,"['MongoDB', 'Express', 'React', 'Node.js']",05-Mar-2026,Immediately,Internship,AICTE,https://internship.aicte-india.org/internship-details.php?uid=SU5URVJOU0hJUF8xNzcyNzAyNDk5NjlhOTRiMjM1MzAxNg==,2026-03-06T16:36:43.434029+00:00,,"{""work_type"": ""Virtual Internship"", ""openings"": ""10"", ""apply_by"": ""04-Sep-2026""}"
PYTHON FULL STACK DEVELOPER INTERN,Next Afield,"Pan India,",3 Months,Unpaid,"['Python', 'JavaScript', 'React', 'APIs']",05-Mar-2026,Immediately,Internship,AICTE,https://internship.aicte-india.org/internship-details.php?uid=SU5URVJOU0hJUF8xNzcyNzAwODkyNjlhOTQ0ZGM4YjgzZg==,2026-03-06T16:36:43.504539+00:00,,"{""work_type"": ""Virtual Internship"", ""openings"": ""10"", ""apply_by"": ""04-Sep-2026""}"
FULL STACK WEB DEVELOPMENT & AI RESEARCH INTERN,StudyEcart Technologies Pvt Ltd,"Pan India,",2 Months,Unpaid,"['Python', 'Machine Learning', 'JavaScript', 'React']",05-Mar-2026,Immediately,Internship,AICTE,https://internship.aicte-india.org/internship-details.php?uid=SU5URVJOU0hJUF8xNzcyNzAwMDc3NjlhOTQxYWQzNDcxNQ==,2026-03-06T16:36:43.643592+00:00,,"{""work_type"": ""Virtual Internship"", ""openings"": ""10"", ""apply_by"": ""20-Mar-2026""}"
PYTHON - AI - ML - DATA SCIENCE - JAVA - WEBSITE DEVELOPMENT INTERNSHIP,ROBOKWIK.COM,"Pan India,",2 Months,Unpaid,"['Python', 'Machine Learning', 'EDA', 'Java']",05-Mar-2026,Immediately,Internship,AICTE,https://internship.aicte-india.org/internship-details.php?uid=SU5URVJOU0hJUF8xNzcyNzAwODkwNjlhOTQ0ZGE5MzQ3Mw==,2026-03-06T16:36:43.713598+00:00,,"{""work_type"": ""Virtual Internship"", ""openings"": ""1"", ""apply_by"": ""08-Mar-2026""}"
"* VLSI, IOT, AND EMBEDDED SYSTEMS INTERNSHIP GEN - AI",Soft Nexis Technology,"Pan India,",2 Months,Unpaid,"['VLSI', 'Embedded Systems', 'C', 'IoT']",05-Mar-2026,Immediately,Internship,AICTE,https://internship.aicte-india.org/internship-details.php?uid=SU5URVJOU0hJUF8xNzcyNjk5ODY3NjlhOTQwZGJkNTYxNA==,2026-03-06T16:36:43.789823+00:00,,"{""work_type"": ""Virtual Internship"", ""openings"": ""3"", ""apply_by"": ""08-Mar-2026""}"
JAVA FULL STACK DEVELOPER INTERN,Next Afield,"Pan India,",3 Months,Unpaid,"['Java', 'JavaScript', 'React', 'APIs']",05-Mar-2026,Immediately,Internship,AICTE,https://internship.aicte-india.org/internship-details.php?uid=SU5URVJOU0hJUF8xNzcyNjk4MDMxNjlhOTM5YWY2OTZlMg==,2026-03-06T16:36:43.868966+00:00,,"{""work_type"": ""Virtual Internship"", ""openings"": ""10"", ""apply_by"": ""04-Sep-2026""}"
"UI/UX DESIGN, WEB DESIGNING, JAVA / PYTHON FULL STACK DEVELOPEENT, MERN STACK DEVELOPER",MAINCRAFTS COM,"Pan India,",3 Months,Unpaid,"['Python', 'Java', 'MongoDB', 'Express']",05-Mar-2026,Immediately,Internship,AICTE,https://internship.aicte-india.org/internship-details.php?uid=SU5URVJOU0hJUF8xNzcyNjk0OTMzNjlhOTJkOTU1ZGQ5Zg==,2026-03-06T16:36:43.942811+00:00,,"{""work_type"": ""Virtual Internship"", ""openings"": ""7"", ""apply_by"": ""08-Mar-2026""}"
"FULL STACK DEVELOPMENT, WEB DEVELOPMENT AND MERN STACK",Soft Nexis Technology,"Pan India,",2 Months,Unpaid,"['MongoDB', 'Express', 'React', 'Node.js']",05-Mar-2026,Immediately,Internship,AICTE,https://internship.aicte-india.org/internship-details.php?uid=SU5URVJOU0hJUF8xNzcyNjkyNDk4NjlhOTI0MTI1YjQ2Zg==,2026-03-06T16:36:44.013269+00:00,,"{""work_type"": ""Virtual Internship"", ""openings"": ""3"", ""apply_by"": ""08-Mar-2026""}"
PYTHON - AI - ML - DATA SCIENCE - JAVA - WEBSITE DEVELOPMENT INTERNSHIP,ROBOKWIK.COM,"Pan India,",2 Months,Unpaid,"['Python', 'Machine Learning', 'EDA', 'Java']",05-Mar-2026,Immediately,Internship,AICTE,https://internship.aicte-india.org/internship-details.php?uid=SU5URVJOU0hJUF8xNzcyNjg5MjI3NjlhOTE3NGJhMDczYw==,2026-03-06T16:36:44.085997+00:00,,"{""work_type"": ""Virtual Internship"", ""openings"": ""1"", ""apply_by"": ""08-Mar-2026""}"
PLACEMENT COORDINATOR INTERN,INDIAN INSTITUTE OF EMBEDDED SYSTEMS,"Bangalore,",6 Months,12500 /month,[],05-Mar-2026,Immediately,Internship,AICTE,https://internship.aicte-india.org/internship-details.php?uid=SU5URVJOU0hJUF8xNzcyNjg4NTA0NjlhOTE0NzgwYTk4MA==,2026-03-06T16:36:45.215538+00:00,,"{""work_type"": ""Full Time"", ""openings"": ""3"", ""apply_by"": ""31-Mar-2026""}"
* ARTIFICIAL INTELLIGENCE & MACHINE LEARNING,Soft Nexis Technology,"Pan India,",2 Months,Unpaid,"['Python', 'Machine Learning']",05-Mar-2026,Immediately,Internship,AICTE,https://internship.aicte-india.org/internship-details.php?uid=SU5URVJOU0hJUF8xNzcyNjg4MDI4NjlhOTEyOWM0YzIyOA==,2026-03-06T16:36:45.290614+00:00,,"{""work_type"": ""Virtual Internship"", ""openings"": ""2"", ""apply_by"": ""08-Mar-2026""}"
FULL STACK DEVELOPER INTERN,HAPTAGS LLP,"Pan India,",3 Months,Unpaid,"['JavaScript', 'React', 'APIs']",05-Mar-2026,Immediately,Internship,AICTE,https://internship.aicte-india.org/internship-details.php?uid=SU5URVJOU0hJUF8xNzcyNjg3NDIyNjlhOTEwM2VmMmUyMQ==,2026-03-06T16:36:45.369802+00:00,,"{""work_type"": ""Virtual Internship"", ""openings"": ""5"", ""apply_by"": ""15-Apr-2026""}"
PYTHON - AI - ML - DATA SCIENCE - JAVA - WEBSITE DEVELOPMENT INTERNSHIP,ROBOKWIK.COM,"Pan India,",2 Months,Unpaid,"['Python', 'Machine Learning', 'EDA', 'Java']",05-Mar-2026,Immediately,Internship,AICTE,https://internship.aicte-india.org/internship-details.php?uid=SU5URVJOU0hJUF8xNzcyNjg3NjExNjlhOTEwZmI1Y2FhZg==,2026-03-06T16:36:45.442503+00:00,,"{""work_type"": ""Virtual Internship"", ""openings"": ""1"", ""apply_by"": ""08-Mar-2026""}"
JAVA FULL STACK DEVELOPER INTERN,Next Afield,"Pan India,",3 Months,Unpaid,"['Java', 'JavaScript', 'React', 'APIs']",05-Mar-2026,Immediately,Internship,AICTE,https://internship.aicte-india.org/internship-details.php?uid=SU5URVJOU0hJUF8xNzcyNjg0MTY3NjlhOTAzODdhZDVmYg==,2026-03-06T16:36:45.513691+00:00,,"{""work_type"": ""Virtual Internship"", ""openings"": ""10"", ""apply_by"": ""04-Sep-2026""}"
SOFTWARE DEVELOPMENT AND DEVOPS INTERN,Next Afield,"Pan India,",3 Months,Unpaid,"['Docker', 'CI/CD']",05-Mar-2026,Immediately,Internship,AICTE,https://internship.aicte-india.org/internship-details.php?uid=SU5URVJOU0hJUF8xNzcyNjgyNDg5NjlhOGZjZjkxYmI2OA==,2026-03-06T16:36:45.585589+00:00,,"{""work_type"": ""Virtual Internship"", ""openings"": ""10"", ""apply_by"": ""04-Sep-2026""}"
DATA ANALYTICS & BUSINESS INTELLIGENCE (EXCEL + SQL + POWER BI / TABLEAU),MAINCRAFTS COM,"Pan India,",3 Months,Unpaid,"['SQL', 'Excel', 'Data Visualization', 'Power BI']",05-Mar-2026,Immediately,Internship,AICTE,https://internship.aicte-india.org/internship-details.php?uid=SU5URVJOU0hJUF8xNzcyNjgyMDQwNjlhOGZiMzhiYjNiYg==,2026-03-06T16:36:45.657100+00:00,,"{""work_type"": ""Virtual Internship"", ""openings"": ""7"", ""apply_by"": ""08-Mar-2026""}"
SOFTWARE DEVELOPMENT AND DEVOPS INTERN,Next Afield,"Pan India,",3 Months,Unpaid,"['Docker', 'CI/CD']",05-Mar-2026,Immediately,Internship,AICTE,https://internship.aicte-india.org/internship-details.php?uid=SU5URVJOU0hJUF8xNzcyNjgwMzYzNjlhOGY0YWJiOTY3OQ==,2026-03-06T16:36:45.728764+00:00,,"{""work_type"": ""Full Time"", ""openings"": ""10"", ""apply_by"": ""04-Sep-2026""}"
INTERNET OF THINGS (IOT) AND SMART SYSTEMS INTERN,Next Afield,"Pan India,",3 Months,Unpaid,"['IoT', 'Embedded Systems']",05-Mar-2026,Immediately,Internship,AICTE,https://internship.aicte-india.org/internship-details.php?uid=SU5URVJOU0hJUF8xNzcyNjc5NDQxNjlhOGYxMTEwY2NjMQ==,2026-03-06T16:36:45.800756+00:00,,"{""work_type"": ""Virtual Internship"", ""openings"": ""10"", ""apply_by"": ""04-Sep-2026""}"
CLOUD COMPUTING,Avendia,"Pan India,",4 Months,Unpaid,['Cloud Computing'],05-Mar-2026,Immediately,Internship,AICTE,https://internship.aicte-india.org/internship-details.php?uid=SU5URVJOU0hJUF8xNzcyNjc0NDc3NjlhOGRkYWRiNDdkZg==,2026-03-06T16:36:45.871500+00:00,,"{""work_type"": ""Virtual Internship"", ""openings"": ""10"", ""apply_by"": ""31-Mar-2026""}"
FULL STACK DEVELOPER INTERN,GEN LABS,"Pan India,",3 Months,Unpaid,"['JavaScript', 'React', 'APIs']",05-Mar-2026,Immediately,Internship,AICTE,https://internship.aicte-india.org/internship-details.php?uid=SU5URVJOU0hJUF8xNzcyNjY0MzQwNjlhOGI2MTQ3MzlhNw==,2026-03-06T16:36:47.020425+00:00,,"{""work_type"": ""Virtual Internship"", ""openings"": ""1"", ""apply_by"": ""08-Mar-2026""}"
PYTHON - AI - ML - DATA SCIENCE - JAVA - WEBSITE DEVELOPMENT INTERNSHIP,ROBOKWIK.COM,"Pan India,",2 Months,Unpaid,"['Python', 'Machine Learning', 'EDA', 'Java']",05-Mar-2026,Immediately,Internship,AICTE,https://internship.aicte-india.org/internship-details.php?uid=SU5URVJOU0hJUF8xNzcyNjY0MDczNjlhOGI1MDlmMmMxOQ==,2026-03-06T16:36:47.090133+00:00,,"{""work_type"": ""Virtual Internship"", ""openings"": ""1"", ""apply_by"": ""07-Mar-2026""}"
DIGITAL MARKETING INTERN,UPTOSKILLS,"Pan India,",3 Months,Unpaid,"['Digital Marketing', 'SEO']",05-Mar-2026,Immediately,Internship,AICTE,https://internship.aicte-india.org/internship-details.php?uid=SU5URVJOU0hJUF8xNzcyNjUwMzMxNjlhODdmNWIzZGJjYg==,2026-03-06T16:36:47.162335+00:00,,"{""work_type"": ""Virtual Internship"", ""openings"": ""10"", ""apply_by"": ""14-Mar-2026""}"
CYBERSECURITY INTERN,UPTOSKILLS,"Pan India,",3 Months,Unpaid,['Cybersecurity'],04-Mar-2026,Immediately,Internship,AICTE,https://internship.aicte-india.org/internship-details.php?uid=SU5URVJOU0hJUF8xNzcyNjQ4NzQ4NjlhODc5MmNiZDIzYw==,2026-03-06T16:36:47.231169+00:00,,"{""work_type"": ""Virtual Internship"", ""openings"": ""10"", ""apply_by"": ""14-Mar-2026""}"
MARKETING INTERN,BluePlanet Infosolutions India Pvt Ltd,"Pan India,",6 Months,Unpaid,"['Digital Marketing', 'SEO']",04-Mar-2026,Immediately,Internship,AICTE,https://internship.aicte-india.org/internship-details.php?uid=SU5URVJOU0hJUF8xNzcyNjQ3NjYzNjlhODc0ZWY3NWYyYg==,2026-03-06T16:36:47.301444+00:00,,"{""work_type"": ""Virtual Internship"", ""openings"": ""10"", ""apply_by"": ""31-Mar-2026""}"
EVENT MANAGEMENT INTERN,UPTOSKILLS,"Pan India,",3 Months,Unpaid,[],04-Mar-2026,Immediately,Internship,AICTE,https://internship.aicte-india.org/internship-details.php?uid=SU5URVJOU0hJUF8xNzcyNjQ3MjQ0NjlhODczNGM1ZmFlYg==,2026-03-06T16:36:47.372903+00:00,,"{""work_type"": ""Virtual Internship"", ""openings"": ""10"", ""apply_by"": ""14-Mar-2026""}"
TECHNICAL CONTENT WRITER,BluePlanet Infosolutions India Pvt Ltd,"Pan India,",6 Months,Unpaid,['Content Writing'],04-Mar-2026,Immediately,Internship,AICTE,https://internship.aicte-india.org/internship-details.php?uid=SU5URVJOU0hJUF8xNzcyNjQ0MzY0NjlhODY4MGNhNDQ3Zg==,2026-03-06T16:36:47.450878+00:00,,"{""work_type"": ""Virtual Internship"", ""openings"": ""10"", ""apply_by"": ""04-Apr-2026""}"
APP DEVELOPMENT INTERN,UPTOSKILLS,"Pan India,",3 Months,Unpaid,['Mobile Development'],04-Mar-2026,Immediately,Internship,AICTE,https://internship.aicte-india.org/internship-details.php?uid=SU5URVJOU0hJUF8xNzcyNjQzNTczNjlhODY0ZjVjOTZlOA==,2026-03-06T16:36:47.533670+00:00,,"{""work_type"": ""Virtual Internship"", ""openings"": ""10"", ""apply_by"": ""14-Mar-2026""}"
PYTHON - AI - ML - DATA SCIENCE - JAVA - WEBSITE DEVELOPMENT INTERNSHIP,ROBOKWIK.COM,"Pan India,",2 Months,Unpaid,"['Python', 'Machine Learning', 'EDA', 'Java']",04-Mar-2026,Immediately,Internship,AICTE,https://internship.aicte-india.org/internship-details.php?uid=SU5URVJOU0hJUF8xNzcyNjQwNjUzNjlhODU5OGRjNmY0Mg==,2026-03-06T16:36:47.619266+00:00,,"{""work_type"": ""Virtual Internship"", ""openings"": ""1"", ""apply_by"": ""08-Mar-2026""}"
VIRTUAL,BluePlanet Infosolutions India Pvt Ltd,"Pan India,",6 Months,Unpaid,[],04-Mar-2026,Immediately,Internship,AICTE,https://internship.aicte-india.org/internship-details.php?uid=SU5URVJOU0hJUF8xNzcyNjM4OTM3NjlhODUyZDkxMjUxOQ==,2026-03-06T16:36:47.703372+00:00,,"{""work_type"": ""Full Time"", ""openings"": ""10"", ""apply_by"": ""04-Apr-2026""}"
CYBERSECURITY AND ETHICAL HACKING INTERN,Next Afield,"Pan India,",3 Months,Unpaid,"['Cybersecurity', 'Networking']",04-Mar-2026,Immediately,Internship,AICTE,https://internship.aicte-india.org/internship-details.php?uid=SU5URVJOU0hJUF8xNzcyNjM4NzE3NjlhODUxZmQ1Mjc5Ng==,2026-03-06T16:36:48.862585+00:00,,"{""work_type"": ""Virtual Internship"", ""openings"": ""10"", ""apply_by"": ""04-Sep-2026""}"
DEVOPS INTERN,BluePlanet Infosolutions India Pvt Ltd,"Pan India,",6 Months,Unpaid,"['Docker', 'CI/CD']",04-Mar-2026,Immediately,Internship,AICTE,https://internship.aicte-india.org/internship-details.php?uid=SU5URVJOU0hJUF8xNzcyNjM3NDA0NjlhODRjZGMwZDE0ZQ==,2026-03-06T16:36:48.932163+00:00,,"{""work_type"": ""Virtual Internship"", ""openings"": ""10"", ""apply_by"": ""31-Mar-2026""}"
CYBERSECURITY AND ETHICAL HACKING INTERN,Next Afield,"Pan India,",3 Months,Unpaid,"['Cybersecurity', 'Networking']",04-Mar-2026,Immediately,Internship,AICTE,https://internship.aicte-india.org/internship-details.php?uid=SU5URVJOU0hJUF8xNzcyNjM2OTMyNjlhODRiMDRiZDg1NQ==,2026-03-06T16:36:49.000467+00:00,,"{""work_type"": ""Virtual Internship"", ""openings"": ""10"", ""apply_by"": ""04-Sep-2026""}"
CORPORATE DEVELOPMENT ASSOCIATE TRAINEE,Harvinn Technologies,"Hyderabad,",6 Months,"17,000 /month",[],04-Mar-2026,Immediately,Internship,AICTE,https://internship.aicte-india.org/internship-details.php?uid=SU5URVJOU0hJUF8xNzcyNjM1MjIzNjlhODQ0NTdiMGYxOA==,2026-03-06T16:36:49.070033+00:00,,"{""work_type"": ""Full Time"", ""openings"": ""30"", ""apply_by"": ""09-Mar-2026""}"
CLOUD COMPUTING AND DEVOPS INTERN,Next Afield,"Pan India,",3 Months,Unpaid,"['Cloud Computing', 'Docker', 'CI/CD']",04-Mar-2026,Immediately,Internship,AICTE,https://internship.aicte-india.org/internship-details.php?uid=SU5URVJOU0hJUF8xNzcyNjM0ODMyNjlhODQyZDA5MDUwZA==,2026-03-06T16:36:49.139340+00:00,,"{""work_type"": ""Virtual Internship"", ""openings"": ""10"", ""apply_by"": ""04-Sep-2026""}"
HIRING FOR ALL DOMAINS,BluePlanet Infosolutions India Pvt Ltd,"Pan India,",6 Months,Unpaid,[],04-Mar-2026,Immediately,Internship,AICTE,https://internship.aicte-india.org/internship-details.php?uid=SU5URVJOU0hJUF8xNzcyNjMyNDY0NjlhODM5OTA0YmRkYg==,2026-03-06T16:36:49.210024+00:00,,"{""work_type"": ""Virtual Internship"", ""openings"": ""10"", ""apply_by"": ""04-Apr-2026""}"
RESEARCH ANALYST,DIGITAL ABHIYAN,"Bangalore,",6 Weeks,Unpaid,[],04-Mar-2026,Immediately,Internship,AICTE,https://internship.aicte-india.org/internship-details.php?uid=SU5URVJOU0hJUF8xNzcyNjMxMDc4NjlhODM0MjZkNDRlZQ==,2026-03-06T16:36:49.279753+00:00,,"{""work_type"": ""Full Time"", ""openings"": ""10"", ""apply_by"": ""31-Mar-2026""}"
INTERNSHIP MANAGEMENT,DIGITAL ABHIYAN,"Pan India,",6 Weeks,Unpaid,[],04-Mar-2026,Immediately,Internship,AICTE,https://internship.aicte-india.org/internship-details.php?uid=SU5URVJOU0hJUF8xNzcyNjI5MzA0NjlhODJkMzg3NmNjNQ==,2026-03-06T16:36:49.349214+00:00,,"{""work_type"": ""Full Time"", ""openings"": ""10"", ""apply_by"": ""31-Mar-2026""}"
DATA SCIENCE AND BIG DATA INTERN,Next Afield,"Pan India,",3 Months,Unpaid,"['Python', 'EDA', 'Machine Learning']",04-Mar-2026,Immediately,Internship,AICTE,https://internship.aicte-india.org/internship-details.php?uid=SU5URVJOU0hJUF8xNzcyNjI4NjQyNjlhODJhYTJjNzRjOQ==,2026-03-06T16:36:49.418401+00:00,,"{""work_type"": ""Virtual Internship"", ""openings"": ""10"", ""apply_by"": ""04-Sep-2026""}"
COMMUNICATION & MEDIA INTERN,DIGITAL ABHIYAN,"Bangalore,",6 Weeks,Unpaid,[],04-Mar-2026,Immediately,Internship,AICTE,https://internship.aicte-india.org/internship-details.php?uid=SU5URVJOU0hJUF8xNzcyNjI4NTMzNjlhODJhMzUyNzc0MA==,2026-03-06T16:36:49.487216+00:00,,"{""work_type"": ""Full Time"", ""openings"": ""10"", ""apply_by"": ""31-Mar-2026""}"
PHP 4 HOUR BOOT-CAMP,FINE WEB TECHNOLOGY,"Pan India,",6 Weeks,Unpaid,[],04-Mar-2026,Immediately,Internship,AICTE,https://internship.aicte-india.org/internship-details.php?uid=SU5URVJOU0hJUF8xNzcyNjI3ODIwNjlhODI3NmNlMmExOA==,2026-03-06T16:36:50.627231+00:00,,"{""work_type"": ""Part Time"", ""openings"": ""10"", ""apply_by"": ""10-Mar-2026""}"
ARTIFICIAL INTELLIGENCE AND MACHINE LEARNING INTERN,Next Afield,"Pan India,",3 Months,Unpaid,"['Python', 'Machine Learning']",04-Mar-2026,Immediately,Internship,AICTE,https://internship.aicte-india.org/internship-details.php?uid=SU5URVJOU0hJUF8xNzcyNjI3MDU4NjlhODI0NzJiM2Q2Ng==,2026-03-06T16:36:50.709124+00:00,,"{""work_type"": ""Virtual Internship"", ""openings"": ""10"", ""apply_by"": ""04-Sep-2026""}"
WEB DEVELOPER (INTERN),CAREER SIMPLIFY MULTI UTILITY PRIVATE LIMITED,"Pan India,",6 Weeks,Unpaid,[],04-Mar-2026,Immediately,Internship,AICTE,https://internship.aicte-india.org/internship-details.php?uid=SU5URVJOU0hJUF8xNzcyNjI1Mzg2NjlhODFkZWFhNGY3Nw==,2026-03-06T16:36:50.789209+00:00,,"{""work_type"": ""Virtual Internship"", ""openings"": ""10"", ""apply_by"": ""20-Mar-2026""}"
PYTHON - AI - ML - DATA SCIENCE - JAVA - WEBSITE DEVELOPMENT INTERNSHIP,ROBOKWIK.COM,"Pan India,",2 Months,Unpaid,"['Python', 'Machine Learning', 'EDA', 'Java']",04-Mar-2026,Immediately,Internship,AICTE,https://internship.aicte-india.org/internship-details.php?uid=SU5URVJOU0hJUF8xNzcyNjIxMzAyNjlhODBkZjY1Mzg0Nw==,2026-03-06T16:36:50.860989+00:00,,"{""work_type"": ""Virtual Internship"", ""openings"": ""1"", ""apply_by"": ""08-Mar-2026""}"
CAMPUS SALES AND BRANDING INTERN BUSINESS DEVELOPMENT EXECUTIVE,Xyzon Innovations Private Limited,"Pan India,",3 Months,Unpaid,"['Sales', 'Communication']",04-Mar-2026,Immediately,Internship,AICTE,https://internship.aicte-india.org/internship-details.php?uid=SU5URVJOU0hJUF8xNzcyNjIwNTg5NjlhODBiMmRhY2JkZQ==,2026-03-06T16:36:50.933324+00:00,,"{""work_type"": ""Virtual Internship"", ""openings"": ""10"", ""apply_by"": ""31-Mar-2026""}"
BUSINESS DEVELOPMENT INTERN,Wayeva Innovations Private Limited,"Bangalore,",3 Months,15000 /month,"['Communication', 'Sales']",04-Mar-2026,Immediately,Internship,AICTE,https://internship.aicte-india.org/internship-details.php?uid=SU5URVJOU0hJUF8xNzcyNjE5OTc5NjlhODA4Y2JiODdjOQ==,2026-03-06T16:36:51.000486+00:00,,"{""work_type"": ""Full Time"", ""openings"": ""1500"", ""apply_by"": ""18-Mar-2026""}"
HUMAN RESOURCE PLANNER,DIGITAL ABHIYAN,"Bangalore,",6 Weeks,Unpaid,['Recruitment'],04-Mar-2026,Immediately,Internship,AICTE,https://internship.aicte-india.org/internship-details.php?uid=SU5URVJOU0hJUF8xNzcyNjE5NDg0NjlhODA2ZGMwYmY3Yg==,2026-03-06T16:36:51.069128+00:00,,"{""work_type"": ""Full Time"", ""openings"": ""10"", ""apply_by"": ""31-Mar-2026""}"
WEB DEVELOPER (INTERN),Wayeva Innovations Private Limited,"Pan India,",3 Months,Unpaid,[],04-Mar-2026,Immediately,Internship,AICTE,https://internship.aicte-india.org/internship-details.php?uid=SU5URVJOU0hJUF8xNzcyNjE4MTk1NjlhODAxZDM0ZGJjOA==,2026-03-06T16:36:51.137415+00:00,,"{""work_type"": ""Virtual Internship"", ""openings"": ""10"", ""apply_by"": ""13-May-2026""}"
PYTHON - AI - ML - DATA SCIENCE - JAVA - WEBSITE DEVELOPMENT INTERNSHIP,ROBOKWIK.COM,"Pan India,",2 Months,Unpaid,"['Python', 'Machine Learning', 'EDA', 'Java']",04-Mar-2026,Immediately,Internship,AICTE,https://internship.aicte-india.org/internship-details.php?uid=SU5URVJOU0hJUF8xNzcyNjE4NjA2NjlhODAzNmUwZDhhZA==,2026-03-06T16:36:51.204043+00:00,,"{""work_type"": ""Virtual Internship"", ""openings"": ""1"", ""apply_by"": ""08-Mar-2026""}"
ARTIFICIAL INTELLIGENCE INTERN,Wayeva Innovations Private Limited,"Pan India,",3 Months,Unpaid,"['Python', 'Machine Learning']",04-Mar-2026,Immediately,Internship,AICTE,https://internship.aicte-india.org/internship-details.php?uid=SU5URVJOU0hJUF8xNzcyNjE2MzM2NjlhN2ZhOTA2MzMyMA==,2026-03-06T16:36:51.273891+00:00,,"{""work_type"": ""Virtual Internship"", ""openings"": ""10"", ""apply_by"": ""01-Sep-2026""}"
INTERNSHIP IN INFORMATION TECHNOLOGY,DIGITAL ABHIYAN,"Bangalore,",6 Weeks,Unpaid,[],04-Mar-2026,Immediately,Internship,AICTE,https://internship.aicte-india.org/internship-details.php?uid=SU5URVJOU0hJUF8xNzcyNjE3Mzc4NjlhN2ZlYTJjODFhMA==,2026-03-06T16:36:52.421433+00:00,,"{""work_type"": ""Full Time"", ""openings"": ""10"", ""apply_by"": ""31-Mar-2026""}"
SEARCH ENGINE OPTIMIZATION (SEO),INDIAN INSTITUTE OF EMBEDDED SYSTEMS,"Bangalore,",6 Months,5000 /month,[],04-Mar-2026,Immediately,Internship,AICTE,https://internship.aicte-india.org/internship-details.php?uid=SU5URVJOU0hJUF8xNzcyNjE0NTg1NjlhN2YzYjkyZGQ3Yw==,2026-03-06T16:36:52.490006+00:00,,"{""work_type"": ""Full Time"", ""openings"": ""2"", ""apply_by"": ""31-Mar-2026""}"
INTERN FOR SELF EMPLOYMENT PROGRAM,DIGITAL ABHIYAN,"Bangalore,",6 Weeks,Unpaid,[],04-Mar-2026,Immediately,Internship,AICTE,https://internship.aicte-india.org/internship-details.php?uid=SU5URVJOU0hJUF8xNzcyNjE0MzQ4NjlhN2YyY2M5MDAxMg==,2026-03-06T16:36:52.559857+00:00,,"{""work_type"": ""Full Time"", ""openings"": ""10"", ""apply_by"": ""31-Mar-2026""}"
NATIONAL NEXTGEN DIGITAL INNOVATION AND SMART TECHNOLOGY DEPLOYMENT INTERNSHIP PROGRAM,TAD Training & Consultancy Services,"Pan India,",3 Months,Unpaid,[],04-Mar-2026,Immediately,Internship,AICTE,https://internship.aicte-india.org/internship-details.php?uid=SU5URVJOU0hJUF8xNzcyNjEyNjE0NjlhN2VjMDZjM2Y4Mg==,2026-03-06T16:36:52.631013+00:00,,"{""work_type"": ""Virtual Internship"", ""openings"": ""10"", ""apply_by"": ""30-Apr-2026""}"
BUSINESS DEVELOPMENT ASSOCIATE,Harvinn Technologies,"Hyderabad,",6 Months,"17,000 /month","['Communication', 'Sales']",04-Mar-2026,Immediately,Internship,AICTE,https://internship.aicte-india.org/internship-details.php?uid=SU5URVJOU0hJUF8xNzcyNjExMzM0NjlhN2U3MDY2ZGM3Zg==,2026-03-06T16:36:52.699490+00:00,,"{""work_type"": ""Full Time"", ""openings"": ""30"", ""apply_by"": ""09-Mar-2026""}"
SERVICENOW UNIVERSITY VIRTUAL INTERNSHIP PROGRAM – FY26 BATCH 2,ServiceNow,"Pan India,",8 Weeks,Unpaid,[],04-Mar-2026,Immediately,Internship,AICTE,https://internship.aicte-india.org/internship-details.php?uid=SU5URVJOU0hJUF8xNzcyNjA5OTI4NjlhN2UxODg5YWNhZg==,2026-03-06T16:36:52.770507+00:00,,"{""work_type"": ""Virtual Internship"", ""openings"": ""15000"", ""apply_by"": ""15-Mar-2026""}"
BUSINESS DEVELOPMENT INTERN,RADEONTECH,"Eluru,",8 Weeks,Unpaid,"['Communication', 'Sales']",04-Mar-2026,Immediately,Internship,AICTE,https://internship.aicte-india.org/internship-details.php?uid=SU5URVJOU0hJUF8xNzcyNjA5MDEyNjlhN2RkZjQ2YWVkMw==,2026-03-06T16:36:52.838701+00:00,,"{""work_type"": ""Full Time"", ""openings"": ""10"", ""apply_by"": ""25-Mar-2026""}"
TRANSPORT AND URBAN MOBILITY EXPERT,DIGITAL ABHIYAN,"Bangalore,",6 Weeks,Unpaid,[],04-Mar-2026,Immediately,Internship,AICTE,https://internship.aicte-india.org/internship-details.php?uid=SU5URVJOU0hJUF8xNzcyNjA5OTQ1NjlhN2UxOTk2YmUxNA==,2026-03-06T16:36:52.907326+00:00,,"{""work_type"": ""Full Time"", ""openings"": ""10"", ""apply_by"": ""31-Mar-2026""}"
CORPORATE DEVELOPMENT ASSOCIATE TRAINEE,Harvinn Technologies,"Hyderabad,",6 Months,"17,000 /month",[],04-Mar-2026,Immediately,Internship,AICTE,https://internship.aicte-india.org/internship-details.php?uid=SU5URVJOU0hJUF8xNzcyNjA3MjUwNjlhN2Q3MTI1MjgyMw==,2026-03-06T16:36:52.977585+00:00,,"{""work_type"": ""Full Time"", ""openings"": ""30"", ""apply_by"": ""09-Mar-2026""}"
HUMAN RESOURCE INTERN,DIGITAL ABHIYAN,"Pan India,",6 Weeks,Unpaid,['Recruitment'],04-Mar-2026,Immediately,Internship,AICTE,https://internship.aicte-india.org/internship-details.php?uid=SU5URVJOU0hJUF8xNzcyNjA0NTcyNjlhN2NjOWMxMzE2Yg==,2026-03-06T16:36:53.044303+00:00,,"{""work_type"": ""Full Time"", ""openings"": ""10"", ""apply_by"": ""31-Mar-2026""}"
AI CONTENT CREATOR INTERN,UPTOSKILLS,"Pan India,",3 Months,Unpaid,"['Python', 'Machine Learning', 'Content Writing']",03-Mar-2026,Immediately,Internship,AICTE,https://internship.aicte-india.org/internship-details.php?uid=SU5URVJOU0hJUF8xNzcyNTU5MzY4NjlhNzFjMDhlOWJjZA==,2026-03-06T16:36:54.187988+00:00,,"{""work_type"": ""Virtual Internship"", ""openings"": ""10"", ""apply_by"": ""13-Mar-2026""}"
"STRATEGY, CONSULTING AND RESEARCH REPORTS INTERN",UPTOSKILLS,"Pan India,",3 Months,Unpaid,[],03-Mar-2026,Immediately,Internship,AICTE,https://internship.aicte-india.org/internship-details.php?uid=SU5URVJOU0hJUF8xNzcyNTU3NTc2NjlhNzE1MDgxNmU2NA==,2026-03-06T16:36:54.257176+00:00,,"{""work_type"": ""Virtual Internship"", ""openings"": ""10"", ""apply_by"": ""13-Mar-2026""}"
SOCIAL MEDIA MANAGER,UPTOSKILLS,"Pan India,",3 Months,Unpaid,[],03-Mar-2026,Immediately,Internship,AICTE,https://internship.aicte-india.org/internship-details.php?uid=SU5URVJOU0hJUF8xNzcyNTUzMzc0NjlhNzA0OWU4ZGEyNQ==,2026-03-06T16:36:54.325774+00:00,,"{""work_type"": ""Virtual Internship"", ""openings"": ""10"", ""apply_by"": ""13-Mar-2026""}"
CONTENT WRITER INTERN,UPTOSKILLS,"Pan India,",3 Months,Unpaid,['Content Writing'],03-Mar-2026,Immediately,Internship,AICTE,https://internship.aicte-india.org/internship-details.php?uid=SU5URVJOU0hJUF8xNzcyNTUxNDA4NjlhNmZjZjA2NzRmMA==,2026-03-06T16:36:54.396223+00:00,,"{""work_type"": ""Virtual Internship"", ""openings"": ""10"", ""apply_by"": ""13-Mar-2026""}"
MARKETING INTERN,GG EDTECH LLP,"Pan India,",6 Weeks,Unpaid,"['Digital Marketing', 'SEO']",03-Mar-2026,Immediately,Internship,AICTE,https://internship.aicte-india.org/internship-details.php?uid=SU5URVJOU0hJUF8xNzcyNTQ1MTI1NjlhNmU0NjUyYTkzZA==,2026-03-06T16:36:54.463437+00:00,,"{""work_type"": ""Part Time"", ""openings"": ""10"", ""apply_by"": ""10-Mar-2026""}"
MANAGEMENT INFORMATION SYSTEM,DIGITAL ABHIYAN,"Bangalore,",6 Weeks,Unpaid,[],03-Mar-2026,Immediately,Internship,AICTE,https://internship.aicte-india.org/internship-details.php?uid=SU5URVJOU0hJUF8xNzcyNTQxNzcwNjlhNmQ3NGE0YmVjYg==,2026-03-06T16:36:54.530960+00:00,,"{""work_type"": ""Full Time"", ""openings"": ""10"", ""apply_by"": ""31-Mar-2026""}"
PYTHON - AI - ML - DATA SCIENCE - JAVA - WEBSITE DEVELOPMENT INTERNSHIP,ROBOKWIK.COM,"Pan India,",2 Months,Unpaid,"['Python', 'Machine Learning', 'EDA', 'Java']",03-Mar-2026,Immediately,Internship,AICTE,https://internship.aicte-india.org/internship-details.php?uid=SU5URVJOU0hJUF8xNzcyNTQwNzI4NjlhNmQzMzg5YjA4NQ==,2026-03-06T16:36:54.600062+00:00,,"{""work_type"": ""Virtual Internship"", ""openings"": ""1"", ""apply_by"": ""08-Mar-2026""}"
INTERNET BANKING EXPERT,DIGITAL ABHIYAN,"Bangalore,",6 Weeks,Unpaid,[],03-Mar-2026,Immediately,Internship,AICTE,https://internship.aicte-india.org/internship-details.php?uid=SU5URVJOU0hJUF8xNzcyNTQwMzE0NjlhNmQxOWEyY2E5NQ==,2026-03-06T16:36:54.669417+00:00,,"{""work_type"": ""Full Time"", ""openings"": ""10"", ""apply_by"": ""31-Mar-2026""}"
TEAM LEADER – FULL STACK WEB DEVELOPMENT INTERN (UNPAID),AKVIP TECHNOLOGIES,"Pan India,",6 Months,Unpaid,"['JavaScript', 'React', 'APIs', 'HTML']",03-Mar-2026,Immediately,Internship,AICTE,https://internship.aicte-india.org/internship-details.php?uid=SU5URVJOU0hJUF8xNzcyNTM5NjExNjlhNmNlZGJjMGQ5Zg==,2026-03-06T16:36:54.738680+00:00,,"{""work_type"": ""Virtual Internship"", ""openings"": ""8"", ""apply_by"": ""06-Mar-2026""}"
EVENT MANAGEMENT INTERN,DIGITAL ABHIYAN,"Bangalore,",6 Weeks,Unpaid,[],03-Mar-2026,Immediately,Internship,AICTE,https://internship.aicte-india.org/internship-details.php?uid=SU5URVJOU0hJUF8xNzcyNTM3ODM3NjlhNmM3ZWQ4YmFlNQ==,2026-03-06T16:36:54.806787+00:00,,"{""work_type"": ""Full Time"", ""openings"": ""3"", ""apply_by"": ""31-Mar-2026""}"
PYTHON - AI - ML - DATA SCIENCE - JAVA - WEBSITE DEVELOPMENT INTERNSHIP,ROBOKWIK.COM,"Pan India,",2 Months,Unpaid,"['Python', 'Machine Learning', 'EDA', 'Java']",03-Mar-2026,Immediately,Internship,AICTE,https://internship.aicte-india.org/internship-details.php?uid=SU5URVJOU0hJUF8xNzcyNTM3ODY3NjlhNmM4MGI4ZjE4Mw==,2026-03-06T16:36:55.949504+00:00,,"{""work_type"": ""Virtual Internship"", ""openings"": ""1"", ""apply_by"": ""08-Mar-2026""}"
TELECOMMUNICATION SPECIALIST,DIGITAL ABHIYAN,"Bangalore,",6 Weeks,Unpaid,[],03-Mar-2026,Immediately,Internship,AICTE,https://internship.aicte-india.org/internship-details.php?uid=SU5URVJOU0hJUF8xNzcyNTM3MDA3NjlhNmM0YWZiZWJhMg==,2026-03-06T16:36:56.018161+00:00,,"{""work_type"": ""Full Time"", ""openings"": ""10"", ""apply_by"": ""31-Mar-2026""}"
FULL STACK DEVELOPER (SOFTWARE ENGINEER),Drittle Tech,"Varanasi,",3 Months,Unpaid,"['JavaScript', 'React', 'APIs']",03-Mar-2026,Immediately,Internship,AICTE,https://internship.aicte-india.org/internship-details.php?uid=SU5URVJOU0hJUF8xNzcyNTM2MzkyNjlhNmMyNDg5YmE1Nw==,2026-03-06T16:36:56.086395+00:00,,"{""work_type"": ""Full Time"", ""openings"": ""4"", ""apply_by"": ""30-Apr-2026""}"
MARKETING EXECUTIVE,DIGITAL ABHIYAN,"Bangalore,",6 Weeks,Unpaid,"['Digital Marketing', 'SEO']",03-Mar-2026,Immediately,Internship,AICTE,https://internship.aicte-india.org/internship-details.php?uid=SU5URVJOU0hJUF8xNzcyNTM1NDI3NjlhNmJlODNhYjgwNA==,2026-03-06T16:36:56.155155+00:00,,"{""work_type"": ""Full Time"", ""openings"": ""10"", ""apply_by"": ""31-Mar-2026""}"
* FULL STACK WEB DEVELOPMENT AND JAVA DEVELOPER INTERNSHIP,Soft Nexis Technology,"Pan India,",2 Months,Unpaid,"['Java', 'JavaScript', 'React', 'APIs']",03-Mar-2026,Immediately,Internship,AICTE,https://internship.aicte-india.org/internship-details.php?uid=SU5URVJOU0hJUF8xNzcyNTM1NTQ3NjlhNmJlZmI1M2E2MA==,2026-03-06T16:36:56.225264+00:00,,"{""work_type"": ""Virtual Internship"", ""openings"": ""2"", ""apply_by"": ""06-Mar-2026""}"
MARKETING INTERN,INDIAN INSTITUTE OF EMBEDDED SYSTEMS,"Bangalore,",6 Months,10000 /month,"['Digital Marketing', 'SEO']",03-Mar-2026,Immediately,Internship,AICTE,https://internship.aicte-india.org/internship-details.php?uid=SU5URVJOU0hJUF8xNzcyNTMzMTkxNjlhNmI1Yzc5YzdjZA==,2026-03-06T16:36:56.294450+00:00,,"{""work_type"": ""Full Time"", ""openings"": ""3"", ""apply_by"": ""31-Mar-2026""}"
FINANCE AND ACCOUNTING TRAINEE,DIGITAL ABHIYAN,"Bangalore,",6 Weeks,Unpaid,"['Financial Analysis', 'Excel', 'Accounting']",03-Mar-2026,Immediately,Internship,AICTE,https://internship.aicte-india.org/internship-details.php?uid=SU5URVJOU0hJUF8xNzcyNTMyNTU0NjlhNmIzNGFkMjRiYQ==,2026-03-06T16:36:56.366827+00:00,,"{""work_type"": ""Full Time"", ""openings"": ""10"", ""apply_by"": ""31-Mar-2026""}"
PYTHON - AI - ML - DATA SCIENCE - JAVA - WEBSITE DEVELOPMENT INTERNSHIP,ROBOKWIK.COM,"Pan India,",2 Months,Unpaid,"['Python', 'Machine Learning', 'EDA', 'Java']",03-Mar-2026,Immediately,Internship,AICTE,https://internship.aicte-india.org/internship-details.php?uid=SU5URVJOU0hJUF8xNzcyNTMwNDA2NjlhNmFhZTYyZDRkZg==,2026-03-06T16:36:56.436354+00:00,,"{""work_type"": ""Virtual Internship"", ""openings"": ""1"", ""apply_by"": ""08-Mar-2026""}"
OFFICE ADMINISTRATION INTERNSHIP,DIGITAL ABHIYAN,"Bangalore,",6 Weeks,Unpaid,[],03-Mar-2026,Immediately,Internship,AICTE,https://internship.aicte-india.org/internship-details.php?uid=SU5URVJOU0hJUF8xNzcyNTI5OTc0NjlhNmE5MzZjZDIxNw==,2026-03-06T16:36:56.505421+00:00,,"{""work_type"": ""Full Time"", ""openings"": ""10"", ""apply_by"": ""31-Mar-2026""}"
"URBAN PLANNING, PROVISION OF URBAN AMENITIES, FACILITIES AND REFORMS",Alappuzha Municipality,"Alappuzha ,",6 Months,10000 /month,[],03-Mar-2026,Immediately,Internship,AICTE,https://internship.aicte-india.org/internship-details.php?uid=SU5URVJOU0hJUEdPVkFNXzE3NzI1MjczNzU2OWE2OWYwZjRjYzIy&level=Mg==,2026-03-06T16:36:56.575100+00:00,,"{""work_type"": ""Full Time"", ""openings"": ""1"", ""apply_by"": ""10-Mar-2026""}"
WATER AND WASTE WATER TREATMENT,Alappuzha Municipality,"Alappuzha ,",6 Months,10000 /month,[],03-Mar-2026,Immediately,Internship,AICTE,https://internship.aicte-india.org/internship-details.php?uid=SU5URVJOU0hJUEdPVkFNXzE3NzI1MjY4OTY2OWE2OWQzMGM2Mzk2&level=Mg==,2026-03-06T16:36:57.722972+00:00,,"{""work_type"": ""Full Time"", ""openings"": ""1"", ""apply_by"": ""10-Mar-2026""}"
MUNICIPAL FINANCE INTERN,Alappuzha Municipality,"Alappuzha ,",6 Months,10000 /month,"['Financial Analysis', 'Excel']",03-Mar-2026,Immediately,Internship,AICTE,https://internship.aicte-india.org/internship-details.php?uid=SU5URVJOU0hJUEdPVkFNXzE3NzI1MjYzMDM2OWE2OWFkZjMzMDYz&level=Mg==,2026-03-06T16:36:57.793269+00:00,,"{""work_type"": ""Full Time"", ""openings"": ""1"", ""apply_by"": ""10-Mar-2026""}"
PYTHON - AI - ML - DATA SCIENCE - JAVA - WEBSITE DEVELOPMENT INTERNSHIP,ROBOKWIK.COM,"Pan India,",2 Months,Unpaid,"['Python', 'Machine Learning', 'EDA', 'Java']",03-Mar-2026,Immediately,Internship,AICTE,https://internship.aicte-india.org/internship-details.php?uid=SU5URVJOU0hJUF8xNzcyNTI1NzgyNjlhNjk4ZDYyM2NiYg==,2026-03-06T16:36:57.862545+00:00,,"{""work_type"": ""Virtual Internship"", ""openings"": ""1"", ""apply_by"": ""08-Mar-2026""}"
CONTENT WRITERS,DIGITAL ABHIYAN,"Bangalore,",6 Weeks,Unpaid,['Content Writing'],03-Mar-2026,Immediately,Internship,AICTE,https://internship.aicte-india.org/internship-details.php?uid=SU5URVJOU0hJUF8xNzcyNTI0MjE4NjlhNjkyYmFiZjgxNQ==,2026-03-06T16:36:57.932840+00:00,,"{""work_type"": ""Full Time"", ""openings"": ""10"", ""apply_by"": ""31-Mar-2026""}"
FULL STACK DEVELOPER (SOFTWARE ENGINEER),RADHA COMPUTECH PRIVATE LIMITED,"Pan India,",8 Weeks,Unpaid,"['JavaScript', 'React', 'APIs']",03-Mar-2026,Immediately,Internship,AICTE,https://internship.aicte-india.org/internship-details.php?uid=SU5URVJOU0hJUF8xNzcyNTIzNzI5NjlhNjkwZDE1YjZkNA==,2026-03-06T16:36:58.002633+00:00,,"{""work_type"": ""Virtual Internship"", ""openings"": ""2"", ""apply_by"": ""07-Mar-2026""}"
SOFTWARE ENGINEER (INTERN),RADEONTECH,"Pan India,",8 Weeks,Unpaid,[],03-Mar-2026,Immediately,Internship,AICTE,https://internship.aicte-india.org/internship-details.php?uid=SU5URVJOU0hJUF8xNzcyNTIyMzEyNjlhNjhiNDg0NTY2OA==,2026-03-06T16:36:58.072840+00:00,,"{""work_type"": ""Part Time"", ""openings"": ""10"", ""apply_by"": ""30-Jun-2026""}"
* DATA ANALYSIS AND DATA SCIENCE USING PYTHON INTERNSHIP,Soft Nexis Technology,"Pan India,",2 Months,Unpaid,"['Python', 'EDA', 'Machine Learning']",03-Mar-2026,Immediately,Internship,AICTE,https://internship.aicte-india.org/internship-details.php?uid=SU5URVJOU0hJUF8xNzcyNTIxNzgyNjlhNjg5MzZkYThhNQ==,2026-03-06T16:36:58.141351+00:00,,"{""work_type"": ""Virtual Internship"", ""openings"": ""3"", ""apply_by"": ""06-Mar-2026""}"
CAMPUS AMBASSADOR ASSOCIATE,aenexz tech private limited,"Chittoor,Hyderabad,Visakapatanam,",4 Months,15000 /month,[],03-Mar-2026,Immediately,Internship,AICTE,https://internship.aicte-india.org/internship-details.php?uid=SU5URVJOU0hJUF8xNzcyNTE5NDg3NjlhNjgwM2Y1NTRkMw==,2026-03-06T16:36:58.210797+00:00,,"{""work_type"": ""Full Time"", ""openings"": ""20"", ""apply_by"": ""08-Mar-2026""}"
PYTHON - AI - ML - DATA SCIENCE - JAVA - WEBSITE DEVELOPMENT INTERNSHIP,ROBOKWIK.COM,"Pan India,",2 Months,Unpaid,"['Python', 'Machine Learning', 'EDA', 'Java']",03-Mar-2026,Immediately,Internship,AICTE,https://internship.aicte-india.org/internship-details.php?uid=SU5URVJOU0hJUF8xNzcyNTE1Mzc5NjlhNjcwMzM1NTBhNA==,2026-03-06T16:36:58.280051+00:00,,"{""work_type"": ""Virtual Internship"", ""openings"": ""1"", ""apply_by"": ""08-Mar-2026""}"
BUSINESS DEVELOPMENT ASSOCIATE,Harvinn Technologies,"Hyderabad,",6 Months,"17,000 /month","['Communication', 'Sales']",03-Mar-2026,Immediately,Internship,AICTE,https://internship.aicte-india.org/internship-details.php?uid=SU5URVJOU0hJUF8xNzcyNTE0MjI5NjlhNjZiYjVhZWI2Zg==,2026-03-06T16:36:58.351984+00:00,,"{""work_type"": ""Full Time"", ""openings"": ""50"", ""apply_by"": ""08-Mar-2026""}"
DATA SCIENCE & MACHINE LEARNING USING PYTHON,Soft Nexis Technology,"Pan India,",2 Months,Unpaid,"['Python', 'Machine Learning', 'EDA']",03-Mar-2026,Immediately,Internship,AICTE,https://internship.aicte-india.org/internship-details.php?uid=SU5URVJOU0hJUF8xNzcyNTEyNjIwNjlhNjY1NmM0MGNlNw==,2026-03-06T16:36:59.510799+00:00,,"{""work_type"": ""Virtual Internship"", ""openings"": ""2"", ""apply_by"": ""06-Mar-2026""}"
WEB DEVELOPER INTERN,UPTOSKILLS,"Pan India,",3 Months,Unpaid,[],02-Mar-2026,Immediately,Internship,AICTE,https://internship.aicte-india.org/internship-details.php?uid=SU5URVJOU0hJUF8xNzcyNDY5Mjc4NjlhNWJjMWU0NTQ3NA==,2026-03-06T16:36:59.580625+00:00,,"{""work_type"": ""Virtual Internship"", ""openings"": ""10"", ""apply_by"": ""12-Mar-2026""}"
UI UX INTERN,UPTOSKILLS,"Pan India,",3 Months,Unpaid,['UI/UX Design'],02-Mar-2026,Immediately,Internship,AICTE,https://internship.aicte-india.org/internship-details.php?uid=SU5URVJOU0hJUF8xNzcyNDY4MDUwNjlhNWI3NTJhOWQwMA==,2026-03-06T16:36:59.649960+00:00,,"{""work_type"": ""Virtual Internship"", ""openings"": ""10"", ""apply_by"": ""12-Mar-2026""}"
HR INTERN (HUMAN RESOURCE),codevocado,"Pan India,",3 Months,Unpaid,"['Recruitment', 'HR Operations']",02-Mar-2026,Immediately,Internship,AICTE,https://internship.aicte-india.org/internship-details.php?uid=SU5URVJOU0hJUF8xNzcyNDY1ODA5NjlhNWFlOTEyNzRhMQ==,2026-03-06T16:36:59.718178+00:00,,"{""work_type"": ""Virtual Internship"", ""openings"": ""2"", ""apply_by"": ""20-Mar-2026""}"
VIDEO EDITOR INTERN,UPTOSKILLS,"Pan India,",3 Months,Unpaid,['Video Editing'],02-Mar-2026,Immediately,Internship,AICTE,https://internship.aicte-india.org/internship-details.php?uid=SU5URVJOU0hJUF8xNzcyNDU4OTY5NjlhNTkzZDk4Mzk4YQ==,2026-03-06T16:36:59.788106+00:00,,"{""work_type"": ""Virtual Internship"", ""openings"": ""10"", ""apply_by"": ""12-Mar-2026""}"
PYTHON - AI - ML - DATA SCIENCE - JAVA - WEBSITE DEVELOPMENT INTERNSHIP,ROBOKWIK.COM,"Pan India,",2 Months,Unpaid,"['Python', 'Machine Learning', 'EDA', 'Java']",02-Mar-2026,Immediately,Internship,AICTE,https://internship.aicte-india.org/internship-details.php?uid=SU5URVJOU0hJUF8xNzcyNDU4NzQyNjlhNTkyZjYxYTFkNA==,2026-03-06T16:36:59.856888+00:00,,"{""work_type"": ""Virtual Internship"", ""openings"": ""1"", ""apply_by"": ""08-Mar-2026""}"
ACCOUNTS & PROCUREMENT,DIGITAL ABHIYAN,"Bangalore,",6 Weeks,Unpaid,['Accounting'],02-Mar-2026,Immediately,Internship,AICTE,https://internship.aicte-india.org/internship-details.php?uid=SU5URVJOU0hJUF8xNzcyNDUxNjIwNjlhNTc3MjQ5N2EyMQ==,2026-03-06T16:36:59.923965+00:00,,"{""work_type"": ""Full Time"", ""openings"": ""10"", ""apply_by"": ""31-Mar-2026""}"
PYTHON - AI - ML - DATA SCIENCE - JAVA - WEBSITE DEVELOPMENT INTERNSHIP,ROBOKWIK.COM,"Pan India,",2 Months,Unpaid,"['Python', 'Machine Learning', 'EDA', 'Java']",02-Mar-2026,Immediately,Internship,AICTE,https://internship.aicte-india.org/internship-details.php?uid=SU5URVJOU0hJUF8xNzcyNDUwNzU4NjlhNTczYzY3YWU3MA==,2026-03-06T16:36:59.992891+00:00,,"{""work_type"": ""Virtual Internship"", ""openings"": ""1"", ""apply_by"": ""08-Mar-2026""}"
EMBEDDED SYSTEMS,MYTEGEN EDUCATIONAL SERVICE PRIVATE LIMITED,"Pan India,",4 Months,Unpaid,"['Embedded Systems', 'C']",02-Mar-2026,Immediately,Internship,AICTE,https://internship.aicte-india.org/internship-details.php?uid=SU5URVJOU0hJUF8xNzcyNDUwNjAyNjlhNTczMmFkM2VmNQ==,2026-03-06T16:37:00.066889+00:00,,"{""work_type"": ""Virtual Internship"", ""openings"": ""10"", ""apply_by"": ""10-Apr-2026""}"
ACCOUNTS ASSISTANT(INTERN),DIGITAL ABHIYAN,"Bangalore,",6 Weeks,Unpaid,['Accounting'],02-Mar-2026,Immediately,Internship,AICTE,https://internship.aicte-india.org/internship-details.php?uid=SU5URVJOU0hJUF8xNzcyNDQ5MzIzNjlhNTZlMmI0ZmNjMA==,2026-03-06T16:37:00.136787+00:00,,"{""work_type"": ""Full Time"", ""openings"": ""10"", ""apply_by"": ""31-Mar-2026""}"
CONTENT CREATOR - INTERN AND GRAPHIC DESIGN,DIGITAL ABHIYAN,"Bangalore,",6 Weeks,Unpaid,"['Graphic Design', 'Content Writing']",02-Mar-2026,Immediately,Internship,AICTE,https://internship.aicte-india.org/internship-details.php?uid=SU5URVJOU0hJUF8xNzcyNDQ4NTU1NjlhNTZiMmIwOTkxOQ==,2026-03-06T16:37:01.284213+00:00,,"{""work_type"": ""Full Time"", ""openings"": ""10"", ""apply_by"": ""31-Mar-2026""}"
VIDEO EDITOR,DIGITAL ABHIYAN,"Bangalore,",6 Weeks,Unpaid,['Video Editing'],02-Mar-2026,Immediately,Internship,AICTE,https://internship.aicte-india.org/internship-details.php?uid=SU5URVJOU0hJUF8xNzcyNDQ3MjcxNjlhNTY2Mjc3YjJmMg==,2026-03-06T16:37:01.353234+00:00,,"{""work_type"": ""Full Time"", ""openings"": ""10"", ""apply_by"": ""31-Mar-2026""}"
PYTHON - AI - ML - DATA SCIENCE - JAVA - WEBSITE DEVELOPMENT INTERNSHIP,ROBOKWIK.COM,"Pan India,",2 Months,Unpaid,"['Python', 'Machine Learning', 'EDA', 'Java']",02-Mar-2026,Immediately,Internship,AICTE,https://internship.aicte-india.org/internship-details.php?uid=SU5URVJOU0hJUF8xNzcyNDQ3Mjk5NjlhNTY2NDMxMTFkNg==,2026-03-06T16:37:01.424124+00:00,,"{""work_type"": ""Virtual Internship"", ""openings"": ""1"", ""apply_by"": ""08-Mar-2026""}"
ACCOUNTING AND FINANCE INTERNSHIP - ONLY FOR BCOM (ACCOUNTANCY & AUDITING) GRADUATES,DIGITAL ABHIYAN,"Bangalore,",6 Weeks,Unpaid,"['Financial Analysis', 'Excel', 'Accounting']",02-Mar-2026,Immediately,Internship,AICTE,https://internship.aicte-india.org/internship-details.php?uid=SU5URVJOU0hJUF8xNzcyNDQ1OTYyNjlhNTYxMGFiZjcyNA==,2026-03-06T16:37:01.495364+00:00,,"{""work_type"": ""Full Time"", ""openings"": ""10"", ""apply_by"": ""31-Mar-2026""}"
BUSINESS DEVELOPMENT,DIGITAL ABHIYAN,"Bangalore,",6 Weeks,Unpaid,"['Communication', 'Sales']",02-Mar-2026,Immediately,Internship,AICTE,https://internship.aicte-india.org/internship-details.php?uid=SU5URVJOU0hJUF8xNzcyNDQ0MzA4NjlhNTVhOTRkMTJmOQ==,2026-03-06T16:37:01.565063+00:00,,"{""work_type"": ""Full Time"", ""openings"": ""10"", ""apply_by"": ""31-Mar-2026""}"
DATA ENTRY INTERNS,DIGITAL ABHIYAN,"Bangalore,",6 Weeks,Unpaid,[],02-Mar-2026,Immediately,Internship,AICTE,https://internship.aicte-india.org/internship-details.php?uid=SU5URVJOU0hJUF8xNzcyNDM4OTE4NjlhNTQ1ODZlNGM5OQ==,2026-03-06T16:37:01.632806+00:00,,"{""work_type"": ""Full Time"", ""openings"": ""10"", ""apply_by"": ""31-Mar-2026""}"
PYTHON - AI - ML - DATA SCIENCE - JAVA - WEBSITE DEVELOPMENT INTERNSHIP,ROBOKWIK.COM,"Pan India,",2 Months,Unpaid,"['Python', 'Machine Learning', 'EDA', 'Java']",02-Mar-2026,Immediately,Internship,AICTE,https://internship.aicte-india.org/internship-details.php?uid=SU5URVJOU0hJUF8xNzcyNDM3MzM0NjlhNTNmNTY4YTliZg==,2026-03-06T16:37:01.701872+00:00,,"{""work_type"": ""Virtual Internship"", ""openings"": ""1"", ""apply_by"": ""08-Mar-2026""}"
COMMUNITY RESOURCE PERSON,DIGITAL ABHIYAN,"Bangalore,",6 Weeks,Unpaid,[],02-Mar-2026,Immediately,Internship,AICTE,https://internship.aicte-india.org/internship-details.php?uid=SU5URVJOU0hJUF8xNzcyNDM2NTkxNjlhNTNjNmZiZGQ0Mg==,2026-03-06T16:37:01.770553+00:00,,"{""work_type"": ""Full Time"", ""openings"": ""10"", ""apply_by"": ""31-Mar-2026""}"
BUSINESS DEVELOPMENT ASSOCIATE INTERN,Harvinn Technologies,"Pan India,",6 Months,"17,000 /month","['Communication', 'Sales']",02-Mar-2026,Immediately,Internship,AICTE,https://internship.aicte-india.org/internship-details.php?uid=SU5URVJOU0hJUF8xNzcyNDMyNjk0NjlhNTJkMzYxYjM0MA==,2026-03-06T16:37:01.838839+00:00,,"{""work_type"": ""Full Time"", ""openings"": ""30"", ""apply_by"": ""07-Mar-2026""}"
PYTHON - AI - ML - DATA SCIENCE - JAVA - WEBSITE DEVELOPMENT INTERNSHIP,ROBOKWIK.COM,"Pan India,",2 Months,Unpaid,"['Python', 'Machine Learning', 'EDA', 'Java']",02-Mar-2026,Immediately,Internship,AICTE,https://internship.aicte-india.org/internship-details.php?uid=SU5URVJOU0hJUF8xNzcyNDI5NzA5NjlhNTIxOGQ3ZWU1OA==,2026-03-06T16:37:01.906510+00:00,,"{""work_type"": ""Virtual Internship"", ""openings"": ""1"", ""apply_by"": ""08-Mar-2026""}"
SALES INTERN – SAAS PRODUCT (REMOTE/ON-FIELD),Alinfo Systems,"Nagpur,",6 Months,Unpaid,['Sales'],02-Mar-2026,Immediately,Internship,AICTE,https://internship.aicte-india.org/internship-details.php?uid=SU5URVJOU0hJUF8xNzcyNDE4Mjc5NjlhNGY0ZTdjNmY1NQ==,2026-03-06T16:37:03.064046+00:00,,"{""work_type"": ""Virtual Internship"", ""openings"": ""2"", ""apply_by"": ""31-Mar-2026""}"
BLOG WRITING INTERN,UPTOSKILLS,"Pan India,",3 Months,Unpaid,"['Content Writing', 'SEO']",02-Mar-2026,Immediately,Internship,AICTE,https://internship.aicte-india.org/internship-details.php?uid=SU5URVJOU0hJUF8xNzcyMzkyNzIyNjlhNDkxMTI3OTNiYg==,2026-03-06T16:37:03.134859+00:00,,"{""work_type"": ""Virtual Internship"", ""openings"": ""10"", ""apply_by"": ""11-Mar-2026""}"
VIDEO EDITING INTERN,SHUBHSAIRAJ INFOTECH PRIVATE LIMITED,"Pan India,",6 Weeks,3000 /month,[],01-Mar-2026,Immediately,Internship,AICTE,https://internship.aicte-india.org/internship-details.php?uid=SU5URVJOU0hJUF8xNzcyMzg2Mzc3NjlhNDc4NDlhNDRhNw==,2026-03-06T16:37:03.205436+00:00,,"{""work_type"": ""Full Time"", ""openings"": ""10"", ""apply_by"": ""31-Mar-2026""}"
PYTHON - AI - ML - DATA SCIENCE - JAVA - WEBSITE DEVELOPMENT INTERNSHIP,ROBOKWIK.COM,"Pan India,",2 Months,Unpaid,"['Python', 'Machine Learning', 'EDA', 'Java']",01-Mar-2026,Immediately,Internship,AICTE,https://internship.aicte-india.org/internship-details.php?uid=SU5URVJOU0hJUF8xNzcyMzgyMDg3NjlhNDY3ODdhNTVmNQ==,2026-03-06T16:37:03.279109+00:00,,"{""work_type"": ""Virtual Internship"", ""openings"": ""1"", ""apply_by"": ""08-Mar-2026""}"
IIOT,MYTEGEN EDUCATIONAL SERVICE PRIVATE LIMITED,"Pan India,",2 Months,Unpaid,"['IoT', 'Embedded Systems']",01-Mar-2026,Immediately,Internship,AICTE,https://internship.aicte-india.org/internship-details.php?uid=SU5URVJOU0hJUF8xNzcyMzc5MDM5NjlhNDViOWYwYjg1Ng==,2026-03-06T16:37:03.350017+00:00,,"{""work_type"": ""Virtual Internship"", ""openings"": ""10"", ""apply_by"": ""10-Apr-2026""}"
ARTIFICIAL INTELLIGENCE & MACHINE LEARNING INTERNSHIP,CodeMore,"Pan India,",2 Months,Unpaid,"['Python', 'Machine Learning']",01-Mar-2026,Immediately,Internship,AICTE,https://internship.aicte-india.org/internship-details.php?uid=SU5URVJOU0hJUF8xNzcyMzczNzAxNjlhNDQ2YzVmMTgxOQ==,2026-03-06T16:37:03.421413+00:00,,"{""work_type"": ""Full Time"", ""openings"": ""2"", ""apply_by"": ""24-Jun-2026""}"
FULL-STACK WEB DEVELOPMENT INTERNSHIP,codegeeky,"Pan India,",2 Months,Unpaid,"['JavaScript', 'React', 'APIs', 'HTML']",01-Mar-2026,Immediately,Internship,AICTE,https://internship.aicte-india.org/internship-details.php?uid=SU5URVJOU0hJUF8xNzcyMzczMDAyNjlhNDQ0MGE1ZWVjOA==,2026-03-06T16:37:03.490663+00:00,,"{""work_type"": ""Full Time"", ""openings"": ""2"", ""apply_by"": ""18-Aug-2026""}"
PYTHON - AI - ML - DATA SCIENCE - JAVA - WEBSITE DEVELOPMENT INTERNSHIP,ROBOKWIK.COM,"Pan India,",2 Months,Unpaid,"['Python', 'Machine Learning', 'EDA', 'Java']",01-Mar-2026,Immediately,Internship,AICTE,https://internship.aicte-india.org/internship-details.php?uid=SU5URVJOU0hJUF8xNzcyMzYzMTg2NjlhNDFkYjI4NWJhZA==,2026-03-06T16:37:03.561526+00:00,,"{""work_type"": ""Virtual Internship"", ""openings"": ""1"", ""apply_by"": ""15-Mar-2026""}"
BLOG SHORTS INTERN,UPTOSKILLS,"Pan India,",3 Months,Unpaid,"['Content Writing', 'SEO']",01-Mar-2026,Immediately,Internship,AICTE,https://internship.aicte-india.org/internship-details.php?uid=SU5URVJOU0hJUF8xNzcyMzUwMDU5NjlhM2VhNmI4ZGQ5Ng==,2026-03-06T16:37:03.629894+00:00,,"{""work_type"": ""Virtual Internship"", ""openings"": ""10"", ""apply_by"": ""11-Mar-2026""}"
COMMUNITY MANAGEMENT INTERN,UPTOSKILLS,"Pan India,",3 Months,Unpaid,[],01-Mar-2026,Immediately,Internship,AICTE,https://internship.aicte-india.org/internship-details.php?uid=SU5URVJOU0hJUF8xNzcyMzQ3MzU5NjlhM2RmZGZmMzQ2ZQ==,2026-03-06T16:37:03.698668+00:00,,"{""work_type"": ""Virtual Internship"", ""openings"": ""10"", ""apply_by"": ""11-Mar-2026""}"
PYTHON - AI - ML - DATA SCIENCE - JAVA - WEBSITE DEVELOPMENT INTERNSHIP,ROBOKWIK.COM,"Pan India,",2 Months,Unpaid,"['Python', 'Machine Learning', 'EDA', 'Java']",01-Mar-2026,Immediately,Internship,AICTE,https://internship.aicte-india.org/internship-details.php?uid=SU5URVJOU0hJUF8xNzcyMzQ3NDc0NjlhM2UwNTJiNjcwNA==,2026-03-06T16:37:04.867889+00:00,,"{""work_type"": ""Virtual Internship"", ""openings"": ""1"", ""apply_by"": ""15-Mar-2026""}"
URGENT NEED FOR ADVANCE CYBER SECURITY SPECIALIST CANDIDATES FOR PERIOD OF 6 MONTHS ONLY EXPERIENCED FOR WORKING,EXTION INFOTECH,"Pan India,",6 Months,Unpaid,['Cybersecurity'],01-Mar-2026,Immediately,Internship,AICTE,https://internship.aicte-india.org/internship-details.php?uid=SU5URVJOU0hJUF8xNzcyMzQ1MDg3NjlhM2Q2ZmZjYTQ5NA==,2026-03-06T16:37:04.934312+00:00,,"{""work_type"": ""Virtual Internship"", ""openings"": ""7"", ""apply_by"": ""08-Mar-2026""}"
ARTIFICIAL INTELLIGENCE & MACHINE LEARNING INTERNSHIP,CodeMore,"Pan India,",2 Months,Unpaid,"['Python', 'Machine Learning']",01-Mar-2026,Immediately,Internship,AICTE,https://internship.aicte-india.org/internship-details.php?uid=SU5URVJOU0hJUF8xNzcyMzQ0NjkyNjlhM2Q1NzQ2MWUyMw==,2026-03-06T16:37:05.001355+00:00,,"{""work_type"": ""Full Time"", ""openings"": ""2"", ""apply_by"": ""18-Jun-2026""}"
FULL-STACK WEB DEVELOPMENT INTERNSHIP,codegeeky,"Pan India,",2 Months,Unpaid,"['JavaScript', 'React', 'APIs', 'HTML']",01-Mar-2026,Immediately,Internship,AICTE,https://internship.aicte-india.org/internship-details.php?uid=SU5URVJOU0hJUF8xNzcyMzQ0NjY1NjlhM2Q1NTllZjViYg==,2026-03-06T16:37:05.069733+00:00,,"{""work_type"": ""Full Time"", ""openings"": ""2"", ""apply_by"": ""29-Jul-2026""}"
GUI DEVELOPER INTERNSHIP,codegeeky,"Pan India,",2 Months,Unpaid,[],01-Mar-2026,Immediately,Internship,AICTE,https://internship.aicte-india.org/internship-details.php?uid=SU5URVJOU0hJUF8xNzcyMzQzMTQ5NjlhM2NmNmQ3N2NhOQ==,2026-03-06T16:37:05.139552+00:00,,"{""work_type"": ""Full Time"", ""openings"": ""2"", ""apply_by"": ""23-Jun-2026""}"
DEVOPS / CLOUD COMPUTING INTERNSHIP,CodeMore,"Pan India,",2 Months,Unpaid,"['Cloud Computing', 'Docker', 'CI/CD']",01-Mar-2026,Immediately,Internship,AICTE,https://internship.aicte-india.org/internship-details.php?uid=SU5URVJOU0hJUF8xNzcyMzQzMDkxNjlhM2NmMzNkNDg5ZA==,2026-03-06T16:37:05.208180+00:00,,"{""work_type"": ""Full Time"", ""openings"": ""2"", ""apply_by"": ""22-Jul-2026""}"
PYTHON - AI - ML - DATA SCIENCE - JAVA - WEBSITE DEVELOPMENT INTERNSHIP,ROBOKWIK.COM,"Pan India,",2 Months,Unpaid,"['Python', 'Machine Learning', 'EDA', 'Java']",01-Mar-2026,Immediately,Internship,AICTE,https://internship.aicte-india.org/internship-details.php?uid=SU5URVJOU0hJUF8xNzcyMzQyODYxNjlhM2NlNGQ2NmE5MQ==,2026-03-06T16:37:05.276351+00:00,,"{""work_type"": ""Virtual Internship"", ""openings"": ""1"", ""apply_by"": ""15-Mar-2026""}"
CLOUD COMPUTING / AWS LEARNING INTERNSHIP,CodeMore,"Pan India,",2 Months,Unpaid,['Cloud Computing'],01-Mar-2026,Immediately,Internship,AICTE,https://internship.aicte-india.org/internship-details.php?uid=SU5URVJOU0hJUF8xNzcyMzQwMjU1NjlhM2M0MWYyOWM3MA==,2026-03-06T16:37:05.344991+00:00,,"{""work_type"": ""Full Time"", ""openings"": ""2"", ""apply_by"": ""17-Jun-2026""}"
.NET DEVELOPER INTERNSHIP,codegeeky,"Pan India,",2 Months,Unpaid,[],01-Mar-2026,Immediately,Internship,AICTE,https://internship.aicte-india.org/internship-details.php?uid=SU5URVJOU0hJUF8xNzcyMzQwMjIxNjlhM2MzZmQ2MGE2Mg==,2026-03-06T16:37:05.412792+00:00,,"{""work_type"": ""Full Time"", ""openings"": ""2"", ""apply_by"": ""24-Jun-2026""}"
LINUX ADMINISTRATOR & AWS CLOUD INTERNSHIP,CodeMore,"Pan India,",2 Months,Unpaid,"['Cloud Computing', 'Linux']",01-Mar-2026,Immediately,Internship,AICTE,https://internship.aicte-india.org/internship-details.php?uid=SU5URVJOU0hJUF8xNzcyMzM4NjM4NjlhM2JkY2U3OTJjYw==,2026-03-06T16:37:05.481097+00:00,,"{""work_type"": ""Full Time"", ""openings"": ""2"", ""apply_by"": ""20-May-2026""}"
PYTHON - AI - ML - DATA SCIENCE - JAVA - WEBSITE DEVELOPMENT INTERNSHIP,codegeeky,"Pan India,",2 Months,Unpaid,"['Python', 'Machine Learning', 'EDA', 'Java']",01-Mar-2026,Immediately,Internship,AICTE,https://internship.aicte-india.org/internship-details.php?uid=SU5URVJOU0hJUF8xNzcyMzM4NjAzNjlhM2JkYWJhZDI3NQ==,2026-03-06T16:37:06.634686+00:00,,"{""work_type"": ""Full Time"", ""openings"": ""2"", ""apply_by"": ""25-Jun-2026""}"
AIOT,MYTEGEN EDUCATIONAL SERVICE PRIVATE LIMITED,"Pan India,",2 Months,Unpaid,"['IoT', 'Embedded Systems']",28-Feb-2026,Immediately,Internship,AICTE,https://internship.aicte-india.org/internship-details.php?uid=SU5URVJOU0hJUF8xNzcyMzAyMzEyNjlhMzJmZTgwYTQwNw==,2026-03-06T16:37:06.708032+00:00,,"{""work_type"": ""Virtual Internship"", ""openings"": ""10"", ""apply_by"": ""14-Apr-2026""}"
PYTHON PROGRAMMING INTERNSHIP,CodeMore,"Pan India,",2 Months,Unpaid,['Python'],28-Feb-2026,Immediately,Internship,AICTE,https://internship.aicte-india.org/internship-details.php?uid=SU5URVJOU0hJUF8xNzcyMjk3ODcxNjlhMzFlOGYzNThjMA==,2026-03-06T16:37:06.777952+00:00,,"{""work_type"": ""Full Time"", ""openings"": ""2"", ""apply_by"": ""12-May-2026""}"
JAVA PROGRAMMING INTERNSHIP,codegeeky,"Pan India,",2 Months,Unpaid,['Java'],28-Feb-2026,Immediately,Internship,AICTE,https://internship.aicte-india.org/internship-details.php?uid=SU5URVJOU0hJUF8xNzcyMjk3NzczNjlhMzFlMmQxMDg4Nw==,2026-03-06T16:37:06.845908+00:00,,"{""work_type"": ""Full Time"", ""openings"": ""2"", ""apply_by"": ""13-May-2026""}"
C++ PROGRAMMING INTERNSHIP,CodeMore,"Pan India,",2 Months,Unpaid,['C++'],28-Feb-2026,Immediately,Internship,AICTE,https://internship.aicte-india.org/internship-details.php?uid=SU5URVJOU0hJUF8xNzcyMjk2MTY1NjlhMzE3ZTU1MWZlNw==,2026-03-06T16:37:06.914234+00:00,,"{""work_type"": ""Full Time"", ""openings"": ""2"", ""apply_by"": ""18-May-2026""}"
SAP FICO/FIORI TRAININGS,Kuzhagan tech solutions,"Hyderabad,Visakhapatnam,",2 Months,Unpaid,[],28-Feb-2026,Immediately,Internship,AICTE,https://internship.aicte-india.org/internship-details.php?uid=SU5URVJOU0hJUF8xNzcyMjkwNDc5NjlhMzAxYWYzN2ZmNQ==,2026-03-06T16:37:06.982443+00:00,,"{""work_type"": ""Full Time"", ""openings"": ""5"", ""apply_by"": ""30-Apr-2026""}"
ALL DOMAINS MEGA INTERNSHIP MARCH BATCH PROGRAM,EXTION INFOTECH,"Pan India,",2 Months,Unpaid,[],28-Feb-2026,Immediately,Internship,AICTE,https://internship.aicte-india.org/internship-details.php?uid=SU5URVJOU0hJUF8xNzcyMjc0NDY4NjlhMmMzMjQ2OTgzZQ==,2026-03-06T16:37:07.051486+00:00,,"{""work_type"": ""Virtual Internship"", ""openings"": ""4"", ""apply_by"": ""06-Mar-2026""}"
POWER CONVERTERS AND CONTROL TECHNIQUES FOR ELECTRIC VEHICLES,VAULTSPHERE AI TECHNOLOGIES PRIVATE LIMITED,"Pan India,",6 Months,5000 /month,[],28-Feb-2026,Immediately,Internship,AICTE,https://internship.aicte-india.org/internship-details.php?uid=SU5URVJOU0hJUF8xNzcyMjczNTg3NjlhMmJmYjNhNjMwYg==,2026-03-06T16:37:07.121559+00:00,,"{""work_type"": ""Full Time"", ""openings"": ""1000"", ""apply_by"": ""07-Aug-2026""}"
WATER AND WASTE WATER,Thiruvananthapuram Corporation,"Thiruvananthapuram ,",12 Months,10000 /month,[],28-Feb-2026,Immediately,Internship,AICTE,https://internship.aicte-india.org/internship-details.php?uid=SU5URVJOU0hJUEdPVkFNXzE3NzIyNjU2NTc2OWEyYTBiOWNkOTIy&level=Mg==,2026-03-06T16:37:07.212049+00:00,,"{""work_type"": ""Full Time"", ""openings"": ""1"", ""apply_by"": ""07-Mar-2026""}"
URBAN PLANNING (INTERN),Thiruvananthapuram Corporation,"Thiruvananthapuram ,",12 Months,10000 /month,[],28-Feb-2026,Immediately,Internship,AICTE,https://internship.aicte-india.org/internship-details.php?uid=SU5URVJOU0hJUEdPVkFNXzE3NzIyNjUxMTE2OWEyOWU5NzMyNGMz&level=Mg==,2026-03-06T16:37:07.284052+00:00,,"{""work_type"": ""Full Time"", ""openings"": ""1"", ""apply_by"": ""07-Mar-2026""}"
WARD NO.13 CLERK,Vadodara Smart City Development Limited,"Baroda ,",8 Months,14000 /month,[],28-Feb-2026,Immediately,Internship,AICTE,https://internship.aicte-india.org/internship-details.php?uid=SU5URVJOU0hJUEdPVl8xNzcyMjYxNDA2NjlhMjkwMWVlNWFjZQ==&level=Mg==,2026-03-06T16:37:08.429172+00:00,,"{""work_type"": ""Full Time"", ""openings"": ""1"", ""apply_by"": ""10-Mar-2026""}"
CLERK FOR DRAINAGE DEPARTMENT,Vadodara Smart City Development Limited,"Baroda ,",8 Months,14000 /month,[],28-Feb-2026,Immediately,Internship,AICTE,https://internship.aicte-india.org/internship-details.php?uid=SU5URVJOU0hJUEdPVl8xNzcyMjYwNTkwNjlhMjhjZWViNWRlZA==&level=Mg==,2026-03-06T16:37:08.500262+00:00,,"{""work_type"": ""Full Time"", ""openings"": ""2"", ""apply_by"": ""10-Mar-2026""}"
CLERK FOR SEWAGE DEPARTMENT,Vadodara Smart City Development Limited,"Baroda ,",6 Months,14000 /month,[],28-Feb-2026,Immediately,Internship,AICTE,https://internship.aicte-india.org/internship-details.php?uid=SU5URVJOU0hJUEdPVl8xNzcyMjU5NDIwNjlhMjg4NWM4ZDkxOQ==&level=Mg==,2026-03-06T16:37:08.573291+00:00,,"{""work_type"": ""Full Time"", ""openings"": ""1"", ""apply_by"": ""10-Mar-2026""}"
ENGLISH TRANSCRIPTION INTERNSHIP,Qanat Consulting Services Pvt Ltd,"Pan India,",6 Months,5000 /month,[],28-Feb-2026,Immediately,Internship,AICTE,https://internship.aicte-india.org/internship-details.php?uid=SU5URVJOU0hJUF8xNzcyMjU0NzM0NjlhMjc2MGUyYTg3Yw==,2026-03-06T16:37:08.643714+00:00,,"{""work_type"": ""Full Time"", ""openings"": ""20"", ""apply_by"": ""22-Mar-2026""}"
FULL STACK CLOUD-EDGE SECURITY & DEFENSIVE WEB ARCHITECTURES,SAK INFORMATICS,"Hyderabad,",6 Months,Unpaid,"['JavaScript', 'React', 'APIs', 'Cloud Computing']",28-Feb-2026,Immediately,Internship,AICTE,https://internship.aicte-india.org/internship-details.php?uid=SU5URVJOU0hJUF8xNzcyMjU0MTU2NjlhMjczY2MxN2ZiZA==,2026-03-06T16:37:08.714392+00:00,,"{""work_type"": ""Full Time"", ""openings"": ""2"", ""apply_by"": ""28-Aug-2026""}"
C++ PROGRAMMING INTERNSHIP,CodeMore,"Pan India,",2 Months,Unpaid,['C++'],28-Feb-2026,Immediately,Internship,AICTE,https://internship.aicte-india.org/internship-details.php?uid=SU5URVJOU0hJUF8xNzcyMjUwOTM5NjlhMjY3M2I3YjFlMg==,2026-03-06T16:37:08.786765+00:00,,"{""work_type"": ""Full Time"", ""openings"": ""2"", ""apply_by"": ""14-May-2026""}"
FLUTTER APP DEVELOPMENT INTERNSHIP,codegeeky,"Pan India,",3 Months,Unpaid,"['Flutter', 'Dart', 'Mobile Development']",28-Feb-2026,Immediately,Internship,AICTE,https://internship.aicte-india.org/internship-details.php?uid=SU5URVJOU0hJUF8xNzcyMjUwODU0NjlhMjY2ZTY2ODI5OQ==,2026-03-06T16:37:08.853004+00:00,,"{""work_type"": ""Full Time"", ""openings"": ""2"", ""apply_by"": ""26-May-2026""}"
MEDICAL CODING,Smart minds academy of real time training,"Eluru,Vizianagaram,West Godavari,",12 Weeks,Unpaid,[],28-Feb-2026,Immediately,Internship,AICTE,https://internship.aicte-india.org/internship-details.php?uid=SU5URVJOU0hJUF8xNzcyMjUwMTA3NjlhMjYzZmI3YmE4Zg==,2026-03-06T16:37:08.918880+00:00,,"{""work_type"": ""Part Time"", ""openings"": ""8"", ""apply_by"": ""10-Apr-2026""}"
DATA SCIENCE INTERNSHIP,CodeMore,"Pan India,",3 Months,Unpaid,"['Python', 'EDA', 'Machine Learning']",28-Feb-2026,Immediately,Internship,AICTE,https://internship.aicte-india.org/internship-details.php?uid=SU5URVJOU0hJUF8xNzcyMjQ5MjI5NjlhMjYwOGQzYTA0Zg==,2026-03-06T16:37:08.989407+00:00,,"{""work_type"": ""Full Time"", ""openings"": ""2"", ""apply_by"": ""20-May-2026""}"
CYBER SECURITY INTERNSHIP,codegeeky,"Pan India,",3 Months,Unpaid,['Cybersecurity'],28-Feb-2026,Immediately,Internship,AICTE,https://internship.aicte-india.org/internship-details.php?uid=SU5URVJOU0hJUF8xNzcyMjQ5MTk4NjlhMjYwNmU3NTY2Mw==,2026-03-06T16:37:09.059258+00:00,,"{""work_type"": ""Full Time"", ""openings"": ""2"", ""apply_by"": ""28-May-2026""}"
PYTHON,Smart minds academy of real time training,"Eluru,Vizianagaram,West Godavari,",12 Weeks,Unpaid,['Python'],28-Feb-2026,Immediately,Internship,AICTE,https://internship.aicte-india.org/internship-details.php?uid=SU5URVJOU0hJUF8xNzcyMjQ3NjAzNjlhMjVhMzM4OTUzOQ==,2026-03-06T16:37:10.193032+00:00,,"{""work_type"": ""Part Time"", ""openings"": ""10"", ""apply_by"": ""10-Apr-2026""}"
CLOUD COMPUTING & DEVOPS INTERNSHIP,CodeMore,"Pan India,",3 Months,Unpaid,"['Cloud Computing', 'Docker', 'CI/CD']",28-Feb-2026,Immediately,Internship,AICTE,https://internship.aicte-india.org/internship-details.php?uid=SU5URVJOU0hJUF8xNzcyMjQ3ODIwNjlhMjViMGNjZDFhNQ==,2026-03-06T16:37:10.264282+00:00,,"{""work_type"": ""Full Time"", ""openings"": ""2"", ""apply_by"": ""29-Jul-2026""}"
ARTIFICIAL INTELLIGENCE & MACHINE LEARNING INTERNSHIP,codegeeky,"Pan India,",2 Months,Unpaid,"['Python', 'Machine Learning']",28-Feb-2026,Immediately,Internship,AICTE,https://internship.aicte-india.org/internship-details.php?uid=SU5URVJOU0hJUF8xNzcyMjQ3NzQwNjlhMjVhYmNlZWRlYw==,2026-03-06T16:37:10.332600+00:00,,"{""work_type"": ""Full Time"", ""openings"": ""2"", ""apply_by"": ""20-May-2026""}"
CREATIVE DESIGNER,PRANAYUV TECHNOLOGIES PRIVATE LIMITED,"Pan India,",6 Months,Unpaid,[],28-Feb-2026,Immediately,Internship,AICTE,https://internship.aicte-india.org/internship-details.php?uid=SU5URVJOU0hJUF8xNzcyMjE4Nzk3NjlhMWU5YWRlMDViNw==,2026-03-06T16:37:10.401223+00:00,,"{""work_type"": ""Virtual Internship"", ""openings"": ""8"", ""apply_by"": ""31-Mar-2026""}"
VIDEO EDITOR,PRANAYUV TECHNOLOGIES PRIVATE LIMITED,"Pan India,",6 Months,Unpaid,['Video Editing'],27-Feb-2026,Immediately,Internship,AICTE,https://internship.aicte-india.org/internship-details.php?uid=SU5URVJOU0hJUF8xNzcyMjE0OTcwNjlhMWRhYmEzODU3Yg==,2026-03-06T16:37:10.477184+00:00,,"{""work_type"": ""Virtual Internship"", ""openings"": ""8"", ""apply_by"": ""31-Mar-2026""}"
VISUAL DESIGNER,PRANAYUV TECHNOLOGIES PRIVATE LIMITED,"Pan India,",6 Months,Unpaid,[],27-Feb-2026,Immediately,Internship,AICTE,https://internship.aicte-india.org/internship-details.php?uid=SU5URVJOU0hJUF8xNzcyMjEzNjQ5NjlhMWQ1OTE4ZjQ1MQ==,2026-03-06T16:37:10.547488+00:00,,"{""work_type"": ""Virtual Internship"", ""openings"": ""8"", ""apply_by"": ""31-Mar-2026""}"
UI DESIGNER,PRANAYUV TECHNOLOGIES PRIVATE LIMITED,"Pan India,",6 Months,Unpaid,[],27-Feb-2026,Immediately,Internship,AICTE,https://internship.aicte-india.org/internship-details.php?uid=SU5URVJOU0hJUF8xNzcyMjExOTMwNjlhMWNlZGEyNDI2OA==,2026-03-06T16:37:10.619302+00:00,,"{""work_type"": ""Virtual Internship"", ""openings"": ""8"", ""apply_by"": ""31-Mar-2026""}"
CONTENT STRATEGIST,PRANAYUV TECHNOLOGIES PRIVATE LIMITED,"Pan India,",6 Months,Unpaid,['Content Writing'],27-Feb-2026,Immediately,Internship,AICTE,https://internship.aicte-india.org/internship-details.php?uid=SU5URVJOU0hJUF8xNzcyMjEwNDYzNjlhMWM5MWY3NDc1Nw==,2026-03-06T16:37:10.687855+00:00,,"{""work_type"": ""Virtual Internship"", ""openings"": ""8"", ""apply_by"": ""31-Mar-2026""}"
REVIEWS TEAM INTERN,UPTOSKILLS,"Pan India,",3 Months,Unpaid,[],27-Feb-2026,Immediately,Internship,AICTE,https://internship.aicte-india.org/internship-details.php?uid=SU5URVJOU0hJUF8xNzcyMjEwODgxNjlhMWNhYzE5NDVlZA==,2026-03-06T16:37:10.756752+00:00,,"{""work_type"": ""Virtual Internship"", ""openings"": ""10"", ""apply_by"": ""09-Mar-2026""}"
CONTENT WRITERS,PRANAYUV TECHNOLOGIES PRIVATE LIMITED,"Pan India,",6 Months,Unpaid,['Content Writing'],27-Feb-2026,Immediately,Internship,AICTE,https://internship.aicte-india.org/internship-details.php?uid=SU5URVJOU0hJUF8xNzcyMjA5MTQxNjlhMWMzZjU1OGVkNg==,2026-03-06T16:37:10.825948+00:00,,"{""work_type"": ""Virtual Internship"", ""openings"": ""8"", ""apply_by"": ""31-Mar-2026""}"
LINKEDIN CONTENT INTERN,UPTOSKILLS,"Pan India,",3 Months,Unpaid,['Content Writing'],27-Feb-2026,Immediately,Internship,AICTE,https://internship.aicte-india.org/internship-details.php?uid=SU5URVJOU0hJUF8xNzcyMjEwMjgyNjlhMWM4NmE5MTEwZA==,2026-03-06T16:37:11.973303+00:00,,"{""work_type"": ""Virtual Internship"", ""openings"": ""10"", ""apply_by"": ""09-Mar-2026""}"
COPYWRITER,PRANAYUV TECHNOLOGIES PRIVATE LIMITED,"Pan India,",6 Months,Unpaid,[],27-Feb-2026,Immediately,Internship,AICTE,https://internship.aicte-india.org/internship-details.php?uid=SU5URVJOU0hJUF8xNzcyMjA4NjIyNjlhMWMxZWUwODQxZQ==,2026-03-06T16:37:12.038548+00:00,,"{""work_type"": ""Virtual Internship"", ""openings"": ""8"", ""apply_by"": ""31-Mar-2026""}"
MERN FULL STACK DEVELOPER INTERN,UPTOSKILLS,"Pan India,",3 Months,Unpaid,"['MongoDB', 'Express', 'React', 'Node.js']",27-Feb-2026,Immediately,Internship,AICTE,https://internship.aicte-india.org/internship-details.php?uid=SU5URVJOU0hJUF8xNzcyMjA4OTE5NjlhMWMzMTdiYTUzMw==,2026-03-06T16:37:12.108031+00:00,,"{""work_type"": ""Virtual Internship"", ""openings"": ""10"", ""apply_by"": ""09-Mar-2026""}"
PYTHON - AI - ML - DATA SCIENCE - JAVA - WEBSITE DEVELOPMENT INTERNSHIP,CodeMore,"Pan India,",2 Months,Unpaid,"['Python', 'Machine Learning', 'EDA', 'Java']",27-Feb-2026,Immediately,Internship,AICTE,https://internship.aicte-india.org/internship-details.php?uid=SU5URVJOU0hJUF8xNzcyMjA4NzYxNjlhMWMyNzk0MDc2Mg==,2026-03-06T16:37:12.174816+00:00,,"{""work_type"": ""Full Time"", ""openings"": ""2"", ""apply_by"": ""20-May-2026""}"
CYBER SECURITY INTERNSHIP,codegeeky,"Pan India,",2 Months,Unpaid,['Cybersecurity'],27-Feb-2026,Immediately,Internship,AICTE,https://internship.aicte-india.org/internship-details.php?uid=SU5URVJOU0hJUF8xNzcyMjA4MDQzNjlhMWJmYWJjOTk1MQ==,2026-03-06T16:37:12.243924+00:00,,"{""work_type"": ""Full Time"", ""openings"": ""2"", ""apply_by"": ""29-Jun-2026""}"
DIGITAL MARKETING INTERNSHIP – AI TOOLS & AUTOMATION,MYNA SEVA FOUNDATION Private Limited,"Pan India,",12 Weeks,Unpaid,"['Python', 'Machine Learning', 'Digital Marketing', 'SEO']",27-Feb-2026,Immediately,Internship,AICTE,https://internship.aicte-india.org/internship-details.php?uid=SU5URVJOU0hJUF8xNzcyMjA1Mjc4NjlhMWI0ZGUwNDJlNA==,2026-03-06T16:37:12.313609+00:00,,"{""work_type"": ""Virtual Internship"", ""openings"": ""10"", ""apply_by"": ""30-Apr-2026""}"
DATA SCIENCE AND SECURITY,the coding company,"Hyderabad,",3 Months,Unpaid,"['Python', 'EDA', 'Machine Learning']",27-Feb-2026,Immediately,Internship,AICTE,https://internship.aicte-india.org/internship-details.php?uid=SU5URVJOU0hJUF8xNzcyMjAyOTMyNjlhMWFiYjQzN2JhMg==,2026-03-06T16:37:12.380920+00:00,,"{""work_type"": ""Full Time"", ""openings"": ""7"", ""apply_by"": ""27-Aug-2026""}"
MARKET RESEARCH INTERN,UPTOSKILLS,"Pan India,",3 Months,Unpaid,['Market Research'],27-Feb-2026,Immediately,Internship,AICTE,https://internship.aicte-india.org/internship-details.php?uid=SU5URVJOU0hJUF8xNzcyMTk4ODE3NjlhMTliYTExYWUwMg==,2026-03-06T16:37:12.448967+00:00,,"{""work_type"": ""Virtual Internship"", ""openings"": ""10"", ""apply_by"": ""09-Mar-2026""}"
AI RESEARCH INTERN,UPTOSKILLS,"Pan India,",3 Months,Unpaid,"['Python', 'Machine Learning']",27-Feb-2026,Immediately,Internship,AICTE,https://internship.aicte-india.org/internship-details.php?uid=SU5URVJOU0hJUF8xNzcyMTk3MTkzNjlhMTk1NDk5YWYxNQ==,2026-03-06T16:37:12.518470+00:00,,"{""work_type"": ""Virtual Internship"", ""openings"": ""10"", ""apply_by"": ""09-Mar-2026""}"
PROJECT MANAGEMENT,DIGITAL ABHIYAN,"Bangalore,",6 Weeks,Unpaid,['Project Management'],27-Feb-2026,Immediately,Internship,AICTE,https://internship.aicte-india.org/internship-details.php?uid=SU5URVJOU0hJUF8xNzcyMTk1ODA4NjlhMThmZTA3MGFlZg==,2026-03-06T16:37:12.584764+00:00,,"{""work_type"": ""Full Time"", ""openings"": ""10"", ""apply_by"": ""31-Mar-2026""}"
SALES EXECUTIVE (CLC),DIGITAL ABHIYAN,"Bangalore,",6 Weeks,Unpaid,['Sales'],27-Feb-2026,Immediately,Internship,AICTE,https://internship.aicte-india.org/internship-details.php?uid=SU5URVJOU0hJUF8xNzcyMTk0NjYwNjlhMThiNjRiMDU2MA==,2026-03-06T16:37:13.729241+00:00,,"{""work_type"": ""Full Time"", ""openings"": ""10"", ""apply_by"": ""31-Mar-2026""}"
HR INTERN,DIGITAL ABHIYAN,"Bangalore,",6 Weeks,Unpaid,"['Recruitment', 'HR Operations']",27-Feb-2026,Immediately,Internship,AICTE,https://internship.aicte-india.org/internship-details.php?uid=SU5URVJOU0hJUF8xNzcyMTkyMTA2NjlhMTgxNmFjYjc0Mg==,2026-03-06T16:37:13.797667+00:00,,"{""work_type"": ""Full Time"", ""openings"": ""10"", ""apply_by"": ""31-Mar-2026""}"
DIGITAL MARKETING,DIGITAL ABHIYAN,"Bangalore,",6 Weeks,Unpaid,"['Digital Marketing', 'SEO']",27-Feb-2026,Immediately,Internship,AICTE,https://internship.aicte-india.org/internship-details.php?uid=SU5URVJOU0hJUF8xNzcyMTg5NDAwNjlhMTc2ZDhjZmI1Ng==,2026-03-06T16:37:13.868135+00:00,,"{""work_type"": ""Full Time"", ""openings"": ""10"", ""apply_by"": ""30-Mar-2026""}"
INTERSHIP PROGRAM AT LOWER PAINGANGA PROJECT DIVISION YAVATMAL,MHWRD2201Yavatmal Irrigation Project Circle Yavatmal,"Yavatmal,",6 Weeks,Unpaid,[],27-Feb-2026,Immediately,Internship,AICTE,https://internship.aicte-india.org/internship-details.php?uid=SU5URVJOU0hJUF8xNzcyMTg1OTI1NjlhMTY5NDU2YmU0Zg==,2026-03-06T16:37:13.936144+00:00,,"{""work_type"": ""Full Time"", ""openings"": ""2"", ""apply_by"": ""22-Mar-2026""}"
ACCOUNT AND ADMIN,BluePlanet Infosolutions India Pvt Ltd,"Pan India,",6 Months,Unpaid,['Accounting'],27-Feb-2026,Immediately,Internship,AICTE,https://internship.aicte-india.org/internship-details.php?uid=SU5URVJOU0hJUF8xNzcyMTg2MzY4NjlhMTZiMDA5ZTI0Nw==,2026-03-06T16:37:14.005172+00:00,,"{""work_type"": ""Virtual Internship"", ""openings"": ""10"", ""apply_by"": ""30-Mar-2026""}"
INTERSHIP PROGRAM AT YAVATMAL PROJECT CONSTRUCTION DIVISION YAVATMAL,MHWRD2201Yavatmal Irrigation Project Circle Yavatmal,"Yavatmal,",6 Weeks,Unpaid,[],27-Feb-2026,Immediately,Internship,AICTE,https://internship.aicte-india.org/internship-details.php?uid=SU5URVJOU0hJUF8xNzcyMTg0MDMyNjlhMTYxZTA3MWRiMA==,2026-03-06T16:37:14.075650+00:00,,"{""work_type"": ""Full Time"", ""openings"": ""2"", ""apply_by"": ""20-Mar-2026""}"
FLUTTER DEVELOPER INTERN,BluePlanet Infosolutions India Pvt Ltd,"Pan India,",6 Months,Unpaid,"['Flutter', 'Dart']",27-Feb-2026,Immediately,Internship,AICTE,https://internship.aicte-india.org/internship-details.php?uid=SU5URVJOU0hJUF8xNzcyMTc5ODUxNjlhMTUxOGIwZmVmYg==,2026-03-06T16:37:14.143629+00:00,,"{""work_type"": ""Virtual Internship"", ""openings"": ""10"", ""apply_by"": ""30-Mar-2026""}"
BUSINESS ANALYTICS INTERNSHIP,Uniconverge Technologies Pvt Ltd,"Pan India,",6 Weeks,Unpaid,[],27-Feb-2026,Immediately,Internship,AICTE,https://internship.aicte-india.org/internship-details.php?uid=SU5URVJOU0hJUF8xNzcyMTc3OTA2NjlhMTQ5ZjIwYjBlYw==,2026-03-06T16:37:14.211990+00:00,,"{""work_type"": ""Part Time"", ""openings"": ""10"", ""apply_by"": ""31-Jul-2026""}"
PYTHON PROGRAMMING INTERNSHIP,codegeeky,"Pan India,",2 Months,Unpaid,['Python'],27-Feb-2026,Immediately,Internship,AICTE,https://internship.aicte-india.org/internship-details.php?uid=SU5URVJOU0hJUF8xNzcyMTc2NjYzNjlhMTQ1MTczNTM2ZQ==,2026-03-06T16:37:14.280892+00:00,,"{""work_type"": ""Full Time"", ""openings"": ""2"", ""apply_by"": ""13-May-2026""}"
ARTIFICIAL INTELLIGENCE & MACHINE LEARNING INTERNSHIP,CodeMore,"Pan India,",2 Months,Unpaid,"['Python', 'Machine Learning']",27-Feb-2026,Immediately,Internship,AICTE,https://internship.aicte-india.org/internship-details.php?uid=SU5URVJOU0hJUF8xNzcyMTc2NTgxNjlhMTQ0YzUxZDQxNw==,2026-03-06T16:37:14.352208+00:00,,"{""work_type"": ""Full Time"", ""openings"": ""2"", ""apply_by"": ""22-Apr-2026""}"
"6 MONTHS INTERNSHIP IN INDUSTRY FOCUSED, AI AUGMENTED, MENTOR LED NEXT GEN CIVIL ENGINEERING",SURE Trust,"Pan India,",6 Months,Unpaid,"['Python', 'Machine Learning']",27-Feb-2026,Immediately,Internship,AICTE,https://internship.aicte-india.org/internship-details.php?uid=SU5URVJOU0hJUF8xNzcyMTc0MDAxNjlhMTNhYjE4ODBkYQ==,2026-03-06T16:37:15.513518+00:00,,"{""work_type"": ""Virtual Internship"", ""openings"": ""10"", ""apply_by"": ""27-Aug-2026""}"
DEVOPS / CLOUD COMPUTING INTERNSHIP,CodeMore,"Pan India,",2 Months,Unpaid,"['Cloud Computing', 'Docker', 'CI/CD']",27-Feb-2026,Immediately,Internship,AICTE,https://internship.aicte-india.org/internship-details.php?uid=SU5URVJOU0hJUF8xNzcyMTYwODE2NjlhMTA3MzAzMjIyMA==,2026-03-06T16:37:15.586355+00:00,,"{""work_type"": ""Full Time"", ""openings"": ""2"", ""apply_by"": ""13-May-2026""}"
GUI DEVELOPER INTERNSHIP,codegeeky,"Pan India,",4 Months,Unpaid,[],27-Feb-2026,Immediately,Internship,AICTE,https://internship.aicte-india.org/internship-details.php?uid=SU5URVJOU0hJUF8xNzcyMTYwMTI2NjlhMTA0N2UyODViZA==,2026-03-06T16:37:15.665793+00:00,,"{""work_type"": ""Full Time"", ""openings"": ""2"", ""apply_by"": ""13-May-2026""}"
HR INTERN,UPTOSKILLS,"Pan India,",3 Months,Unpaid,"['Recruitment', 'HR Operations']",26-Feb-2026,Immediately,Internship,AICTE,https://internship.aicte-india.org/internship-details.php?uid=SU5URVJOU0hJUF8xNzcyMTI5MTYyNjlhMDhiOGFlMTdlZQ==,2026-03-06T16:37:15.758332+00:00,,"{""work_type"": ""Virtual Internship"", ""openings"": ""10"", ""apply_by"": ""08-Mar-2026""}"
ARTIFICIAL INTELLIGENCE INTERN,UPTOSKILLS,"Pan India,",3 Months,Unpaid,"['Python', 'Machine Learning']",26-Feb-2026,Immediately,Internship,AICTE,https://internship.aicte-india.org/internship-details.php?uid=SU5URVJOU0hJUF8xNzcyMTI1NzU4NjlhMDdlM2U3NzFkZA==,2026-03-06T16:37:15.838707+00:00,,"{""work_type"": ""Virtual Internship"", ""openings"": ""10"", ""apply_by"": ""08-Mar-2026""}"
POWER CONVERTERS AND CONTROL TECHNIQUES FOR ELECTRIC VEHICLE,VAULTSPHERE AI TECHNOLOGIES PRIVATE LIMITED,"Pan India,",4 Months,Unpaid,[],26-Feb-2026,Immediately,Internship,AICTE,https://internship.aicte-india.org/internship-details.php?uid=SU5URVJOU0hJUF8xNzcyMTI0NDI0NjlhMDc5MDgxMjhlMw==,2026-03-06T16:37:15.922083+00:00,,"{""work_type"": ""Virtual Internship"", ""openings"": ""10"", ""apply_by"": ""26-Mar-2026""}"
PROMPT ENGINEERING INTERN,UPTOSKILLS,"Pan India,",3 Months,Unpaid,['Prompt Engineering'],26-Feb-2026,Immediately,Internship,AICTE,https://internship.aicte-india.org/internship-details.php?uid=SU5URVJOU0hJUF8xNzcyMTI0Mjc2NjlhMDc4NzQ0NWUyYw==,2026-03-06T16:37:16.003241+00:00,,"{""work_type"": ""Virtual Internship"", ""openings"": ""10"", ""apply_by"": ""08-Mar-2026""}"
DEVOPS / CLOUD COMPUTING INTERNSHIP,codegeeky,"Pan India,",2 Months,Unpaid,"['Cloud Computing', 'Docker', 'CI/CD']",26-Feb-2026,Immediately,Internship,AICTE,https://internship.aicte-india.org/internship-details.php?uid=SU5URVJOU0hJUF8xNzcyMTIwMTkwNjlhMDY4N2U2NTc1YQ==,2026-03-06T16:37:16.093350+00:00,,"{""work_type"": ""Full Time"", ""openings"": ""2"", ""apply_by"": ""20-May-2026""}"
CLOUD COMPUTING / AWS LEARNING INTERNSHIP,CodeMore,"Pan India,",2 Months,Unpaid,['Cloud Computing'],26-Feb-2026,Immediately,Internship,AICTE,https://internship.aicte-india.org/internship-details.php?uid=SU5URVJOU0hJUF8xNzcyMTIwMTE0NjlhMDY4MzI5OTI3MQ==,2026-03-06T16:37:16.184516+00:00,,"{""work_type"": ""Full Time"", ""openings"": ""2"", ""apply_by"": ""14-May-2026""}"
OUTREACH INTERN,GNANADHARA FOUNDATION,"Hyderabad,",3 Months,Unpaid,[],26-Feb-2026,Immediately,Internship,AICTE,https://internship.aicte-india.org/internship-details.php?uid=SU5URVJOU0hJUF8xNzcyMTE5NTE5NjlhMDY1ZGYwMWIyNA==,2026-03-06T16:37:16.284495+00:00,,"{""work_type"": ""Full Time"", ""openings"": ""10"", ""apply_by"": ""26-Mar-2026""}"
.NET DEVELOPER INTERNSHIP,codegeeky,"Pan India,",2 Months,Unpaid,[],26-Feb-2026,Immediately,Internship,AICTE,https://internship.aicte-india.org/internship-details.php?uid=SU5URVJOU0hJUF8xNzcyMTE0NjIzNjlhMDUyYmY2M2ZkOQ==,2026-03-06T16:37:17.459239+00:00,,"{""work_type"": ""Full Time"", ""openings"": ""2"", ""apply_by"": ""25-May-2026""}"
LINUX ADMINISTRATOR & AWS CLOUD INTERNSHIP,CodeMore,"Pan India,",2 Months,Unpaid,"['Cloud Computing', 'Linux']",26-Feb-2026,Immediately,Internship,AICTE,https://internship.aicte-india.org/internship-details.php?uid=SU5URVJOU0hJUF8xNzcyMTE0NTcyNjlhMDUyOGM5MDQ3OQ==,2026-03-06T16:37:17.556941+00:00,,"{""work_type"": ""Full Time"", ""openings"": ""2"", ""apply_by"": ""21-May-2026""}"
VIDEO EDITOR,GNANADHARA FOUNDATION,"Hyderabad,",3 Months,Unpaid,['Video Editing'],26-Feb-2026,Immediately,Internship,AICTE,https://internship.aicte-india.org/internship-details.php?uid=SU5URVJOU0hJUF8xNzcyMTEyNzEzNjlhMDRiNDliNzAzMw==,2026-03-06T16:37:17.655812+00:00,,"{""work_type"": ""Full Time"", ""openings"": ""10"", ""apply_by"": ""26-Mar-2026""}"
PYTHON PROGRAMMING INTERNSHIP,codegeeky,"Pan India,",3 Months,Unpaid,['Python'],26-Feb-2026,Immediately,Internship,AICTE,https://internship.aicte-india.org/internship-details.php?uid=SU5URVJOU0hJUF8xNzcyMDkwNTA5Njk5ZmY0OGRlNzBiNw==,2026-03-06T16:37:17.753335+00:00,,"{""work_type"": ""Full Time"", ""openings"": ""2"", ""apply_by"": ""20-May-2026""}"
JAVA PROGRAMMING INTERNSHIP,CodeMore,"Pan India,",2 Months,Unpaid,['Java'],26-Feb-2026,Immediately,Internship,AICTE,https://internship.aicte-india.org/internship-details.php?uid=SU5URVJOU0hJUF8xNzcyMDkwMzkxNjk5ZmY0MTc2MDNiNw==,2026-03-06T16:37:17.840798+00:00,,"{""work_type"": ""Full Time"", ""openings"": ""2"", ""apply_by"": ""22-Apr-2026""}"
C++ PROGRAMMING INTERNSHIP,CodeMore,"Pan India,",2 Months,Unpaid,['C++'],26-Feb-2026,Immediately,Internship,AICTE,https://internship.aicte-india.org/internship-details.php?uid=SU5URVJOU0hJUF8xNzcyMDg4OTgxNjk5ZmVlOTU0NjZlYw==,2026-03-06T16:37:17.940179+00:00,,"{""work_type"": ""Full Time"", ""openings"": ""2"", ""apply_by"": ""15-Apr-2026""}"
FLUTTER APP DEVELOPMENT INTERNSHIP,codegeeky,"Pan India,",2 Months,Unpaid,"['Flutter', 'Dart', 'Mobile Development']",26-Feb-2026,Immediately,Internship,AICTE,https://internship.aicte-india.org/internship-details.php?uid=SU5URVJOU0hJUF8xNzcyMDg4OTE3Njk5ZmVlNTU5ZjFlZA==,2026-03-06T16:37:18.031297+00:00,,"{""work_type"": ""Full Time"", ""openings"": ""2"", ""apply_by"": ""22-Apr-2026""}"
DATA SCIENCE INTERNSHIP,codegeeky,"Pan India,",2 Months,Unpaid,"['Python', 'EDA', 'Machine Learning']",26-Feb-2026,Immediately,Internship,AICTE,https://internship.aicte-india.org/internship-details.php?uid=SU5URVJOU0hJUF8xNzcyMDg2MTcyNjk5ZmUzOWM2NjU5ZA==,2026-03-06T16:37:18.126324+00:00,,"{""work_type"": ""Full Time"", ""openings"": ""2"", ""apply_by"": ""23-Apr-2026""}"
CYBER SECURITY INTERNSHIP,CodeMore,"Pan India,",2 Months,Unpaid,['Cybersecurity'],26-Feb-2026,Immediately,Internship,AICTE,https://internship.aicte-india.org/internship-details.php?uid=SU5URVJOU0hJUF8xNzcyMDg2MDA4Njk5ZmUyZjhmMzRkNw==,2026-03-06T16:37:18.239859+00:00,,"{""work_type"": ""Full Time"", ""openings"": ""2"", ""apply_by"": ""20-May-2026""}"
CLOUD COMPUTING & DEVOPS INTERNSHIP,CodeMore,"Pan India,",2 Months,Unpaid,"['Cloud Computing', 'Docker', 'CI/CD']",26-Feb-2026,Immediately,Internship,AICTE,https://internship.aicte-india.org/internship-details.php?uid=SU5URVJOU0hJUF8xNzcyMDg0NDU5Njk5ZmRjZWIwODY5Ng==,2026-03-06T16:37:18.339251+00:00,,"{""work_type"": ""Full Time"", ""openings"": ""2"", ""apply_by"": ""29-Apr-2026""}"
ARTIFICIAL INTELLIGENCE & MACHINE LEARNING INTERNSHIP,codegeeky,"Pan India,",7 Weeks,Unpaid,"['Python', 'Machine Learning']",26-Feb-2026,Immediately,Internship,AICTE,https://internship.aicte-india.org/internship-details.php?uid=SU5URVJOU0hJUF8xNzcyMDg0MzY4Njk5ZmRjOTBkNjZhMw==,2026-03-06T16:37:19.596609+00:00,,"{""work_type"": ""Full Time"", ""openings"": ""2"", ""apply_by"": ""29-Apr-2026""}"
VLSI INTERN,Avendia,"Pan India,",4 Months,Unpaid,['VLSI'],26-Feb-2026,Immediately,Internship,AICTE,https://internship.aicte-india.org/internship-details.php?uid=SU5URVJOU0hJUF8xNzcyMDY3NDYxNjk5ZjlhODU0Mzk3OQ==,2026-03-06T16:37:19.707331+00:00,,"{""work_type"": ""Virtual Internship"", ""openings"": ""10"", ""apply_by"": ""31-Mar-2026""}"
SOCIAL MEDIA CONTENT CREATOR,GNANADHARA FOUNDATION,"Hyderabad,",3 Months,Unpaid,['Content Writing'],25-Feb-2026,Immediately,Internship,AICTE,https://internship.aicte-india.org/internship-details.php?uid=SU5URVJOU0hJUF8xNzcyMDMyODgzNjk5ZjEzNzM3YzMxOQ==,2026-03-06T16:37:19.811201+00:00,,"{""work_type"": ""Full Time"", ""openings"": ""10"", ""apply_by"": ""25-Mar-2026""}"
DATA MINING INTERN,UPTOSKILLS,"Pan India,",3 Months,Unpaid,[],25-Feb-2026,Immediately,Internship,AICTE,https://internship.aicte-india.org/internship-details.php?uid=SU5URVJOU0hJUF8xNzcyMDMwNTQyNjk5ZjBhNGUyMTA1Ng==,2026-03-06T16:37:19.901911+00:00,,"{""work_type"": ""Virtual Internship"", ""openings"": ""10"", ""apply_by"": ""07-Mar-2026""}"
BUSINESS ANALYST INTERN,UPTOSKILLS,"Pan India,",3 Months,Unpaid,[],25-Feb-2026,Immediately,Internship,AICTE,https://internship.aicte-india.org/internship-details.php?uid=SU5URVJOU0hJUF8xNzcyMDI4NTUwNjk5ZjAyODY1NGZhMw==,2026-03-06T16:37:19.998583+00:00,,"{""work_type"": ""Virtual Internship"", ""openings"": ""10"", ""apply_by"": ""07-Mar-2026""}"
VIDEO EDITOR,GNANADHARA FOUNDATION,"Pan India,",3 Months,Unpaid,['Video Editing'],25-Feb-2026,Immediately,Internship,AICTE,https://internship.aicte-india.org/internship-details.php?uid=SU5URVJOU0hJUF8xNzcyMDI3MjY3Njk5ZWZkODM5NGI5YQ==,2026-03-06T16:37:20.091101+00:00,,"{""work_type"": ""Full Time"", ""openings"": ""10"", ""apply_by"": ""25-Mar-2026""}"
FINANCE INTERN,UPTOSKILLS,"Pan India,",3 Months,Unpaid,"['Financial Analysis', 'Excel']",25-Feb-2026,Immediately,Internship,AICTE,https://internship.aicte-india.org/internship-details.php?uid=SU5URVJOU0hJUF8xNzcyMDI2OTQ0Njk5ZWZjNDA3YTYyYQ==,2026-03-06T16:37:20.190679+00:00,,"{""work_type"": ""Virtual Internship"", ""openings"": ""10"", ""apply_by"": ""07-Mar-2026""}"
DEEP LEARNING INTERN,UPTOSKILLS,"Pan India,",3 Months,Unpaid,"['Python', 'Deep Learning']",25-Feb-2026,Immediately,Internship,AICTE,https://internship.aicte-india.org/internship-details.php?uid=SU5URVJOU0hJUF8xNzcyMDI1NDUyNjk5ZWY2NmNmMDIxYw==,2026-03-06T16:37:20.284492+00:00,,"{""work_type"": ""Virtual Internship"", ""openings"": ""10"", ""apply_by"": ""07-Mar-2026""}"
PRODUCT DESIGNER,BluePlanet Infosolutions India Pvt Ltd,"Pan India,",6 Months,Unpaid,[],25-Feb-2026,Immediately,Internship,AICTE,https://internship.aicte-india.org/internship-details.php?uid=SU5URVJOU0hJUF8xNzcyMDEyMDQ5Njk5ZWMyMTFmNDEzYw==,2026-03-06T16:37:20.401871+00:00,,"{""work_type"": ""Virtual Internship"", ""openings"": ""10"", ""apply_by"": ""20-Mar-2026""}"
FULL STACK DEVELOPER,Avendia,"Pan India,",6 Months,Unpaid,"['JavaScript', 'React', 'APIs']",25-Feb-2026,Immediately,Internship,AICTE,https://internship.aicte-india.org/internship-details.php?uid=SU5URVJOU0hJUF8xNzcxOTgyOTY4Njk5ZTUwNzhhN2ExMQ==,2026-03-06T16:37:20.488041+00:00,,"{""work_type"": ""Virtual Internship"", ""openings"": ""10"", ""apply_by"": ""31-Mar-2026""}"
AIML INTERN,Avendia,"Pan India,",6 Months,Unpaid,[],25-Feb-2026,Immediately,Internship,AICTE,https://internship.aicte-india.org/internship-details.php?uid=SU5URVJOU0hJUF8xNzcxOTgxNDA5Njk5ZTRhNjEyMGZjZA==,2026-03-06T16:37:21.662938+00:00,,"{""work_type"": ""Virtual Internship"", ""openings"": ""10"", ""apply_by"": ""31-Mar-2026""}"
GAMING PROCESS EXECUTIVE,BluePlanet Infosolutions India Pvt Ltd,"Pan India,",6 Months,Unpaid,[],24-Feb-2026,Immediately,Internship,AICTE,https://internship.aicte-india.org/internship-details.php?uid=SU5URVJOU0hJUF8xNzcxOTQzNzEzNjk5ZGI3MjFlMmE1MQ==,2026-03-06T16:37:21.756140+00:00,,"{""work_type"": ""Virtual Internship"", ""openings"": ""10"", ""apply_by"": ""30-Mar-2026""}"
AI DEVELOPER,BluePlanet Infosolutions India Pvt Ltd,"Pan India,",6 Months,Unpaid,"['Python', 'Machine Learning']",24-Feb-2026,Immediately,Internship,AICTE,https://internship.aicte-india.org/internship-details.php?uid=SU5URVJOU0hJUF8xNzcxOTQxODY3Njk5ZGFmZWIyMDNmZQ==,2026-03-06T16:37:21.856375+00:00,,"{""work_type"": ""Virtual Internship"", ""openings"": ""10"", ""apply_by"": ""30-Mar-2026""}"
DIGITAL MARKETING INTERN,valuex innovations,"Sri Potti Sriramulu Nellore,Tirupati,",3 Months,Unpaid,"['Digital Marketing', 'SEO']",24-Feb-2026,Immediately,Internship,AICTE,https://internship.aicte-india.org/internship-details.php?uid=SU5URVJOU0hJUF8xNzcxOTI4MjIxNjk5ZDdhOWRjYzQzYQ==,2026-03-06T16:37:21.961886+00:00,,"{""work_type"": ""Full Time"", ""openings"": ""3"", ""apply_by"": ""24-Mar-2026""}"
WORK FROM OFFICE - PUNE LOCATION,BluePlanet Infosolutions India Pvt Ltd,"Pune,",6 Months,Unpaid,[],24-Feb-2026,Immediately,Internship,AICTE,https://internship.aicte-india.org/internship-details.php?uid=SU5URVJOU0hJUF8xNzcxOTA0NjUzNjk5ZDFlOGQ2ZWJmYQ==,2026-03-06T16:37:22.042410+00:00,,"{""work_type"": ""Part Time"", ""openings"": ""10"", ""apply_by"": ""10-Mar-2026""}"
WEB DEVELOPER (INTERN),Avendia,"Pan India,",4 Months,Unpaid,[],24-Feb-2026,Immediately,Internship,AICTE,https://internship.aicte-india.org/internship-details.php?uid=SU5URVJOU0hJUF8xNzcxODkzOTQ2Njk5Y2Y0YmE0YWU5ZA==,2026-03-06T16:37:22.133000+00:00,,"{""work_type"": ""Virtual Internship"", ""openings"": ""10"", ""apply_by"": ""31-Mar-2026""}"
NODE JS INTERN,UPTOSKILLS,"Pan India,",3 Months,Unpaid,['Node.js'],23-Feb-2026,Immediately,Internship,AICTE,https://internship.aicte-india.org/internship-details.php?uid=SU5URVJOU0hJUF8xNzcxODU2ODMzNjk5YzYzYzE3NjgwYQ==,2026-03-06T16:37:22.226711+00:00,,"{""work_type"": ""Virtual Internship"", ""openings"": ""10"", ""apply_by"": ""06-Mar-2026""}"
FULL STACK DEVELOPER (SOFTWARE ENGINEER),segura invendors,"Pan India,",6 Weeks,Unpaid,"['JavaScript', 'React', 'APIs']",23-Feb-2026,Immediately,Internship,AICTE,https://internship.aicte-india.org/internship-details.php?uid=SU5URVJOU0hJUF8xNzcxODU1ODIyNjk5YzVmY2VjYjU3ZQ==,2026-03-06T16:37:22.318846+00:00,,"{""work_type"": ""Virtual Internship"", ""openings"": ""9"", ""apply_by"": ""23-Aug-2026""}"
ORBITAL SYSTEM INTERN,UPTOSKILLS,"Pan India,",3 Months,Unpaid,[],23-Feb-2026,Immediately,Internship,AICTE,https://internship.aicte-india.org/internship-details.php?uid=SU5URVJOU0hJUF8xNzcxODU0MjUyNjk5YzU5YWM1ODkxZQ==,2026-03-06T16:37:22.402741+00:00,,"{""work_type"": ""Virtual Internship"", ""openings"": ""10"", ""apply_by"": ""06-Mar-2026""}"
SOLID WASTE MANAGEMENT AND ENVIRONMENTAL ENGINEERING,Greater Warangal Municipal Corporation,"Warangal ,",2 Months,2000 /month,[],23-Feb-2026,Immediately,Internship,AICTE,https://internship.aicte-india.org/internship-details.php?uid=SU5URVJOU0hJUEdPVl8xNzcxODM0NjAxNjk5YzBjZTliNmFmNw==&level=Mg==,2026-03-06T16:37:22.494734+00:00,,"{""work_type"": ""Full Time"", ""openings"": ""5"", ""apply_by"": ""15-Mar-2026""}"
CLOUD COMPUTING,Avendia,"Pan India,",4 Months,Unpaid,['Cloud Computing'],23-Feb-2026,Immediately,Internship,AICTE,https://internship.aicte-india.org/internship-details.php?uid=SU5URVJOU0hJUF8xNzcxODExNzU0Njk5YmIzYWE3ZDYwYQ==,2026-03-06T16:37:23.695446+00:00,,"{""work_type"": ""Virtual Internship"", ""openings"": ""8"", ""apply_by"": ""31-Mar-2026""}"
MECHANICAL PRODUCT DESIGNER,PRANAYUV TECHNOLOGIES PRIVATE LIMITED,"Pan India,",6 Months,Unpaid,[],22-Feb-2026,Immediately,Internship,AICTE,https://internship.aicte-india.org/internship-details.php?uid=SU5URVJOU0hJUF8xNzcxNzcxNDk3Njk5YjE2Njk3NDRhMg==,2026-03-06T16:37:23.793437+00:00,,"{""work_type"": ""Virtual Internship"", ""openings"": ""8"", ""apply_by"": ""15-Mar-2026""}"
BUSINESS DEVELOPMENT,Internwave Edtech,"Indore,",4 Months,15000 /month,"['Communication', 'Sales']",22-Feb-2026,Immediately,Internship,AICTE,https://internship.aicte-india.org/internship-details.php?uid=SU5URVJOU0hJUF8xNzcxNzQ4NDU5Njk5YWJjNmIzZjljZQ==,2026-03-06T16:37:23.885485+00:00,,"{""work_type"": ""Full Time"", ""openings"": ""30"", ""apply_by"": ""14-Mar-2026""}"
SOLIDWORKS,Avendia,"Pan India,",2 Months,Unpaid,['SolidWorks'],22-Feb-2026,Immediately,Internship,AICTE,https://internship.aicte-india.org/internship-details.php?uid=SU5URVJOU0hJUF8xNzcxNzMwNjkxNjk5YTc3MDNkMWM2Ng==,2026-03-06T16:37:23.971308+00:00,,"{""work_type"": ""Virtual Internship"", ""openings"": ""10"", ""apply_by"": ""31-Mar-2026""}"
VLSI INTERNSHIP,Avendia,"Pan India,",2 Months,Unpaid,['VLSI'],22-Feb-2026,Immediately,Internship,AICTE,https://internship.aicte-india.org/internship-details.php?uid=SU5URVJOU0hJUF8xNzcxNzI5NDA4Njk5YTcyMDA2MjljOQ==,2026-03-06T16:37:24.069628+00:00,,"{""work_type"": ""Virtual Internship"", ""openings"": ""10"", ""apply_by"": ""31-Mar-2026""}"
AIML,SprintM Technologies,"Pan India,",3 Months,Unpaid,[],21-Feb-2026,Immediately,Internship,AICTE,https://internship.aicte-india.org/internship-details.php?uid=SU5URVJOU0hJUF8xNzcxNjgxODkxNjk5OWI4NjM0MDU2OQ==,2026-03-06T16:37:24.173794+00:00,,"{""work_type"": ""Virtual Internship"", ""openings"": ""10"", ""apply_by"": ""13-Aug-2026""}"
DATA SCIENCE,Avendia,"Pan India,",2 Months,Unpaid,"['Python', 'EDA', 'Machine Learning']",21-Feb-2026,Immediately,Internship,AICTE,https://internship.aicte-india.org/internship-details.php?uid=SU5URVJOU0hJUF8xNzcxNjUxODc2Njk5OTQzMjQ0ZDdhNQ==,2026-03-06T16:37:24.267311+00:00,,"{""work_type"": ""Virtual Internship"", ""openings"": ""10"", ""apply_by"": ""31-Mar-2026""}"
ARTIFICIAL INTELLIGENCE & MACHINE LEARNING INTERNSHIP,codegeeky,"Pan India,",2 Months,Unpaid,"['Python', 'Machine Learning']",21-Feb-2026,Immediately,Internship,AICTE,https://internship.aicte-india.org/internship-details.php?uid=SU5URVJOU0hJUF8xNzcxNjUwNjc5Njk5OTNlNzdkNTg3Nw==,2026-03-06T16:37:24.366685+00:00,,"{""work_type"": ""Full Time"", ""openings"": ""2"", ""apply_by"": ""20-May-2026""}"
CLOUD COMPUTING & DEVOPS INTERNSHIP,CodeMore,"Pan India,",2 Months,Unpaid,"['Cloud Computing', 'Docker', 'CI/CD']",21-Feb-2026,Immediately,Internship,AICTE,https://internship.aicte-india.org/internship-details.php?uid=SU5URVJOU0hJUF8xNzcxNjQ5NzMzNjk5OTNhYzU2MDY1OQ==,2026-03-06T16:37:24.464312+00:00,,"{""work_type"": ""Full Time"", ""openings"": ""2"", ""apply_by"": ""19-May-2026""}"
INTERNSHIP ON RENEWABLE ENERGY,Mallikarjuna Infosys,"Pan India,",4 Months,Unpaid,[],21-Feb-2026,Immediately,Internship,AICTE,https://internship.aicte-india.org/internship-details.php?uid=SU5URVJOU0hJUF8xNzcxNjQzOTMyNjk5OTI0MWM1OWQzYg==,2026-03-06T16:37:24.562744+00:00,,"{""work_type"": ""Full Time"", ""openings"": ""10"", ""apply_by"": ""19-Aug-2026""}"
ARTIFICIAL INTELLIGENCE AND MACHINE LEARNING,Avendia,"Pan India,",2 Months,Unpaid,"['Python', 'Machine Learning']",21-Feb-2026,Immediately,Internship,AICTE,https://internship.aicte-india.org/internship-details.php?uid=SU5URVJOU0hJUF8xNzcxNjQxMzAyNjk5OTE5ZDY1YWZlMw==,2026-03-06T16:37:25.742993+00:00,,"{""work_type"": ""Virtual Internship"", ""openings"": ""10"", ""apply_by"": ""31-Mar-2026""}"
INTERNSHIP ON RENEWABLE ENERGY,Mallikarjuna Infosys,"Pan India,",4 Months,Unpaid,[],21-Feb-2026,Immediately,Internship,AICTE,https://internship.aicte-india.org/internship-details.php?uid=SU5URVJOU0hJUF8xNzcxNjM5NzgwNjk5OTEzZTQ1ZWEwNg==,2026-03-06T16:37:25.840361+00:00,,"{""work_type"": ""Full Time"", ""openings"": ""10"", ""apply_by"": ""20-Aug-2026""}"
WEB DEVELOPMENT,Avendia,"Pan India,",2 Months,Unpaid,"['HTML', 'CSS', 'JavaScript']",21-Feb-2026,Immediately,Internship,AICTE,https://internship.aicte-india.org/internship-details.php?uid=SU5URVJOU0hJUF8xNzcxNjM5ODUxNjk5OTE0MmJiMjM4Mw==,2026-03-06T16:37:25.939480+00:00,,"{""work_type"": ""Virtual Internship"", ""openings"": ""10"", ""apply_by"": ""31-Mar-2026""}"
INTERNSHIP ON RENEWABLE ENERGY,Mallikarjuna Infosys,"Pan India,",4 Months,Unpaid,[],21-Feb-2026,Immediately,Internship,AICTE,https://internship.aicte-india.org/internship-details.php?uid=SU5URVJOU0hJUF8xNzcxNjM5NTk3Njk5OTEzMmRiZWE2Mg==,2026-03-06T16:37:26.054531+00:00,,"{""work_type"": ""Full Time"", ""openings"": ""10"", ""apply_by"": ""21-Aug-2026""}"
EVENT PLANNING INTERN,GNANADHARA FOUNDATION,"Pan India,",3 Months,Unpaid,[],21-Feb-2026,Immediately,Internship,AICTE,https://internship.aicte-india.org/internship-details.php?uid=SU5URVJOU0hJUF8xNzcxNjEyMjUzNjk5OGE4NWRhMWZmMw==,2026-03-06T16:37:26.137657+00:00,,"{""work_type"": ""Full Time"", ""openings"": ""10"", ""apply_by"": ""21-Mar-2026""}"
PROMOTER,GNANADHARA FOUNDATION,"Hyderabad,",2 Months,Unpaid,[],20-Feb-2026,Immediately,Internship,AICTE,https://internship.aicte-india.org/internship-details.php?uid=SU5URVJOU0hJUF8xNzcxNjEwMjU5Njk5OGEwOTM5ZjVlNg==,2026-03-06T16:37:26.241928+00:00,,"{""work_type"": ""Full Time"", ""openings"": ""10"", ""apply_by"": ""20-Mar-2026""}"
MUSIC CLUB INTERN,BluePlanet Infosolutions India Pvt Ltd,"Pan India,",6 Months,Unpaid,[],20-Feb-2026,Immediately,Internship,AICTE,https://internship.aicte-india.org/internship-details.php?uid=SU5URVJOU0hJUF8xNzcxNTk2NDg4Njk5ODZhYzgxMGVhNw==,2026-03-06T16:37:26.340214+00:00,,"{""work_type"": ""Virtual Internship"", ""openings"": ""10"", ""apply_by"": ""30-Mar-2026""}"
EMBEDDED INTERN,BluePlanet Infosolutions India Pvt Ltd,"Pan India,",6 Months,Unpaid,"['Embedded Systems', 'C']",20-Feb-2026,Immediately,Internship,AICTE,https://internship.aicte-india.org/internship-details.php?uid=SU5URVJOU0hJUF8xNzcxNTk1MTk2Njk5ODY1YmNjNWE0OA==,2026-03-06T16:37:26.437401+00:00,,"{""work_type"": ""Virtual Internship"", ""openings"": ""10"", ""apply_by"": ""30-Mar-2026""}"
PROJECT COORDINATOR,BluePlanet Infosolutions India Pvt Ltd,"Pan India,",6 Months,Unpaid,[],20-Feb-2026,Immediately,Internship,AICTE,https://internship.aicte-india.org/internship-details.php?uid=SU5URVJOU0hJUF8xNzcxNTkzODYwNjk5ODYwODQ2NDBhYQ==,2026-03-06T16:37:26.519049+00:00,,"{""work_type"": ""Virtual Internship"", ""openings"": ""10"", ""apply_by"": ""30-Mar-2026""}"
BUSINESS/MARKET NEWS RESEARCHER,BluePlanet Infosolutions India Pvt Ltd,"Pan India,",6 Months,Unpaid,[],20-Feb-2026,Immediately,Internship,AICTE,https://internship.aicte-india.org/internship-details.php?uid=SU5URVJOU0hJUF8xNzcxNTkzNjQ3Njk5ODVmYWY5NjhjMQ==,2026-03-06T16:37:26.644266+00:00,,"{""work_type"": ""Virtual Internship"", ""openings"": ""10"", ""apply_by"": ""30-Mar-2026""}"
ARTIFICIAL INTELLIGENCE & MACHINE LEARNING INTERNSHIP,codegeeky,"Pan India,",2 Months,Unpaid,"['Python', 'Machine Learning']",20-Feb-2026,Immediately,Internship,AICTE,https://internship.aicte-india.org/internship-details.php?uid=SU5URVJOU0hJUF8xNzcxNTkyODU4Njk5ODVjOWE2MzM3ZA==,2026-03-06T16:37:27.813540+00:00,,"{""work_type"": ""Full Time"", ""openings"": ""2"", ""apply_by"": ""25-May-2026""}"
FULL-STACK WEB DEVELOPMENT INTERNSHIP,CodeMore,"Pan India,",2 Months,Unpaid,"['JavaScript', 'React', 'APIs', 'HTML']",20-Feb-2026,Immediately,Internship,AICTE,https://internship.aicte-india.org/internship-details.php?uid=SU5URVJOU0hJUF8xNzcxNTkyNDE5Njk5ODVhZTNkMzVmYQ==,2026-03-06T16:37:27.899343+00:00,,"{""work_type"": ""Full Time"", ""openings"": ""2"", ""apply_by"": ""15-Apr-2026""}"
CODING CLUB INTERN,BluePlanet Infosolutions India Pvt Ltd,"Pan India,",6 Months,Unpaid,[],20-Feb-2026,Immediately,Internship,AICTE,https://internship.aicte-india.org/internship-details.php?uid=SU5URVJOU0hJUF8xNzcxNTkxNDYyNjk5ODU3MjZiNGU4Zg==,2026-03-06T16:37:27.980956+00:00,,"{""work_type"": ""Virtual Internship"", ""openings"": ""10"", ""apply_by"": ""30-Mar-2026""}"
DATA ANALYST,MINDSEEKERS TECHNOLOGIES PRIVATE LIMITED,"Pan India,",6 Months,10000 /month,"['SQL', 'Excel']",20-Feb-2026,Immediately,Internship,AICTE,https://internship.aicte-india.org/internship-details.php?uid=SU5URVJOU0hJUF8xNzcxNTg4NDU0Njk5ODRiNjZhNjEyMA==,2026-03-06T16:37:28.078998+00:00,,"{""work_type"": ""Full Time"", ""openings"": ""60"", ""apply_by"": ""20-Aug-2026""}"
HELP DESK TECHNICAL AND EMAIL SUPPORT SPECIALIST,NETAPS Foundation,"West Delhi,",3 Months,20000 /month,[],20-Feb-2026,Immediately,Internship,AICTE,https://internship.aicte-india.org/internship-details.php?uid=SU5URVJOU0hJUF8xNzcxNTgzMDgwNjk5ODM2Njg5NDJjZA==,2026-03-06T16:37:28.179487+00:00,,"{""work_type"": ""Full Time"", ""openings"": ""50"", ""apply_by"": ""30-May-2026""}"
ARTIFICIAL INTELLIGENCE APPLICATIONS FOR OPERATIONAL TASKS,SMARTX TECHNOLOGIES,"Pan India,",8 Weeks,Unpaid,"['Python', 'Machine Learning']",20-Feb-2026,Immediately,Internship,AICTE,https://internship.aicte-india.org/internship-details.php?uid=SU5URVJOU0hJUF8xNzcxNTgwMDEzNjk5ODJhNmQ0OTMxMQ==,2026-03-06T16:37:28.277915+00:00,,"{""work_type"": ""Virtual Internship"", ""openings"": ""10"", ""apply_by"": ""06-Mar-2026""}"
GEN/AGENTIC AI ENGINEER,Durbhasi gurukulam private limited,"Pan India,",6 Months,Unpaid,"['Python', 'Machine Learning']",20-Feb-2026,Immediately,Internship,AICTE,https://internship.aicte-india.org/internship-details.php?uid=SU5URVJOU0hJUF8xNzcxNTc5OTA3Njk5ODJhMDNkZDNhNA==,2026-03-06T16:37:28.386030+00:00,,"{""work_type"": ""Full Time"", ""openings"": ""5"", ""apply_by"": ""08-Apr-2026""}"
OPTIEXPERT TRACK: BUILDING INTELLIGENT DEVELOPER TOOLSON,Doneswari Technologies LLP,"Tirupati,",7 Weeks,Unpaid,[],20-Feb-2026,Immediately,Internship,AICTE,https://internship.aicte-india.org/internship-details.php?uid=SU5URVJOU0hJUF8xNzcxNTc2NTQ0Njk5ODFjZTAxZjk0ZA==,2026-03-06T16:37:28.492470+00:00,,"{""work_type"": ""Full Time"", ""openings"": ""8"", ""apply_by"": ""20-Aug-2026""}"
CAMPUS AMBASSADOR INTERNSHIP,Yhills Edutech Private Limited,"Pan India,",2 Months,10000 /month,[],20-Feb-2026,Immediately,Internship,AICTE,https://internship.aicte-india.org/internship-details.php?uid=SU5URVJOU0hJUF8xNzcxNTc2MTYxNjk5ODFiNjFhNWM3OQ==,2026-03-06T16:37:28.604182+00:00,,"{""work_type"": ""Virtual Internship"", ""openings"": ""10"", ""apply_by"": ""10-Mar-2026""}"
ADVANCED AI & MACHINE LEARNING: INTELLIGENT CHAT WITH YOUR PDF USING RAG,Doneswari Technologies LLP,"Tirupati,",7 Weeks,Unpaid,"['Python', 'Machine Learning']",20-Feb-2026,Immediately,Internship,AICTE,https://internship.aicte-india.org/internship-details.php?uid=SU5URVJOU0hJUF8xNzcxNTc1MDg4Njk5ODE3MzA5ZjFkYw==,2026-03-06T16:37:28.710893+00:00,,"{""work_type"": ""Full Time"", ""openings"": ""8"", ""apply_by"": ""20-Aug-2026""}"
BLEEP TRAINING AND INTERNSHIP PROGRAM,BLEEP EDUCATION,"Pan India,",2 Months,Unpaid,[],20-Feb-2026,Immediately,Internship,AICTE,https://internship.aicte-india.org/internship-details.php?uid=SU5URVJOU0hJUF8xNzcxNTc0Mjk5Njk5ODE0MWIxZjNhMA==,2026-03-06T16:37:29.932153+00:00,,"{""work_type"": ""Full Time"", ""openings"": ""10"", ""apply_by"": ""20-Aug-2026""}"
AI & MACHINE LEARNING PROJECT: MOVIE RECOMMENDATION ENGINE,Doneswari Technologies LLP,"Tirupati,",7 Weeks,Unpaid,"['Python', 'Machine Learning']",20-Feb-2026,Immediately,Internship,AICTE,https://internship.aicte-india.org/internship-details.php?uid=SU5URVJOU0hJUF8xNzcxNTczNDgyNjk5ODEwZWE2MjUxYw==,2026-03-06T16:37:30.036864+00:00,,"{""work_type"": ""Full Time"", ""openings"": ""8"", ""apply_by"": ""20-Aug-2026""}"
AI/ML ENGINEER,Durbhasi gurukulam private limited,"Pan India,",6 Months,Unpaid,"['Python', 'Machine Learning']",20-Feb-2026,Immediately,Internship,AICTE,https://internship.aicte-india.org/internship-details.php?uid=SU5URVJOU0hJUF8xNzcxNTcxNDA3Njk5ODA4Y2Y5MjkyZg==,2026-03-06T16:37:30.137472+00:00,,"{""work_type"": ""Full Time"", ""openings"": ""5"", ""apply_by"": ""08-Apr-2026""}"
DIGITAL MARKETING INTERNSHIP,Uniconverge Technologies Pvt Ltd,"Pan India,",6 Weeks,Unpaid,"['Digital Marketing', 'SEO']",20-Feb-2026,Immediately,Internship,AICTE,https://internship.aicte-india.org/internship-details.php?uid=SU5URVJOU0hJUF8xNzcxNTY4NzkyNjk5N2ZlOTgwOWE2Zg==,2026-03-06T16:37:30.221932+00:00,,"{""work_type"": ""Full Time"", ""openings"": ""10"", ""apply_by"": ""31-Jul-2026""}"
CREDIT CARD FRAUD DETECTION,Doneswari Technologies LLP,"Tirupati,",7 Weeks,Unpaid,[],20-Feb-2026,Immediately,Internship,AICTE,https://internship.aicte-india.org/internship-details.php?uid=SU5URVJOU0hJUF8xNzcxNTY4NTcyNjk5N2ZkYmM5MzU5MA==,2026-03-06T16:37:30.306522+00:00,,"{""work_type"": ""Full Time"", ""openings"": ""8"", ""apply_by"": ""20-Aug-2026""}"
CORE JAVA PROGRAMMING INTERNSHIP,Uniconverge Technologies Pvt Ltd,"Pan India,",6 Weeks,Unpaid,['Java'],20-Feb-2026,Immediately,Internship,AICTE,https://internship.aicte-india.org/internship-details.php?uid=SU5URVJOU0hJUF8xNzcxNTY0ODI1Njk5N2VmMTljMjc5OQ==,2026-03-06T16:37:30.410295+00:00,,"{""work_type"": ""Full Time"", ""openings"": ""10"", ""apply_by"": ""31-Jul-2026""}"
USED CAR PRICE PREDICTOR – MACHINE LEARNING FROM SCRATCH TO DEPLOYMENT,Doneswari Technologies LLP,"Tirupati,",7 Weeks,Unpaid,"['Python', 'Machine Learning']",20-Feb-2026,Immediately,Internship,AICTE,https://internship.aicte-india.org/internship-details.php?uid=SU5URVJOU0hJUF8xNzcxNTU5MTgyNjk5N2Q5MGU1YWMxZA==,2026-03-06T16:37:30.507537+00:00,,"{""work_type"": ""Full Time"", ""openings"": ""8"", ""apply_by"": ""20-Aug-2026""}"
SWACCH BHARAT MISSION URBAN INTERNSHIP,Kanpur Municipal Corporation,"Kanpur ,",6 Weeks,5150 /month,[],19-Feb-2026,Immediately,Internship,AICTE,https://internship.aicte-india.org/internship-details.php?uid=SU5URVJOU0hJUEdPVlNCTV8xNzcxNTA0MjQ4Njk5NzAyNzg5ZDM2OQ==&level=Mg==,2026-03-06T16:37:30.605183+00:00,,"{""work_type"": ""Full Time"", ""openings"": ""15"", ""apply_by"": ""15-Mar-2026""}"
INTERNET OF THINGS (IOT) & EMBEDDED SYSTEMS INTERNSHIP,Uniconverge Technologies Pvt Ltd,"Pan India,",6 Weeks,Unpaid,"['Embedded Systems', 'C', 'IoT']",19-Feb-2026,Immediately,Internship,AICTE,https://internship.aicte-india.org/internship-details.php?uid=SU5URVJOU0hJUF8xNzcxNTA0MDEzNjk5NzAxOGQ5OTM5Yw==,2026-03-06T16:37:30.699208+00:00,,"{""work_type"": ""Part Time"", ""openings"": ""10"", ""apply_by"": ""31-Jul-2026""}"
DATA SCIENCE INTERNSHIP,ANAPTY CODEEMY TECHNOLOGIES PRIVATE LIMITED,"Pan India,",2 Months,6000 /month,"['Python', 'EDA', 'Machine Learning']",19-Feb-2026,Immediately,Internship,AICTE,https://internship.aicte-india.org/internship-details.php?uid=SU5URVJOU0hJUF8xNzcxNTAxMDk5Njk5NmY2MmI4MGM1NA==,2026-03-06T16:37:30.819417+00:00,,"{""work_type"": ""Full Time"", ""openings"": ""15"", ""apply_by"": ""30-Jun-2026""}"
UI/UX DESIGN & PRODUCT DESIGN INTERNSHIP,Uniconverge Technologies Pvt Ltd,"Pan India,",6 Weeks,Unpaid,['UI/UX Design'],19-Feb-2026,Immediately,Internship,AICTE,https://internship.aicte-india.org/internship-details.php?uid=SU5URVJOU0hJUF8xNzcxNTAwMzIxNjk5NmYzMjE2Mjc2Zg==,2026-03-06T16:37:32.047944+00:00,,"{""work_type"": ""Part Time"", ""openings"": ""10"", ""apply_by"": ""31-Jul-2026""}"
ARTIFICIAL INTELLIGENCE AND MACHINE LEARNING INTERNSHIP,ANAPTY CODEEMY TECHNOLOGIES PRIVATE LIMITED,"Coimbatore,",2 Months,8000 /month,"['Python', 'Machine Learning']",19-Feb-2026,Immediately,Internship,AICTE,https://internship.aicte-india.org/internship-details.php?uid=SU5URVJOU0hJUF8xNzcxNDk2OTgyNjk5NmU2MTYwNzVlMw==,2026-03-06T16:37:32.192681+00:00,,"{""work_type"": ""Full Time"", ""openings"": ""25"", ""apply_by"": ""30-Jun-2026""}"
GENERATIVE AI AND PROMPT ENGINEERING INTERNSHIP,Uniconverge Technologies Pvt Ltd,"Pan India,",6 Weeks,Unpaid,"['Python', 'Machine Learning', 'Prompt Engineering', 'Generative AI']",19-Feb-2026,Immediately,Internship,AICTE,https://internship.aicte-india.org/internship-details.php?uid=SU5URVJOU0hJUF8xNzcxNDkwNDc5Njk5NmNjYWZiZTVmNw==,2026-03-06T16:37:32.324722+00:00,,"{""work_type"": ""Part Time"", ""openings"": ""10"", ""apply_by"": ""31-Jul-2026""}"
DATA SCIENCE AND ANALYTICS INTERNSHIP,Uniconverge Technologies Pvt Ltd,"Pan India,",6 Weeks,Unpaid,"['Python', 'EDA', 'Machine Learning']",19-Feb-2026,Immediately,Internship,AICTE,https://internship.aicte-india.org/internship-details.php?uid=SU5URVJOU0hJUF8xNzcxNDg3MjMyNjk5NmMwMDAzNTRhYQ==,2026-03-06T16:37:32.456949+00:00,,"{""work_type"": ""Part Time"", ""openings"": ""10"", ""apply_by"": ""31-Jul-2026""}"
ARTIFICIAL INTELLIGENCE AND MACHINE LEARNING INTERNSHIP 6 WEEKS,Uniconverge Technologies Pvt Ltd,"Pan India,",6 Weeks,Unpaid,"['Python', 'Machine Learning']",19-Feb-2026,Immediately,Internship,AICTE,https://internship.aicte-india.org/internship-details.php?uid=SU5URVJOU0hJUF8xNzcxNDg1MTk3Njk5NmI4MGRkYjlhZA==,2026-03-06T16:37:32.582540+00:00,,"{""work_type"": ""Part Time"", ""openings"": ""10"", ""apply_by"": ""31-Jul-2026""}"
E BOOK READERS,BluePlanet Infosolutions India Pvt Ltd,"Pan India,",6 Months,Unpaid,[],19-Feb-2026,Immediately,Internship,AICTE,https://internship.aicte-india.org/internship-details.php?uid=SU5URVJOU0hJUF8xNzcxNDc5NTgwNjk5NmEyMWM1ZjFlOQ==,2026-03-06T16:37:32.708991+00:00,,"{""work_type"": ""Virtual Internship"", ""openings"": ""10"", ""apply_by"": ""20-Mar-2026""}"
SOFTWARE TEST ENGINEER,Xyzon Innovations Private Limited,"Pan India,",3 Months,Unpaid,[],19-Feb-2026,Immediately,Internship,AICTE,https://internship.aicte-india.org/internship-details.php?uid=SU5URVJOU0hJUF8xNzcxNDc2OTUwNjk5Njk3ZDY1NWE3Mg==,2026-03-06T16:37:32.814683+00:00,,"{""work_type"": ""Virtual Internship"", ""openings"": ""10"", ""apply_by"": ""19-Apr-2026""}"
THE NETFLIX DATA ANALYST,Doneswari Technologies LLP,"Tirupati,",7 Weeks,Unpaid,"['SQL', 'Excel']",19-Feb-2026,Immediately,Internship,AICTE,https://internship.aicte-india.org/internship-details.php?uid=SU5URVJOU0hJUF8xNzcxNDc3ODg5Njk5NjliODFlMDQ4NQ==,2026-03-06T16:37:32.932927+00:00,,"{""work_type"": ""Full Time"", ""openings"": ""8"", ""apply_by"": ""19-Aug-2026""}"
YOUTUBE COMMENT SENTIMENT ANALYZER – DATA ANALYSIS & AUTOMATION,Doneswari Technologies LLP,"Tirupati,",7 Weeks,Unpaid,[],19-Feb-2026,Immediately,Internship,AICTE,https://internship.aicte-india.org/internship-details.php?uid=SU5URVJOU0hJUF8xNzcxNDczOTY4Njk5NjhjMzBiZmM5ZA==,2026-03-06T16:37:33.062083+00:00,,"{""work_type"": ""Full Time"", ""openings"": ""8"", ""apply_by"": ""19-Aug-2026""}"
FULL STACK DEVELOPER (SOFTWARE ENGINEER),Bhit Infotech Pvt Ltd,"Pan India,",6 Months,Unpaid,"['JavaScript', 'React', 'APIs']",18-Feb-2026,Immediately,Internship,AICTE,https://internship.aicte-india.org/internship-details.php?uid=SU5URVJOU0hJUF8xNzcxNDMzNDA1Njk5NWVkYmQ2NGYwZQ==,2026-03-06T16:37:33.171954+00:00,,"{""work_type"": ""Virtual Internship"", ""openings"": ""10"", ""apply_by"": ""15-Mar-2026""}"
C++ PROGRAMMING INTERNSHIP,CodeMore,"Pan India,",2 Months,Unpaid,['C++'],18-Feb-2026,Immediately,Internship,AICTE,https://internship.aicte-india.org/internship-details.php?uid=SU5URVJOU0hJUF8xNzcxNDI2NDE5Njk5NWQyNzNkYTZhZg==,2026-03-06T16:37:34.321048+00:00,,"{""work_type"": ""Full Time"", ""openings"": ""2"", ""apply_by"": ""21-May-2026""}"
DIGITAL MARKETING,MINDSEEKERS TECHNOLOGIES PRIVATE LIMITED,"Pan India,",6 Months,10000 /month,"['Digital Marketing', 'SEO']",18-Feb-2026,Immediately,Internship,AICTE,https://internship.aicte-india.org/internship-details.php?uid=SU5URVJOU0hJUF8xNzcxNDE2OTE2Njk5NWFkNTQ3MjlhOA==,2026-03-06T16:37:34.395526+00:00,,"{""work_type"": ""Full Time"", ""openings"": ""60"", ""apply_by"": ""18-Aug-2026""}"
EMBEDDED & IOT INTERN,Tarcin Robotic LLP,"Chinna Salem,Dindigul,Erode,KARUR,MADURAI,NAMAKKAL,SALEM,SIVAGANGAI,TRICHIRAPPALLI,VIRUDHUNAGAR,",12 Months,Unpaid,"['Embedded Systems', 'C', 'IoT']",18-Feb-2026,Immediately,Internship,AICTE,https://internship.aicte-india.org/internship-details.php?uid=SU5URVJOU0hJUF8xNzcxNDE2NDkxNjk5NWFiYWIyNGZmZA==,2026-03-06T16:37:34.472448+00:00,,"{""work_type"": ""Full Time"", ""openings"": ""10"", ""apply_by"": ""18-Aug-2026""}"
REACT DEVELOPER,Nihal Software,"Delhi,Faridabad,Gurugram,",6 Weeks,6500 /month,['React'],18-Feb-2026,Immediately,Internship,AICTE,https://internship.aicte-india.org/internship-details.php?uid=SU5URVJOU0hJUF8xNzcxNDE2MzY5Njk5NWFiMzE5M2RhZQ==,2026-03-06T16:37:34.542363+00:00,,"{""work_type"": ""Full Time"", ""openings"": ""4"", ""apply_by"": ""01-Apr-2026""}"
FULL STACK DEVELOPER (SOFTWARE ENGINEER),SARA BUSINESS SOLUTIONS,"Pan India,",6 Weeks,Unpaid,"['JavaScript', 'React', 'APIs']",18-Feb-2026,Immediately,Internship,AICTE,https://internship.aicte-india.org/internship-details.php?uid=SU5URVJOU0hJUF8xNzcxNDA1Nzg4Njk5NTgxZGNlMjUyYw==,2026-03-06T16:37:34.640456+00:00,,"{""work_type"": ""Virtual Internship"", ""openings"": ""10"", ""apply_by"": ""31-Mar-2026""}"
WEB DEVELOPMENT,INTERNMITRA TECHNOLOGIES PRIVATE LIMITED,"Pan India,",8 Weeks,5000-15000 /month,"['HTML', 'CSS', 'JavaScript']",17-Feb-2026,Immediately,Internship,AICTE,https://internship.aicte-india.org/internship-details.php?uid=SU5URVJOU0hJUF8xNzcxMzQyNDEwNjk5NDhhNGFjMzg5MA==,2026-03-06T16:37:34.743676+00:00,,"{""work_type"": ""Virtual Internship"", ""openings"": ""10"", ""apply_by"": ""01-Jul-2026""}"
WEB DEVELOPER (INTERN),Vision Internz,"Pan India,",2 Months,Unpaid,[],17-Feb-2026,Immediately,Internship,AICTE,https://internship.aicte-india.org/internship-details.php?uid=SU5URVJOU0hJUF8xNzcxMzQwOTYyNjk5NDg0YTIwZmFkMg==,2026-03-06T16:37:34.827494+00:00,,"{""work_type"": ""Virtual Internship"", ""openings"": ""2"", ""apply_by"": ""30-Jun-2026""}"
FULL-STACK WEB DEVELOPMENT INTERNSHIP,codegeeky,"Pan India,",2 Months,Unpaid,"['JavaScript', 'React', 'APIs', 'HTML']",17-Feb-2026,Immediately,Internship,AICTE,https://internship.aicte-india.org/internship-details.php?uid=SU5URVJOU0hJUF8xNzcxMzM3MTQ4Njk5NDc1YmNkMzNiMA==,2026-03-06T16:37:34.917136+00:00,,"{""work_type"": ""Full Time"", ""openings"": ""2"", ""apply_by"": ""14-Apr-2026""}"
ARTIFICIAL INTELLIGENCE & MACHINE LEARNING INTERNSHIP,CodeMore,"Pan India,",2 Months,Unpaid,"['Python', 'Machine Learning']",17-Feb-2026,Immediately,Internship,AICTE,https://internship.aicte-india.org/internship-details.php?uid=SU5URVJOU0hJUF8xNzcxMzM1OTQ3Njk5NDcxMGI4MzEzMA==,2026-03-06T16:37:35.014927+00:00,,"{""work_type"": ""Full Time"", ""openings"": ""2"", ""apply_by"": ""07-May-2026""}"
WATER RESOURCES INTERN,MHWRD1601,"Latur,",4 Months,Unpaid,[],17-Feb-2026,Immediately,Internship,AICTE,https://internship.aicte-india.org/internship-details.php?uid=SU5URVJOU0hJUF8xNzcxMzIzMjU3Njk5NDNmNzk2MzFlMA==,2026-03-06T16:37:35.126796+00:00,,"{""work_type"": ""Full Time"", ""openings"": ""4"", ""apply_by"": ""31-Mar-2026""}"
DATA ANALYST (INTERN),BluePlanet Infosolutions India Pvt Ltd,"Pan India,",6 Months,Unpaid,"['SQL', 'Excel']",17-Feb-2026,Immediately,Internship,AICTE,https://internship.aicte-india.org/internship-details.php?uid=SU5URVJOU0hJUF8xNzcxMzA5MDI3Njk5NDA3ZTM4YTNmZQ==,2026-03-06T16:37:36.288822+00:00,,"{""work_type"": ""Virtual Internship"", ""openings"": ""10"", ""apply_by"": ""30-Mar-2026""}"
PYTHON - AI - ML - DATA SCIENCE - JAVA - WEBSITE DEVELOPMENT INTERNSHIP,codegeeky,"Pan India,",2 Months,Unpaid,"['Python', 'Machine Learning', 'EDA', 'Java']",17-Feb-2026,Immediately,Internship,AICTE,https://internship.aicte-india.org/internship-details.php?uid=SU5URVJOU0hJUF8xNzcxMjgzNTk3Njk5M2E0OGRkNGFhOA==,2026-03-06T16:37:36.370747+00:00,,"{""work_type"": ""Full Time"", ""openings"": ""2"", ""apply_by"": ""20-May-2026""}"
PYTHON PROGRAMMING INTERNSHIP,CodeMore,"Pan India,",2 Months,Unpaid,['Python'],17-Feb-2026,Immediately,Internship,AICTE,https://internship.aicte-india.org/internship-details.php?uid=SU5URVJOU0hJUF8xNzcxMjgzNTIzNjk5M2E0NDNjNTdjNw==,2026-03-06T16:37:36.458078+00:00,,"{""work_type"": ""Full Time"", ""openings"": ""2"", ""apply_by"": ""23-Jun-2026""}"
FULL STACK DEVELOPMENT INTERN,TechieHelp,"Pan India,",2 Months,Unpaid,"['JavaScript', 'React', 'APIs']",17-Feb-2026,Immediately,Internship,AICTE,https://internship.aicte-india.org/internship-details.php?uid=SU5URVJOU0hJUF8xNzcxMjcwNjkyNjk5MzcyMjQ0MWU4MQ==,2026-03-06T16:37:36.556079+00:00,,"{""work_type"": ""Full Time"", ""openings"": ""10"", ""apply_by"": ""05-May-2026""}"
MERN STACK DEVELOPER INTERN,TechieHelp,"Pan India,",2 Months,Unpaid,"['MongoDB', 'Express', 'React', 'Node.js']",17-Feb-2026,Immediately,Internship,AICTE,https://internship.aicte-india.org/internship-details.php?uid=SU5URVJOU0hJUF8xNzcxMjY5NDg4Njk5MzZkNzBlNzc1OA==,2026-03-06T16:37:36.637532+00:00,,"{""work_type"": ""Full Time"", ""openings"": ""10"", ""apply_by"": ""05-May-2026""}"
CYBERSECURITY INTERN,TechieHelp,"Pan India,",2 Months,Unpaid,['Cybersecurity'],17-Feb-2026,Immediately,Internship,AICTE,https://internship.aicte-india.org/internship-details.php?uid=SU5URVJOU0hJUF8xNzcxMjY5MzEzNjk5MzZjYzE1MmZjMg==,2026-03-06T16:37:36.731821+00:00,,"{""work_type"": ""Full Time"", ""openings"": ""10"", ""apply_by"": ""05-May-2026""}"
FRONTEND DEVELOPER INTERN,TechieHelp,"Pan India,",2 Months,Unpaid,"['HTML', 'CSS', 'JavaScript']",16-Feb-2026,Immediately,Internship,AICTE,https://internship.aicte-india.org/internship-details.php?uid=SU5URVJOU0hJUF8xNzcxMjYxMTIzNjk5MzRjYzMyOWJlMg==,2026-03-06T16:37:36.822028+00:00,,"{""work_type"": ""Full Time"", ""openings"": ""10"", ""apply_by"": ""05-May-2026""}"
ARTIFICIAL INTELLIGENCE AND MACHINE LEARNING INTERN,TechieHelp,"Pan India,",2 Months,Unpaid,"['Python', 'Machine Learning']",16-Feb-2026,Immediately,Internship,AICTE,https://internship.aicte-india.org/internship-details.php?uid=SU5URVJOU0hJUF8xNzcxMjYwODg2Njk5MzRiZDZhNjI3NQ==,2026-03-06T16:37:36.923920+00:00,,"{""work_type"": ""Full Time"", ""openings"": ""10"", ""apply_by"": ""05-May-2026""}"
INTERVIEW COORDINATOR INTERN,BluePlanet Infosolutions India Pvt Ltd,"Pan India,",6 Months,Unpaid,[],16-Feb-2026,Immediately,Internship,AICTE,https://internship.aicte-india.org/internship-details.php?uid=SU5URVJOU0hJUF8xNzcxMjU4OTA5Njk5MzQ0MWQwOWEwMw==,2026-03-06T16:37:37.025856+00:00,,"{""work_type"": ""Virtual Internship"", ""openings"": ""10"", ""apply_by"": ""30-Mar-2026""}"
GRAPHICS &JOB CARD DESIGN INTERN,BluePlanet Infosolutions India Pvt Ltd,"Pan India,",6 Months,Unpaid,['Graphic Design'],16-Feb-2026,Immediately,Internship,AICTE,https://internship.aicte-india.org/internship-details.php?uid=SU5URVJOU0hJUF8xNzcxMjU3OTcyNjk5MzQwNzQ3MmZjMg==,2026-03-06T16:37:37.128573+00:00,,"{""work_type"": ""Virtual Internship"", ""openings"": ""10"", ""apply_by"": ""30-Mar-2026""}"
ANCHOR/PRESENTER INTERN,BluePlanet Infosolutions India Pvt Ltd,"Pan India,",6 Months,Unpaid,[],16-Feb-2026,Immediately,Internship,AICTE,https://internship.aicte-india.org/internship-details.php?uid=SU5URVJOU0hJUF8xNzcxMjU2NTUwNjk5MzNhZTY0MjcyMw==,2026-03-06T16:37:38.304208+00:00,,"{""work_type"": ""Virtual Internship"", ""openings"": ""10"", ""apply_by"": ""30-Mar-2026""}"
N8N DEVELOPMENT,BluePlanet Infosolutions India Pvt Ltd,"Pan India,",6 Months,Unpaid,[],16-Feb-2026,Immediately,Internship,AICTE,https://internship.aicte-india.org/internship-details.php?uid=SU5URVJOU0hJUF8xNzcxMjUxMTI1Njk5MzI1YjU5MGRmNA==,2026-03-06T16:37:38.403851+00:00,,"{""work_type"": ""Virtual Internship"", ""openings"": ""10"", ""apply_by"": ""30-Mar-2026""}"
GRAPHICS DESIGNER INTERN,BluePlanet Infosolutions India Pvt Ltd,"Pan India,",6 Months,Unpaid,['Graphic Design'],16-Feb-2026,Immediately,Internship,AICTE,https://internship.aicte-india.org/internship-details.php?uid=SU5URVJOU0hJUF8xNzcxMjQ5OTM3Njk5MzIxMTFlYmQ4MA==,2026-03-06T16:37:38.504220+00:00,,"{""work_type"": ""Full Time"", ""openings"": ""10"", ""apply_by"": ""30-Mar-2026""}"
CLOUD COMPUTING,BLEEP EDUCATION,"Pan India,",2 Months,Unpaid,['Cloud Computing'],16-Feb-2026,Immediately,Internship,AICTE,https://internship.aicte-india.org/internship-details.php?uid=SU5URVJOU0hJUF8xNzcxMjUwMTQyNjk5MzIxZGUyMDUwMQ==,2026-03-06T16:37:38.585181+00:00,,"{""work_type"": ""Full Time"", ""openings"": ""10"", ""apply_by"": ""16-Aug-2026""}"
NEXT JS INTERN,BluePlanet Infosolutions India Pvt Ltd,"Pan India,",6 Months,Unpaid,[],16-Feb-2026,Immediately,Internship,AICTE,https://internship.aicte-india.org/internship-details.php?uid=SU5URVJOU0hJUF8xNzcxMjQ4ODM5Njk5MzFjYzdlNGY5Yw==,2026-03-06T16:37:38.660906+00:00,,"{""work_type"": ""Virtual Internship"", ""openings"": ""10"", ""apply_by"": ""30-Mar-2026""}"
SOFTWARE TESTING,BluePlanet Infosolutions India Pvt Ltd,"Pan India,",6 Months,Unpaid,[],16-Feb-2026,Immediately,Internship,AICTE,https://internship.aicte-india.org/internship-details.php?uid=SU5URVJOU0hJUF8xNzcxMjQ4MTk3Njk5MzFhNDU5MWQ5Nw==,2026-03-06T16:37:38.765470+00:00,,"{""work_type"": ""Virtual Internship"", ""openings"": ""10"", ""apply_by"": ""30-Mar-2026""}"
ANDROID APP DEVELOPMENT INTERN,TechieHelp,"Pan India,",2 Months,Unpaid,"['Android', 'Mobile Development']",16-Feb-2026,Immediately,Internship,AICTE,https://internship.aicte-india.org/internship-details.php?uid=SU5URVJOU0hJUF8xNzcxMjQ2OTY5Njk5MzE1NzliOGIyZg==,2026-03-06T16:37:38.855442+00:00,,"{""work_type"": ""Full Time"", ""openings"": ""10"", ""apply_by"": ""05-May-2026""}"
BUSINESS / MARKET RESEARCHER,BluePlanet Infosolutions India Pvt Ltd,"Pan India,",6 Months,Unpaid,['Market Research'],16-Feb-2026,Immediately,Internship,AICTE,https://internship.aicte-india.org/internship-details.php?uid=SU5URVJOU0hJUF8xNzcxMjQ3MDUzNjk5MzE1Y2RiMDU5Yg==,2026-03-06T16:37:38.947071+00:00,,"{""work_type"": ""Virtual Internship"", ""openings"": ""10"", ""apply_by"": ""30-Mar-2026""}"
QR & PLATFORM OPERATIONS INTERN,BluePlanet Infosolutions India Pvt Ltd,"Pan India,",6 Months,Unpaid,[],16-Feb-2026,Immediately,Internship,AICTE,https://internship.aicte-india.org/internship-details.php?uid=SU5URVJOU0hJUF8xNzcxMjQ1ODAxNjk5MzEwZTlkMzIxMA==,2026-03-06T16:37:39.042643+00:00,,"{""work_type"": ""Virtual Internship"", ""openings"": ""10"", ""apply_by"": ""30-Mar-2026""}"
JOB RESEARCH AND VERIFICATION INTERN,BluePlanet Infosolutions India Pvt Ltd,"Pan India,",6 Months,Unpaid,[],16-Feb-2026,Immediately,Internship,AICTE,https://internship.aicte-india.org/internship-details.php?uid=SU5URVJOU0hJUF8xNzcxMjQ0NDQ1Njk5MzBiOWRhYjRlMA==,2026-03-06T16:37:39.144560+00:00,,"{""work_type"": ""Virtual Internship"", ""openings"": ""10"", ""apply_by"": ""30-Mar-2026""}"
AUTOCAD AND MATLAB,MINDSEEKERS TECHNOLOGIES PRIVATE LIMITED,"Pan India,",6 Months,10000 /month,"['AutoCAD', 'MATLAB']",16-Feb-2026,Immediately,Internship,AICTE,https://internship.aicte-india.org/internship-details.php?uid=SU5URVJOU0hJUF8xNzcxMjQzMDAxNjk5MzA1Zjk4OGE0Zg==,2026-03-06T16:37:40.315956+00:00,,"{""work_type"": ""Full Time"", ""openings"": ""60"", ""apply_by"": ""16-Aug-2026""}"
WATER RESOURCES INTERN,MHWRD1601,"BEED,",6 Weeks,Unpaid,[],16-Feb-2026,Immediately,Internship,AICTE,https://internship.aicte-india.org/internship-details.php?uid=SU5URVJOU0hJUF8xNzcxMjM4Njg2Njk5MmY1MWU1YmIyNQ==,2026-03-06T16:37:40.411206+00:00,,"{""work_type"": ""Full Time"", ""openings"": ""8"", ""apply_by"": ""27-Mar-2026""}"
ARTIFICIAL INTELLIGENCE & MACHINE LEARNING INTERNSHIP,CodeMore,"Pan India,",2 Months,Unpaid,"['Python', 'Machine Learning']",16-Feb-2026,Immediately,Internship,AICTE,https://internship.aicte-india.org/internship-details.php?uid=SU5URVJOU0hJUF8xNzcxMjM4MjcwNjk5MmYzN2U5ZTRiNw==,2026-03-06T16:37:40.510050+00:00,,"{""work_type"": ""Full Time"", ""openings"": ""2"", ""apply_by"": ""27-May-2026""}"
PYTHON - AI - ML - DATA SCIENCE - JAVA - WEBSITE DEVELOPMENT INTERNSHIP,codegeeky,"Pan India,",2 Months,Unpaid,"['Python', 'Machine Learning', 'EDA', 'Java']",16-Feb-2026,Immediately,Internship,AICTE,https://internship.aicte-india.org/internship-details.php?uid=SU5URVJOU0hJUF8xNzcxMjM4MTY5Njk5MmYzMTlkMTU3MQ==,2026-03-06T16:37:40.607794+00:00,,"{""work_type"": ""Full Time"", ""openings"": ""2"", ""apply_by"": ""13-Jul-2026""}"
PYTHON PROGRAMMING INTERNSHIP,codegeeky,"Pan India,",2 Months,Unpaid,['Python'],16-Feb-2026,Immediately,Internship,AICTE,https://internship.aicte-india.org/internship-details.php?uid=SU5URVJOU0hJUF8xNzcxMjM0NDYzNjk5MmU0OWZkMTFlOA==,2026-03-06T16:37:40.709813+00:00,,"{""work_type"": ""Full Time"", ""openings"": ""2"", ""apply_by"": ""19-May-2026""}"
IT TRAINING & INTERNSHIP PROGRAM,aenexz tech private limited,"Bangalore,",3 Months,15000 /month,[],16-Feb-2026,Immediately,Internship,AICTE,https://internship.aicte-india.org/internship-details.php?uid=SU5URVJOU0hJUF8xNzcxMjI0OTc1Njk5MmJmOGY4MTQyMw==,2026-03-06T16:37:40.805894+00:00,,"{""work_type"": ""Full Time"", ""openings"": ""50"", ""apply_by"": ""04-Aug-2026""}"
DATA ANALYST (INTERN),PRARI WORKFORCE SOLUTION LLP,"Ahilyanagar,",6 Weeks,5000 /month,"['SQL', 'Excel']",16-Feb-2026,Immediately,Internship,AICTE,https://internship.aicte-india.org/internship-details.php?uid=SU5URVJOU0hJUF8xNzcxMjE4NDM2Njk5MmE2MDQzZDVmYg==,2026-03-06T16:37:40.906049+00:00,,"{""work_type"": ""Part Time"", ""openings"": ""40"", ""apply_by"": ""25-Mar-2026""}"
PYTHON PROGRAMMING INTERNSHIP,CodeMore,"Pan India,",2 Months,Unpaid,['Python'],16-Feb-2026,Immediately,Internship,AICTE,https://internship.aicte-india.org/internship-details.php?uid=SU5URVJOU0hJUF8xNzcxMjE3NTgzNjk5MmEyYWZkZDM2MQ==,2026-03-06T16:37:41.006652+00:00,,"{""work_type"": ""Full Time"", ""openings"": ""2"", ""apply_by"": ""14-May-2026""}"
JAVA PROGRAMMING INTERNSHIP,CodeMore,"Pan India,",2 Months,Unpaid,['Java'],16-Feb-2026,Immediately,Internship,AICTE,https://internship.aicte-india.org/internship-details.php?uid=SU5URVJOU0hJUF8xNzcxMjEzMTYzNjk5MjkxNmI3YzE1MA==,2026-03-06T16:37:41.102583+00:00,,"{""work_type"": ""Full Time"", ""openings"": ""2"", ""apply_by"": ""21-May-2026""}"
C++ PROGRAMMING INTERNSHIP,codegeeky,"Pan India,",2 Months,Unpaid,['C++'],16-Feb-2026,Immediately,Internship,AICTE,https://internship.aicte-india.org/internship-details.php?uid=SU5URVJOU0hJUF8xNzcxMjEzMTMzNjk5MjkxNGQxMGZkMA==,2026-03-06T16:37:41.205342+00:00,,"{""work_type"": ""Full Time"", ""openings"": ""2"", ""apply_by"": ""20-May-2026""}"
FLUTTER APP DEVELOPMENT INTERNSHIP,CodeMore,"Pan India,",2 Months,Unpaid,"['Flutter', 'Dart', 'Mobile Development']",16-Feb-2026,Immediately,Internship,AICTE,https://internship.aicte-india.org/internship-details.php?uid=SU5URVJOU0hJUF8xNzcxMjExOTE3Njk5MjhjOGQ1ZTMyZQ==,2026-03-06T16:37:42.376890+00:00,,"{""work_type"": ""Full Time"", ""openings"": ""2"", ""apply_by"": ""20-May-2026""}"
DATA SCIENCE INTERNSHIP,codegeeky,"Pan India,",2 Months,Unpaid,"['Python', 'EDA', 'Machine Learning']",16-Feb-2026,Immediately,Internship,AICTE,https://internship.aicte-india.org/internship-details.php?uid=SU5URVJOU0hJUF8xNzcxMjExODgxNjk5MjhjNjk1MDAzNw==,2026-03-06T16:37:42.445493+00:00,,"{""work_type"": ""Full Time"", ""openings"": ""2"", ""apply_by"": ""27-Apr-2026""}"
CYBER SECURITY INTERNSHIP,CodeMore,"Pan India,",2 Months,Unpaid,['Cybersecurity'],16-Feb-2026,Immediately,Internship,AICTE,https://internship.aicte-india.org/internship-details.php?uid=SU5URVJOU0hJUF8xNzcxMjEwMzgzNjk5Mjg2OGY5ZTRkMw==,2026-03-06T16:37:42.518151+00:00,,"{""work_type"": ""Full Time"", ""openings"": ""2"", ""apply_by"": ""28-May-2026""}"
CLOUD COMPUTING & DEVOPS INTERNSHIP,codegeeky,"Pan India,",2 Months,Unpaid,"['Cloud Computing', 'Docker', 'CI/CD']",16-Feb-2026,Immediately,Internship,AICTE,https://internship.aicte-india.org/internship-details.php?uid=SU5URVJOU0hJUF8xNzcxMjEwMzI3Njk5Mjg2NTc1MWFiMA==,2026-03-06T16:37:42.605692+00:00,,"{""work_type"": ""Full Time"", ""openings"": ""2"", ""apply_by"": ""13-May-2026""}"
ARTIFICIAL INTELLIGENCE & MACHINE LEARNING INTERNSHIP,codegeeky,"Pan India,",2 Months,Unpaid,"['Python', 'Machine Learning']",16-Feb-2026,Immediately,Internship,AICTE,https://internship.aicte-india.org/internship-details.php?uid=SU5URVJOU0hJUF8xNzcxMjA4MzI5Njk5MjdlODk3YzY3NQ==,2026-03-06T16:37:42.702489+00:00,,"{""work_type"": ""Full Time"", ""openings"": ""2"", ""apply_by"": ""23-Jun-2026""}"
FULL-STACK WEB DEVELOPMENT INTERNSHIP,CodeMore,"Pan India,",2 Months,Unpaid,"['JavaScript', 'React', 'APIs', 'HTML']",16-Feb-2026,Immediately,Internship,AICTE,https://internship.aicte-india.org/internship-details.php?uid=SU5URVJOU0hJUF8xNzcxMjA4MjgxNjk5MjdlNTllMGRjYQ==,2026-03-06T16:37:42.801877+00:00,,"{""work_type"": ""Full Time"", ""openings"": ""2"", ""apply_by"": ""28-May-2026""}"
CREATIVE CONTENT WRITER INTERN,BluePlanet Infosolutions India Pvt Ltd,"Pan India,",6 Months,Unpaid,['Content Writing'],15-Feb-2026,Immediately,Internship,AICTE,https://internship.aicte-india.org/internship-details.php?uid=SU5URVJOU0hJUF8xNzcxMTc5NTg0Njk5MjBlNDA1ZWJjYQ==,2026-03-06T16:37:42.901672+00:00,,"{""work_type"": ""Virtual Internship"", ""openings"": ""10"", ""apply_by"": ""30-Mar-2026""}"
DATA SCIENCE INTERNSHIP,CodeMore,"Pan India,",2 Months,Unpaid,"['Python', 'EDA', 'Machine Learning']",15-Feb-2026,Immediately,Internship,AICTE,https://internship.aicte-india.org/internship-details.php?uid=SU5URVJOU0hJUF8xNzcxMTc3MzMxNjk5MjA1NzNhMGJhYw==,2026-03-06T16:37:42.999790+00:00,,"{""work_type"": ""Full Time"", ""openings"": ""2"", ""apply_by"": ""30-Apr-2026""}"
ARTIFICIAL INTELLIGENCE & MACHINE LEARNING INTERNSHIP,codegeeky,"Pan India,",2 Months,Unpaid,"['Python', 'Machine Learning']",15-Feb-2026,Immediately,Internship,AICTE,https://internship.aicte-india.org/internship-details.php?uid=SU5URVJOU0hJUF8xNzcxMTc3MjMzNjk5MjA1MTE5MzM4NA==,2026-03-06T16:37:43.105883+00:00,,"{""work_type"": ""Full Time"", ""openings"": ""2"", ""apply_by"": ""23-Apr-2026""}"
CLUB COORDINATOR INTERN,BluePlanet Infosolutions India Pvt Ltd,"Pan India,",6 Months,Unpaid,[],15-Feb-2026,Immediately,Internship,AICTE,https://internship.aicte-india.org/internship-details.php?uid=SU5URVJOU0hJUF8xNzcxMTc2NzU1Njk5MjAzMzMxNjQzZA==,2026-03-06T16:37:43.204487+00:00,,"{""work_type"": ""Virtual Internship"", ""openings"": ""10"", ""apply_by"": ""30-Mar-2026""}"
PYTHON - AI - ML - DATA SCIENCE - JAVA - WEBSITE DEVELOPMENT INTERNSHIP,CodeMore,"Pan India,",2 Months,Unpaid,"['Python', 'Machine Learning', 'EDA', 'Java']",15-Feb-2026,Immediately,Internship,AICTE,https://internship.aicte-india.org/internship-details.php?uid=SU5URVJOU0hJUF8xNzcxMTc0NTkwNjk5MWZhYmVjYWM2MA==,2026-03-06T16:37:44.399104+00:00,,"{""work_type"": ""Full Time"", ""openings"": ""2"", ""apply_by"": ""26-May-2026""}"
DATA SCIENCE INTERNSHIP,codegeeky,"Pan India,",2 Months,Unpaid,"['Python', 'EDA', 'Machine Learning']",15-Feb-2026,Immediately,Internship,AICTE,https://internship.aicte-india.org/internship-details.php?uid=SU5URVJOU0hJUF8xNzcxMTc0NTU0Njk5MWZhOWFiYmQ5ZA==,2026-03-06T16:37:44.485481+00:00,,"{""work_type"": ""Full Time"", ""openings"": ""2"", ""apply_by"": ""19-May-2026""}"
PYTHON PROGRAMMING INTERNSHIP,codegeeky,"Pan India,",2 Months,Unpaid,['Python'],15-Feb-2026,Immediately,Internship,AICTE,https://internship.aicte-india.org/internship-details.php?uid=SU5URVJOU0hJUF8xNzcxMTY4ODg1Njk5MWU0NzU0YWZkZA==,2026-03-06T16:37:44.584602+00:00,,"{""work_type"": ""Full Time"", ""openings"": ""2"", ""apply_by"": ""20-May-2026""}"
C++ PROGRAMMING INTERNSHIP,CodeMore,"Pan India,",2 Months,Unpaid,['C++'],15-Feb-2026,Immediately,Internship,AICTE,https://internship.aicte-india.org/internship-details.php?uid=SU5URVJOU0hJUF8xNzcxMTY4ODA2Njk5MWU0MjYyN2VlMQ==,2026-03-06T16:37:44.685450+00:00,,"{""work_type"": ""Full Time"", ""openings"": ""2"", ""apply_by"": ""14-May-2026""}"
DIGITAL MARKETING,Kuzhagan tech solutions,"Pan India,",3 Months,Unpaid,"['Digital Marketing', 'SEO']",15-Feb-2026,Immediately,Internship,AICTE,https://internship.aicte-india.org/internship-details.php?uid=SU5URVJOU0hJUF8xNzcxMTY2NzgwNjk5MWRjM2MwYzQzMA==,2026-03-06T16:37:44.769064+00:00,,"{""work_type"": ""Part Time"", ""openings"": ""10"", ""apply_by"": ""30-Apr-2026""}"
DATA SCIENCE INTERNSHIP,codegeeky,"Pan India,",2 Months,Unpaid,"['Python', 'EDA', 'Machine Learning']",15-Feb-2026,Immediately,Internship,AICTE,https://internship.aicte-india.org/internship-details.php?uid=SU5URVJOU0hJUF8xNzcxMTYzNjI0Njk5MWNmZThiYzlhOA==,2026-03-06T16:37:44.871701+00:00,,"{""work_type"": ""Full Time"", ""openings"": ""2"", ""apply_by"": ""14-Apr-2026""}"
PYTHON PROGRAMMING INTERNSHIP,CodeMore,"Pan India,",2 Months,Unpaid,['Python'],15-Feb-2026,Immediately,Internship,AICTE,https://internship.aicte-india.org/internship-details.php?uid=SU5URVJOU0hJUF8xNzcxMTYzNTQzNjk5MWNmOTc0OTJjYw==,2026-03-06T16:37:44.961518+00:00,,"{""work_type"": ""Full Time"", ""openings"": ""2"", ""apply_by"": ""12-May-2026""}"
ARTIFICIAL INTELLIGENCE & MACHINE LEARNING INTERNSHIP,CodeMore,"Pan India,",2 Months,Unpaid,"['Python', 'Machine Learning']",15-Feb-2026,Immediately,Internship,AICTE,https://internship.aicte-india.org/internship-details.php?uid=SU5URVJOU0hJUF8xNzcxMTYwMjE5Njk5MWMyOWIxMWI0OA==,2026-03-06T16:37:45.061543+00:00,,"{""work_type"": ""Full Time"", ""openings"": ""2"", ""apply_by"": ""18-Apr-2026""}"
FULL-STACK WEB DEVELOPMENT INTERNSHIP,codegeeky,"Pan India,",2 Months,Unpaid,"['JavaScript', 'React', 'APIs', 'HTML']",15-Feb-2026,Immediately,Internship,AICTE,https://internship.aicte-india.org/internship-details.php?uid=SU5URVJOU0hJUF8xNzcxMTYwMDkwNjk5MWMyMWE2MGEzMQ==,2026-03-06T16:37:45.166459+00:00,,"{""work_type"": ""Full Time"", ""openings"": ""2"", ""apply_by"": ""18-Apr-2026""}"
FLUTTER APP DEVELOPMENT INTERNSHIP,CodeMore,"Pan India,",2 Months,Unpaid,"['Flutter', 'Dart', 'Mobile Development']",15-Feb-2026,Immediately,Internship,AICTE,https://internship.aicte-india.org/internship-details.php?uid=SU5URVJOU0hJUF8xNzcxMTUwNTA2Njk5MTljYWE4NzVlOA==,2026-03-06T16:37:45.277494+00:00,,"{""work_type"": ""Full Time"", ""openings"": ""2"", ""apply_by"": ""12-May-2026""}"
DATA SCIENCE INTERNSHIP,codegeeky,"Pan India,",2 Months,Unpaid,"['Python', 'EDA', 'Machine Learning']",15-Feb-2026,Immediately,Internship,AICTE,https://internship.aicte-india.org/internship-details.php?uid=SU5URVJOU0hJUF8xNzcxMTUwNDQwNjk5MTljNjg4OTNmNQ==,2026-03-06T16:37:46.438051+00:00,,"{""work_type"": ""Full Time"", ""openings"": ""2"", ""apply_by"": ""13-May-2026""}"
HUMAN RESOURCES MANAGEMENT EXECUTIVE,E-tailed digital services Pvt ltd,"Hyderabad,",6 Months,12000 /month,['Recruitment'],15-Feb-2026,Immediately,Internship,AICTE,https://internship.aicte-india.org/internship-details.php?uid=SU5URVJOU0hJUF8xNzcxMTQ2OTI0Njk5MThlYWMyOGYxMQ==,2026-03-06T16:37:46.527799+00:00,,"{""work_type"": ""Full Time"", ""openings"": ""5"", ""apply_by"": ""10-Mar-2026""}"
"DIGITAL MARKETING, GRAPHIC DESIGNER AND VIDEO EDITOR",E-tailed digital services Pvt ltd,"Hyderabad,",6 Months,12000 /month,"['Graphic Design', 'Video Editing', 'Digital Marketing', 'SEO']",15-Feb-2026,Immediately,Internship,AICTE,https://internship.aicte-india.org/internship-details.php?uid=SU5URVJOU0hJUF8xNzcxMTQzMDk1Njk5MTdmYjc0ZTFiZQ==,2026-03-06T16:37:46.624466+00:00,,"{""work_type"": ""Full Time"", ""openings"": ""25"", ""apply_by"": ""31-Mar-2026""}"
BUSINESS DEVELOPMENT EXECUTIVE,E-tailed digital services Pvt ltd,"Hyderabad,",6 Months,12000 /month,"['Communication', 'Sales']",15-Feb-2026,Immediately,Internship,AICTE,https://internship.aicte-india.org/internship-details.php?uid=SU5URVJOU0hJUF8xNzcxMTQxMzQyNjk5MTc4ZGVhZGMyMQ==,2026-03-06T16:37:46.705774+00:00,,"{""work_type"": ""Full Time"", ""openings"": ""50"", ""apply_by"": ""31-Mar-2026""}"
UI UX INTERN,BluePlanet Infosolutions India Pvt Ltd,"Pan India,",6 Months,Unpaid,['UI/UX Design'],15-Feb-2026,Immediately,Internship,AICTE,https://internship.aicte-india.org/internship-details.php?uid=SU5URVJOU0hJUF8xNzcxMTM5Njc0Njk5MTcyNWE2OGE1MQ==,2026-03-06T16:37:46.807221+00:00,,"{""work_type"": ""Virtual Internship"", ""openings"": ""10"", ""apply_by"": ""30-Mar-2026""}"
STOCK MARKET TRADER,BluePlanet Infosolutions India Pvt Ltd,"Pan India,",6 Months,Unpaid,['Financial Markets'],15-Feb-2026,Immediately,Internship,AICTE,https://internship.aicte-india.org/internship-details.php?uid=SU5URVJOU0hJUF8xNzcxMTM3MTUwNjk5MTY4N2U2YzEzZg==,2026-03-06T16:37:46.902253+00:00,,"{""work_type"": ""Virtual Internship"", ""openings"": ""10"", ""apply_by"": ""30-Mar-2026""}"
CYBER SECURITY INTERNSHIP,codegeeky,"Pan India,",2 Months,Unpaid,['Cybersecurity'],15-Feb-2026,Immediately,Internship,AICTE,https://internship.aicte-india.org/internship-details.php?uid=SU5URVJOU0hJUF8xNzcxMTMxOTIzNjk5MTU0MTNhZmQyNw==,2026-03-06T16:37:47.000870+00:00,,"{""work_type"": ""Full Time"", ""openings"": ""2"", ""apply_by"": ""16-Apr-2026""}"
CLOUD COMPUTING & DEVOPS INTERNSHIP,CodeMore,"Pan India,",2 Months,Unpaid,"['Cloud Computing', 'Docker', 'CI/CD']",15-Feb-2026,Immediately,Internship,AICTE,https://internship.aicte-india.org/internship-details.php?uid=SU5URVJOU0hJUF8xNzcxMTMxODIxNjk5MTUzYWRhZGY2Ng==,2026-03-06T16:37:47.097294+00:00,,"{""work_type"": ""Full Time"", ""openings"": ""2"", ""apply_by"": ""29-Apr-2026""}"
SOCIAL MEDIA INTERN,BluePlanet Infosolutions India Pvt Ltd,"Pan India,",6 Months,Unpaid,[],15-Feb-2026,Immediately,Internship,AICTE,https://internship.aicte-india.org/internship-details.php?uid=SU5URVJOU0hJUF8xNzcxMTMwNTU0Njk5MTRlYmFkYTg3Zg==,2026-03-06T16:37:47.200404+00:00,,"{""work_type"": ""Virtual Internship"", ""openings"": ""10"", ""apply_by"": ""30-Mar-2026""}"
ARTIFICIAL INTELLIGENCE & MACHINE LEARNING INTERNSHIP,CodeMore,"Pan India,",2 Months,Unpaid,"['Python', 'Machine Learning']",15-Feb-2026,Immediately,Internship,AICTE,https://internship.aicte-india.org/internship-details.php?uid=SU5URVJOU0hJUF8xNzcxMTMwMzk5Njk5MTRlMWY2ZTUwOQ==,2026-03-06T16:37:47.298076+00:00,,"{""work_type"": ""Full Time"", ""openings"": ""2"", ""apply_by"": ""17-Apr-2026""}"
TEAM LEADER DESIGNER,BluePlanet Infosolutions India Pvt Ltd,"Pan India,",6 Months,Unpaid,[],15-Feb-2026,Immediately,Internship,AICTE,https://internship.aicte-india.org/internship-details.php?uid=SU5URVJOU0hJUF8xNzcxMTI5NTc5Njk5MTRhZWJiODEyYw==,2026-03-06T16:37:48.453693+00:00,,"{""work_type"": ""Virtual Internship"", ""openings"": ""10"", ""apply_by"": ""30-Mar-2026""}"
FULL-STACK WEB DEVELOPMENT INTERNSHIP,codegeeky,"Pan India,",2 Months,Unpaid,"['JavaScript', 'React', 'APIs', 'HTML']",15-Feb-2026,Immediately,Internship,AICTE,https://internship.aicte-india.org/internship-details.php?uid=SU5URVJOU0hJUF8xNzcxMTMwMjg2Njk5MTRkYWU1YjYyMQ==,2026-03-06T16:37:48.539710+00:00,,"{""work_type"": ""Full Time"", ""openings"": ""2"", ""apply_by"": ""23-Apr-2026""}"
STOCK MARKET ANALYSIS,BluePlanet Infosolutions India Pvt Ltd,"Pan India,",6 Months,Unpaid,['Financial Markets'],15-Feb-2026,Immediately,Internship,AICTE,https://internship.aicte-india.org/internship-details.php?uid=SU5URVJOU0hJUF8xNzcxMTI4NjU4Njk5MTQ3NTI2NjZhMQ==,2026-03-06T16:37:48.630572+00:00,,"{""work_type"": ""Virtual Internship"", ""openings"": ""10"", ""apply_by"": ""10-Mar-2026""}"
EMBEDDED INTERN,BluePlanet Infosolutions India Pvt Ltd,"Pan India,",6 Months,Unpaid,"['Embedded Systems', 'C']",14-Feb-2026,Immediately,Internship,AICTE,https://internship.aicte-india.org/internship-details.php?uid=SU5URVJOU0hJUF8xNzcxMDg5NDQ1Njk5MGFlMjUyYzhiYQ==,2026-03-06T16:37:48.723033+00:00,,"{""work_type"": ""Virtual Internship"", ""openings"": ""10"", ""apply_by"": ""30-Mar-2026""}"
SHOW ANCHOR INTERN,BluePlanet Infosolutions India Pvt Ltd,"Pan India,",6 Months,Unpaid,[],14-Feb-2026,Immediately,Internship,AICTE,https://internship.aicte-india.org/internship-details.php?uid=SU5URVJOU0hJUF8xNzcxMDg4Mjg0Njk5MGE5OWMwNmZhMw==,2026-03-06T16:37:48.811417+00:00,,"{""work_type"": ""Virtual Internship"", ""openings"": ""10"", ""apply_by"": ""30-Mar-2026""}"
WORDPRESS INTERN,BluePlanet Infosolutions India Pvt Ltd,"Pan India,",6 Months,Unpaid,[],14-Feb-2026,Immediately,Internship,AICTE,https://internship.aicte-india.org/internship-details.php?uid=SU5URVJOU0hJUF8xNzcxMDg3MDI5Njk5MGE0YjU2OTBhYw==,2026-03-06T16:37:48.898414+00:00,,"{""work_type"": ""Virtual Internship"", ""openings"": ""10"", ""apply_by"": ""30-Mar-2026""}"
NET DEVELOPER,BluePlanet Infosolutions India Pvt Ltd,"Pan India,",6 Months,Unpaid,[],14-Feb-2026,Immediately,Internship,AICTE,https://internship.aicte-india.org/internship-details.php?uid=SU5URVJOU0hJUF8xNzcxMDg0ODc3Njk5MDljNGRiOTAxMg==,2026-03-06T16:37:48.987021+00:00,,"{""work_type"": ""Virtual Internship"", ""openings"": ""10"", ""apply_by"": ""14-Mar-2026""}"
AI TRAINER INTERN,BluePlanet Infosolutions India Pvt Ltd,"Pan India,",6 Months,Unpaid,"['Python', 'Machine Learning']",14-Feb-2026,Immediately,Internship,AICTE,https://internship.aicte-india.org/internship-details.php?uid=SU5URVJOU0hJUF8xNzcxMDg0NjUzNjk5MDliNmRkYTg5OA==,2026-03-06T16:37:49.069657+00:00,,"{""work_type"": ""Virtual Internship"", ""openings"": ""10"", ""apply_by"": ""30-Mar-2026""}"
EVENT MANAGER,BluePlanet Infosolutions India Pvt Ltd,"Pan India,",6 Months,Unpaid,[],14-Feb-2026,Immediately,Internship,AICTE,https://internship.aicte-india.org/internship-details.php?uid=SU5URVJOU0hJUF8xNzcxMDgyNDY1Njk5MDkyZTExNjJlMw==,2026-03-06T16:37:49.156208+00:00,,"{""work_type"": ""Virtual Internship"", ""openings"": ""10"", ""apply_by"": ""30-Mar-2026""}"
ANDROID DEVELOPER INTERN,BluePlanet Infosolutions India Pvt Ltd,"Pan India,",6 Months,Unpaid,['Android'],14-Feb-2026,Immediately,Internship,AICTE,https://internship.aicte-india.org/internship-details.php?uid=SU5URVJOU0hJUF8xNzcxMDgyMjQ4Njk5MDkyMDg0NmRmOQ==,2026-03-06T16:37:49.256124+00:00,,"{""work_type"": ""Virtual Internship"", ""openings"": ""10"", ""apply_by"": ""30-Mar-2026""}"
REACT DEVELOPER INTERN,BluePlanet Infosolutions India Pvt Ltd,"Pan India,",6 Months,Unpaid,['React'],14-Feb-2026,Immediately,Internship,AICTE,https://internship.aicte-india.org/internship-details.php?uid=SU5URVJOU0hJUF8xNzcxMDgxMDU3Njk5MDhkNjE2OTQ3NQ==,2026-03-06T16:37:50.446305+00:00,,"{""work_type"": ""Virtual Internship"", ""openings"": ""10"", ""apply_by"": ""30-Mar-2026""}"
SOCIAL WORK CLUB INTERN,BluePlanet Infosolutions India Pvt Ltd,"Pan India,",6 Months,Unpaid,[],14-Feb-2026,Immediately,Internship,AICTE,https://internship.aicte-india.org/internship-details.php?uid=SU5URVJOU0hJUF8xNzcxMDc3NDk3Njk5MDdmNzkzZmRjMw==,2026-03-06T16:37:50.525703+00:00,,"{""work_type"": ""Virtual Internship"", ""openings"": ""10"", ""apply_by"": ""30-Mar-2026""}"
CI/CD PIPELINE INTERN,BluePlanet Infosolutions India Pvt Ltd,"Pan India,",6 Months,Unpaid,[],14-Feb-2026,Immediately,Internship,AICTE,https://internship.aicte-india.org/internship-details.php?uid=SU5URVJOU0hJUF8xNzcxMDc0MjA1Njk5MDcyOWRhMGU5YQ==,2026-03-06T16:37:50.615293+00:00,,"{""work_type"": ""Virtual Internship"", ""openings"": ""10"", ""apply_by"": ""30-Mar-2026""}"
RECRUITER INTERN,BluePlanet Infosolutions India Pvt Ltd,"Pan India,",5 Months,Unpaid,[],14-Feb-2026,Immediately,Internship,AICTE,https://internship.aicte-india.org/internship-details.php?uid=SU5URVJOU0hJUF8xNzcxMDczNjc4Njk5MDcwOGU4M2NkMQ==,2026-03-06T16:37:50.722769+00:00,,"{""work_type"": ""Virtual Internship"", ""openings"": ""10"", ""apply_by"": ""30-Mar-2026""}"
PHP DEVELOPER INTERN,BluePlanet Infosolutions India Pvt Ltd,"Pan India,",6 Months,Unpaid,[],14-Feb-2026,Immediately,Internship,AICTE,https://internship.aicte-india.org/internship-details.php?uid=SU5URVJOU0hJUF8xNzcxMDcxOTEyNjk5MDY5YTg0NzFhOA==,2026-03-06T16:37:50.818996+00:00,,"{""work_type"": ""Virtual Internship"", ""openings"": ""10"", ""apply_by"": ""30-Mar-2026""}"
MEDIA CLUB INTERN,BluePlanet Infosolutions India Pvt Ltd,"Pan India,",6 Months,Unpaid,[],14-Feb-2026,Immediately,Internship,AICTE,https://internship.aicte-india.org/internship-details.php?uid=SU5URVJOU0hJUF8xNzcxMDY4NjA0Njk5MDVjYmM1ZDNhOA==,2026-03-06T16:37:50.924354+00:00,,"{""work_type"": ""Virtual Internship"", ""openings"": ""10"", ""apply_by"": ""30-Mar-2026""}"
SPORT CLUB INTERN,BluePlanet Infosolutions India Pvt Ltd,"Pan India,",6 Months,Unpaid,[],14-Feb-2026,Immediately,Internship,AICTE,https://internship.aicte-india.org/internship-details.php?uid=SU5URVJOU0hJUF8xNzcxMDY3NzYzNjk5MDU5NzMyMmI5Zg==,2026-03-06T16:37:51.013644+00:00,,"{""work_type"": ""Virtual Internship"", ""openings"": ""10"", ""apply_by"": ""30-Mar-2026""}"
VIDEO EDITOR,BluePlanet Infosolutions India Pvt Ltd,"Pan India,",6 Months,Unpaid,['Video Editing'],14-Feb-2026,Immediately,Internship,AICTE,https://internship.aicte-india.org/internship-details.php?uid=SU5URVJOU0hJUF8xNzcxMDY2Mjg1Njk5MDUzYWQzNTYxMg==,2026-03-06T16:37:51.121479+00:00,,"{""work_type"": ""Virtual Internship"", ""openings"": ""10"", ""apply_by"": ""30-Mar-2026""}"
TELECALLER INTERN,BluePlanet Infosolutions India Pvt Ltd,"Pan India,",6 Months,Unpaid,[],14-Feb-2026,Immediately,Internship,AICTE,https://internship.aicte-india.org/internship-details.php?uid=SU5URVJOU0hJUF8xNzcxMDY1NjkyNjk5MDUxNWMxMzk4Yw==,2026-03-06T16:37:51.228256+00:00,,"{""work_type"": ""Virtual Internship"", ""openings"": ""10"", ""apply_by"": ""30-Mar-2026""}"
APP DEVELOPMENT,MINDSEEKERS TECHNOLOGIES PRIVATE LIMITED,"Pan India,",6 Months,10000 /month,['Mobile Development'],14-Feb-2026,Immediately,Internship,AICTE,https://internship.aicte-india.org/internship-details.php?uid=SU5URVJOU0hJUF8xNzcxMDYwMjE3Njk5MDNiZjk4MTJmZA==,2026-03-06T16:37:51.335165+00:00,,"{""work_type"": ""Full Time"", ""openings"": ""60"", ""apply_by"": ""14-Aug-2026""}"
UI/UX,MINDSEEKERS TECHNOLOGIES PRIVATE LIMITED,"Pan India,",6 Months,10000 /month,['UI/UX Design'],13-Feb-2026,Immediately,Internship,AICTE,https://internship.aicte-india.org/internship-details.php?uid=SU5URVJOU0hJUF8xNzcwOTkxMDEyNjk4ZjJkYTQzZTc2Nw==,2026-03-06T16:37:52.566674+00:00,,"{""work_type"": ""Virtual Internship"", ""openings"": ""60"", ""apply_by"": ""13-Aug-2026""}"
JAVA DEVELOPER INTERN,STRYDO TECHNOLOGIES PRIVATE LIMITED,"VELLORE,",3 Months,5000 to 6000 /month,['Java'],13-Feb-2026,Immediately,Internship,AICTE,https://internship.aicte-india.org/internship-details.php?uid=SU5URVJOU0hJUF8xNzcwOTg2OTE5Njk4ZjFkYTc2ZWY4MA==,2026-03-06T16:37:52.672809+00:00,,"{""work_type"": ""Part Time"", ""openings"": ""2"", ""apply_by"": ""13-Jun-2026""}"
CAMPUS AMBASSADOR,E-tailed digital services Pvt ltd,"Pan India,",6 Months,Performance based /month,[],13-Feb-2026,Immediately,Internship,AICTE,https://internship.aicte-india.org/internship-details.php?uid=SU5URVJOU0hJUF8xNzcwOTcxODAzNjk4ZWUyOWIxY2Q2OA==,2026-03-06T16:37:52.775259+00:00,,"{""work_type"": ""Virtual Internship"", ""openings"": ""50"", ""apply_by"": ""31-Mar-2026""}"
DESIGN THINKING & INNOVATIVE PRODUCT DEVELOPMENT INTERN,iNexus STEM Research - KR SIIF,"Pan India,",8 Weeks,Unpaid,[],12-Feb-2026,Immediately,Internship,AICTE,https://internship.aicte-india.org/internship-details.php?uid=SU5URVJOU0hJUF8xNzcwODg2MjYyNjk4ZDk0NzY4MTc5NQ==,2026-03-06T16:37:52.872757+00:00,,"{""work_type"": ""Virtual Internship"", ""openings"": ""10"", ""apply_by"": ""15-Mar-2026""}"
PYTHON PROGRAMMING WITH AI INTERNSHIP,SIMPLYPHI SOFTWARE SOLUTIONS PRIVATE LIMITED,"Srinagar,",6 Weeks,Unpaid,"['Python', 'Machine Learning']",12-Feb-2026,Immediately,Internship,AICTE,https://internship.aicte-india.org/internship-details.php?uid=SU5URVJOU0hJUF8xNzcwODc2MTA0Njk4ZDZjYzg4OTU2NA==,2026-03-06T16:37:53.010824+00:00,,"{""work_type"": ""Full Time"", ""openings"": ""5"", ""apply_by"": ""10-Mar-2026""}"
HR INTERN,Glowlogics Solutions Pvt Ltd,"Dakshina Kannada,",3 Months,Unpaid,"['Recruitment', 'HR Operations']",11-Feb-2026,Immediately,Internship,AICTE,https://internship.aicte-india.org/internship-details.php?uid=SU5URVJOU0hJUF8xNzcwODI0NDI5Njk4Y2EyZWRjOGVjNA==,2026-03-06T16:37:53.110653+00:00,,"{""work_type"": ""Full Time"", ""openings"": ""10"", ""apply_by"": ""11-Mar-2026""}"
BUSINESS DEVELOPMENT,eduexpose,"Hyderabad,",06 Months,10000 /month,"['Communication', 'Sales']",11-Feb-2026,Immediately,Internship,AICTE,https://internship.aicte-india.org/internship-details.php?uid=SU5URVJOU0hJUF8xNzcwODE0NjMwNjk4YzdjYTZkMTU1ZA==,2026-03-06T16:37:53.202962+00:00,,"{""work_type"": ""Full Time"", ""openings"": ""5"", ""apply_by"": ""30-Apr-2026""}"
DATA ANALYST (INTERN),Codec Technologies,"Pan India,Ahmedabad,Bengaluru Urban,Bhubaneshwar,Chhatrapati Sambhajinagar,Mumbai,Nagpur,Pune,",6 Months,18000 /month,"['SQL', 'Excel']",11-Feb-2026,Immediately,Internship,AICTE,https://internship.aicte-india.org/internship-details.php?uid=SU5URVJOU0hJUF8xNzcwNzk3ODY1Njk4YzNiMjljOWI1Ng==,2026-03-06T16:37:53.298526+00:00,,"{""work_type"": ""Part Time"", ""openings"": ""86"", ""apply_by"": ""01-Aug-2026""}"
HR HUMAN RESOURCES,PRARI WORKFORCE SOLUTION LLP,"Ahmadnagar,",06 Months,10000 /month,"['Recruitment', 'HR Operations']",11-Feb-2026,Immediately,Internship,AICTE,https://internship.aicte-india.org/internship-details.php?uid=SU5URVJOU0hJUF8xNzcwNzg5NTM1Njk4YzFhOWY4NDMyYQ==,2026-03-06T16:37:53.408030+00:00,,"{""work_type"": ""Full Time"", ""openings"": ""10"", ""apply_by"": ""11-Mar-2026""}"
HR INTERN,PRARI WORKFORCE SOLUTION LLP,"Ahmadnagar,",06 Months,10000 /month,"['Recruitment', 'HR Operations']",11-Feb-2026,Immediately,Internship,AICTE,https://internship.aicte-india.org/internship-details.php?uid=SU5URVJOU0hJUF8xNzcwNzg4NjAwNjk4YzE2Zjg4MDVkNg==,2026-03-06T16:37:53.511599+00:00,,"{""work_type"": ""Full Time"", ""openings"": ""10"", ""apply_by"": ""11-Mar-2026""}"
DIGITAL MARKETING,QUILENZ INNOVATIVE TECHNOLOGIES,"Pan India,",06 Months,Unpaid,"['Digital Marketing', 'SEO']",10-Feb-2026,Immediately,Internship,AICTE,https://internship.aicte-india.org/internship-details.php?uid=SU5URVJOU0hJUF8xNzcwNzE2NzkyNjk4YWZlNzhhNTNmYg==,2026-03-06T16:37:54.714495+00:00,,"{""work_type"": ""Virtual Internship"", ""openings"": ""10"", ""apply_by"": ""15-Mar-2026""}"
GRAPHIC DESIGNER CUM VIDEO EDITOR,QUILENZ INNOVATIVE TECHNOLOGIES,"Pan India,",6 Months,Unpaid,"['Graphic Design', 'Video Editing']",10-Feb-2026,Immediately,Internship,AICTE,https://internship.aicte-india.org/internship-details.php?uid=SU5URVJOU0hJUF8xNzcwNzE2MjE5Njk4YWZjM2I1YzNhMw==,2026-03-06T16:37:54.804225+00:00,,"{""work_type"": ""Virtual Internship"", ""openings"": ""10"", ""apply_by"": ""15-Mar-2026""}"
WEB DEVELOPMENT INTERNSHIP,NETMAXIN GROUP,"Pan India,",6 Weeks,Unpaid,"['HTML', 'CSS', 'JavaScript']",09-Feb-2026,Immediately,Internship,AICTE,https://internship.aicte-india.org/internship-details.php?uid=SU5URVJOU0hJUF8xNzcwNjQ5MTQ1Njk4OWY2MzkxZGM2NQ==,2026-03-06T16:37:54.887316+00:00,,"{""work_type"": ""Virtual Internship"", ""openings"": ""10"", ""apply_by"": ""20-Mar-2026""}"
SURVEY OF DAM BARRIAGE CANALS GATES FOR SPECIAL REPAIR,"Water Resource Department,Maharashtra State","Dharashiv,",08 Weeks,Unpaid,[],09-Feb-2026,Immediately,Internship,AICTE,https://internship.aicte-india.org/internship-details.php?uid=SU5URVJOU0hJUF8xNzcwNjIyNzUzNjk4OThmMjE5YjVkOQ==,2026-03-06T16:37:54.978056+00:00,,"{""work_type"": ""Full Time"", ""openings"": ""4"", ""apply_by"": ""11-Mar-2026""}"
SURVEY OF DAM BARRAGE CANALS GATES FOR SPECIAL REPAIR,"Water Resource Department,Maharashtra State","Latur,",08 Weeks,Unpaid,[],09-Feb-2026,Immediately,Internship,AICTE,https://internship.aicte-india.org/internship-details.php?uid=SU5URVJOU0hJUF8xNzcwNjIxMTEwNjk4OTg4YjYxNDVjMA==,2026-03-06T16:37:55.074719+00:00,,"{""work_type"": ""Full Time"", ""openings"": ""4"", ""apply_by"": ""11-Mar-2026""}"
AI ENGINEER / MACHINE LEARNING ENGINEER,BluePlanet Infosolutions India Pvt Ltd,"Pan India,",6 Months,Unpaid,"['Python', 'Machine Learning']",09-Feb-2026,Immediately,Internship,AICTE,https://internship.aicte-india.org/internship-details.php?uid=SU5URVJOU0hJUF8xNzcwNjE1MjczNjk4OTcxZTk0ZGY3Zg==,2026-03-06T16:37:55.184685+00:00,,"{""work_type"": ""Virtual Internship"", ""openings"": ""10"", ""apply_by"": ""12-Mar-2026""}"
AI & MACHINE LEARNING LONG-TERM R&D INTERNSHIP PROGRAM (EXCLUSIVE TO IIT STUDENTS),METATAARAKA™ AI INNOVATIONS PRIVATE LIMITED,"Pan India,",12 Months,5000 /month,"['Python', 'Machine Learning']",08-Feb-2026,Immediately,Internship,AICTE,https://internship.aicte-india.org/internship-details.php?uid=SU5URVJOU0hJUF8xNzcwNTU3OTQ3Njk4ODkxZmI1MGQyYg==,2026-03-06T16:37:55.306219+00:00,,"{""work_type"": ""Virtual Internship"", ""openings"": ""12"", ""apply_by"": ""08-Aug-2026""}"
DATA ENGINEER,Durbhasi gurukulam private limited,"Pan India,",6 Months,Unpaid,[],08-Feb-2026,Immediately,Internship,AICTE,https://internship.aicte-india.org/internship-details.php?uid=SU5URVJOU0hJUF8xNzcwNTM4Nzc2Njk4ODQ3MTg5ZGIyMg==,2026-03-06T16:37:55.398685+00:00,,"{""work_type"": ""Full Time"", ""openings"": ""5"", ""apply_by"": ""08-Apr-2026""}"
FLUTTER APP DEVELOPMENT INTERNSHIP,codegeeky,"Pan India,",2 Months,Unpaid,"['Flutter', 'Dart', 'Mobile Development']",07-Feb-2026,Immediately,Internship,AICTE,https://internship.aicte-india.org/internship-details.php?uid=SU5URVJOU0hJUF8xNzcwNDQwOTAzNjk4NmM4Yzc5YjE4Yw==,2026-03-06T16:37:55.496161+00:00,,"{""work_type"": ""Full Time"", ""openings"": ""2"", ""apply_by"": ""14-May-2026""}"
DATA SCIENCE INTERNSHIP,CodeMore,"Pan India,",2 Months,Unpaid,"['Python', 'EDA', 'Machine Learning']",07-Feb-2026,Immediately,Internship,AICTE,https://internship.aicte-india.org/internship-details.php?uid=SU5URVJOU0hJUF8xNzcwNDQwODM3Njk4NmM4ODU3Y2QyOA==,2026-03-06T16:37:55.592222+00:00,,"{""work_type"": ""Full Time"", ""openings"": ""2"", ""apply_by"": ""19-May-2026""}"
CYBER SECURITY INTERNSHIP,codegeeky,"Pan India,",2 Months,Unpaid,['Cybersecurity'],07-Feb-2026,Immediately,Internship,AICTE,https://internship.aicte-india.org/internship-details.php?uid=SU5URVJOU0hJUF8xNzcwNDM5MTYzNjk4NmMxZmJiY2Q4NA==,2026-03-06T16:37:56.803367+00:00,,"{""work_type"": ""Full Time"", ""openings"": ""2"", ""apply_by"": ""17-Jun-2026""}"
CLOUD COMPUTING & DEVOPS INTERNSHIP,CodeMore,"Pan India,",2 Months,Unpaid,"['Cloud Computing', 'Docker', 'CI/CD']",07-Feb-2026,Immediately,Internship,AICTE,https://internship.aicte-india.org/internship-details.php?uid=SU5URVJOU0hJUF8xNzcwNDM5MTIxNjk4NmMxZDExMjY5ZA==,2026-03-06T16:37:56.900662+00:00,,"{""work_type"": ""Full Time"", ""openings"": ""2"", ""apply_by"": ""13-May-2026""}"
ARTIFICIAL INTELLIGENCE & MACHINE LEARNING INTERNSHIP,codegeeky,"Pan India,",2 Months,Unpaid,"['Python', 'Machine Learning']",07-Feb-2026,Immediately,Internship,AICTE,https://internship.aicte-india.org/internship-details.php?uid=SU5URVJOU0hJUF8xNzcwNDM2NTYxNjk4NmI3ZDE5MTBjMw==,2026-03-06T16:37:57.000987+00:00,,"{""work_type"": ""Full Time"", ""openings"": ""2"", ""apply_by"": ""23-Jun-2026""}"
FULL-STACK WEB DEVELOPMENT INTERNSHIP,CodeMore,"Pan India,",2 Months,Unpaid,"['JavaScript', 'React', 'APIs', 'HTML']",07-Feb-2026,Immediately,Internship,AICTE,https://internship.aicte-india.org/internship-details.php?uid=SU5URVJOU0hJUF8xNzcwNDM2NTcxNjk4NmI3ZGJlYTA4NA==,2026-03-06T16:37:57.091824+00:00,,"{""work_type"": ""Full Time"", ""openings"": ""2"", ""apply_by"": ""23-Jul-2026""}"
IOS APP DEVELOPEMENT,BluePlanet Infosolutions India Pvt Ltd,"Pan India,",6 Months,Unpaid,[],05-Feb-2026,Immediately,Internship,AICTE,https://internship.aicte-india.org/internship-details.php?uid=SU5URVJOU0hJUF8xNzcwMjcwNDQ2Njk4NDJlZWVmMjgyZA==,2026-03-06T16:37:57.201854+00:00,,"{""work_type"": ""Virtual Internship"", ""openings"": ""10"", ""apply_by"": ""06-Mar-2026""}"
WEB TESTING,GenoSpark Innovative Solutions PVT LTD,"Pan India,",3 Months,Unpaid,[],04-Feb-2026,Immediately,Internship,AICTE,https://internship.aicte-india.org/internship-details.php?uid=SU5URVJOU0hJUF8xNzcwMjA3MDA4Njk4MzM3MjA5NWM0Ng==,2026-03-06T16:37:57.297397+00:00,,"{""work_type"": ""Virtual Internship"", ""openings"": ""5"", ""apply_by"": ""31-Mar-2026""}"
BE/BTECH/BCA/BSC/MCA INTERNSHIP,TECHCITI SOFTWARE CONSULTING PRIVATE LIMITED,"Bangalore,",3 Months,Unpaid,[],04-Feb-2026,Immediately,Internship,AICTE,https://internship.aicte-india.org/internship-details.php?uid=SU5URVJOU0hJUF8xNzcwMjA1MDcxNjk4MzJmOGY0Yzk1YQ==,2026-03-06T16:37:57.387130+00:00,,"{""work_type"": ""Part Time"", ""openings"": ""10"", ""apply_by"": ""31-Mar-2026""}"
SENIOR NEXT.JS INTERN,GenoSpark Innovative Solutions PVT LTD,"Pan India,",3 Months,Unpaid,[],04-Feb-2026,Immediately,Internship,AICTE,https://internship.aicte-india.org/internship-details.php?uid=SU5URVJOU0hJUF8xNzcwMjAxODA5Njk4MzIyZDFkNTgwMg==,2026-03-06T16:37:57.488604+00:00,,"{""work_type"": ""Virtual Internship"", ""openings"": ""5"", ""apply_by"": ""31-Mar-2026""}"
FULL STACK DEVELOPER INTERN,Chand Web Technology Private Limited,"Pan India,",6 Weeks,Unpaid,"['JavaScript', 'React', 'APIs']",02-Feb-2026,Immediately,Internship,AICTE,https://internship.aicte-india.org/internship-details.php?uid=SU5URVJOU0hJUF8xNzcwMDUwNjM2Njk4MGQ0NGM3YzA3MA==,2026-03-06T16:37:57.582864+00:00,,"{""work_type"": ""Virtual Internship"", ""openings"": ""10"", ""apply_by"": ""07-Mar-2026""}"
PYTHON PROGRAMMING INTERNSHIP,codegeeky,"Pan India,",2 Months,Unpaid,['Python'],02-Feb-2026,Immediately,Internship,AICTE,https://internship.aicte-india.org/internship-details.php?uid=SU5URVJOU0hJUF8xNzcwMDAxMjA2Njk4MDEzMzY4ODI4MA==,2026-03-06T16:37:57.679111+00:00,,"{""work_type"": ""Full Time"", ""openings"": ""2"", ""apply_by"": ""23-Jun-2026""}"
PYTHON PROGRAMMING INTERNSHIP,codegeeky,"Pan India,",2 Months,Unpaid,['Python'],01-Feb-2026,Immediately,Internship,AICTE,https://internship.aicte-india.org/internship-details.php?uid=SU5URVJOU0hJUF8xNzY5OTUwMDM1Njk3ZjRiNTNjYmI4YQ==,2026-03-06T16:37:58.842126+00:00,,"{""work_type"": ""Full Time"", ""openings"": ""2"", ""apply_by"": ""08-Jul-2026""}"
PYTHON PROGRAMMING INTERNSHIP,CodeMore,"Pan India,",2 Months,Unpaid,['Python'],01-Feb-2026,Immediately,Internship,AICTE,https://internship.aicte-india.org/internship-details.php?uid=SU5URVJOU0hJUF8xNzY5OTQyMTE1Njk3ZjJjNjM4MDExOQ==,2026-03-06T16:37:58.933161+00:00,,"{""work_type"": ""Full Time"", ""openings"": ""2"", ""apply_by"": ""17-Jun-2026""}"
JAVA PROGRAMMING INTERNSHIP,codegeeky,"Pan India,",2 Months,Unpaid,['Java'],01-Feb-2026,Immediately,Internship,AICTE,https://internship.aicte-india.org/internship-details.php?uid=SU5URVJOU0hJUF8xNzY5OTQyMDMxNjk3ZjJjMGZiODM1MA==,2026-03-06T16:37:59.018563+00:00,,"{""work_type"": ""Full Time"", ""openings"": ""2"", ""apply_by"": ""21-May-2026""}"
C++ PROGRAMMING INTERNSHIP,codegeeky,"Pan India,",2 Months,Unpaid,['C++'],01-Feb-2026,Immediately,Internship,AICTE,https://internship.aicte-india.org/internship-details.php?uid=SU5URVJOU0hJUF8xNzY5OTM1MDIyNjk3ZjEwYWU2NGM3MQ==,2026-03-06T16:37:59.106864+00:00,,"{""work_type"": ""Full Time"", ""openings"": ""2"", ""apply_by"": ""16-Jun-2026""}"
FLUTTER APP DEVELOPMENT INTERNSHIP,CodeMore,"Pan India,",2 Months,Unpaid,"['Flutter', 'Dart', 'Mobile Development']",01-Feb-2026,Immediately,Internship,AICTE,https://internship.aicte-india.org/internship-details.php?uid=SU5URVJOU0hJUF8xNzY5OTM0OTAxNjk3ZjEwMzU2NzljYQ==,2026-03-06T16:37:59.182848+00:00,,"{""work_type"": ""Full Time"", ""openings"": ""2"", ""apply_by"": ""23-Jun-2026""}"
DATA SCIENCE INTERNSHIP,codegeeky,"Pan India,",2 Months,Unpaid,"['Python', 'EDA', 'Machine Learning']",01-Feb-2026,Immediately,Internship,AICTE,https://internship.aicte-india.org/internship-details.php?uid=SU5URVJOU0hJUF8xNzY5OTMwNTg0Njk3ZWZmNThjYjRiYQ==,2026-03-06T16:37:59.282392+00:00,,"{""work_type"": ""Full Time"", ""openings"": ""2"", ""apply_by"": ""24-Jun-2026""}"
CYBER SECURITY INTERNSHIP,CodeMore,"Pan India,",2 Months,Unpaid,['Cybersecurity'],01-Feb-2026,Immediately,Internship,AICTE,https://internship.aicte-india.org/internship-details.php?uid=SU5URVJOU0hJUF8xNzY5OTMwNTMyNjk3ZWZmMjQwODU0Mw==,2026-03-06T16:37:59.381696+00:00,,"{""work_type"": ""Full Time"", ""openings"": ""2"", ""apply_by"": ""11-Jun-2026""}"
CLOUD COMPUTING & DEVOPS INTERNSHIP,CodeMore,"Pan India,",2 Months,Unpaid,"['Cloud Computing', 'Docker', 'CI/CD']",01-Feb-2026,Immediately,Internship,AICTE,https://internship.aicte-india.org/internship-details.php?uid=SU5URVJOU0hJUF8xNzY5OTI5MjYxNjk3ZWZhMmRkMzFiYw==,2026-03-06T16:37:59.479721+00:00,,"{""work_type"": ""Full Time"", ""openings"": ""2"", ""apply_by"": ""23-Jun-2026""}"
ARTIFICIAL INTELLIGENCE & MACHINE LEARNING INTERNSHIP,CodeMore,"Pan India,",2 Months,Unpaid,"['Python', 'Machine Learning']",01-Feb-2026,Immediately,Internship,AICTE,https://internship.aicte-india.org/internship-details.php?uid=SU5URVJOU0hJUF8xNzY5OTI3NDU3Njk3ZWYzMjE4NDk1Yw==,2026-03-06T16:37:59.582210+00:00,,"{""work_type"": ""Full Time"", ""openings"": ""2"", ""apply_by"": ""22-Jul-2026""}"
FULL-STACK WEB DEVELOPMENT INTERNSHIP,codegeeky,"Pan India,",2 Months,Unpaid,"['JavaScript', 'React', 'APIs', 'HTML']",01-Feb-2026,Immediately,Internship,AICTE,https://internship.aicte-india.org/internship-details.php?uid=SU5URVJOU0hJUF8xNzY5OTI2MTQ5Njk3ZWVlMDUzMDlmOQ==,2026-03-06T16:37:59.682244+00:00,,"{""work_type"": ""Full Time"", ""openings"": ""2"", ""apply_by"": ""29-Jul-2026""}"
DATA SCIENCE INTERNSHIP,CodeMore,"Pan India,",2 Months,Unpaid,"['Python', 'EDA', 'Machine Learning']",30-Jan-2026,Immediately,Internship,AICTE,https://internship.aicte-india.org/internship-details.php?uid=SU5URVJOU0hJUF8xNzY5NzQ3NDMwNjk3YzMzZTY3NDAzZg==,2026-03-06T16:38:00.836463+00:00,,"{""work_type"": ""Full Time"", ""openings"": ""2"", ""apply_by"": ""26-May-2026""}"
ARTIFICIAL INTELLIGENCE & MACHINE LEARNING INTERNSHIP,CodeMore,"Pan India,",2 Months,Unpaid,"['Python', 'Machine Learning']",29-Jan-2026,Immediately,Internship,AICTE,https://internship.aicte-india.org/internship-details.php?uid=SU5URVJOU0hJUF8xNzY5Njg0NjA2Njk3YjNlN2VhYjUyZA==,2026-03-06T16:38:00.930675+00:00,,"{""work_type"": ""Full Time"", ""openings"": ""2"", ""apply_by"": ""25-May-2026""}"
FULL-STACK WEB DEVELOPMENT INTERNSHIP,codegeeky,"Pan India,",2 Months,Unpaid,"['JavaScript', 'React', 'APIs', 'HTML']",29-Jan-2026,Immediately,Internship,AICTE,https://internship.aicte-india.org/internship-details.php?uid=SU5URVJOU0hJUF8xNzY5Njg0NTU1Njk3YjNlNGJiMmE3Ng==,2026-03-06T16:38:01.024499+00:00,,"{""work_type"": ""Full Time"", ""openings"": ""2"", ""apply_by"": ""30-Apr-2026""}"
DATA SCIENCE INTERNSHIP,codegeeky,"Pan India,",2 Months,Unpaid,"['Python', 'EDA', 'Machine Learning']",29-Jan-2026,Immediately,Internship,AICTE,https://internship.aicte-india.org/internship-details.php?uid=SU5URVJOU0hJUF8xNzY5NjYyODczNjk3YWU5OTk2MWM3MQ==,2026-03-06T16:38:01.125277+00:00,,"{""work_type"": ""Full Time"", ""openings"": ""2"", ""apply_by"": ""27-Jul-2026""}"
C++ PROGRAMMING INTERNSHIP,CodeMore,"Pan India,",2 Months,Unpaid,['C++'],29-Jan-2026,Immediately,Internship,AICTE,https://internship.aicte-india.org/internship-details.php?uid=SU5URVJOU0hJUF8xNzY5NjYyODI5Njk3YWU5NmQ1YjJmNw==,2026-03-06T16:38:01.210125+00:00,,"{""work_type"": ""Full Time"", ""openings"": ""2"", ""apply_by"": ""24-Jun-2026""}"
C++ PROGRAMMING INTERNSHIP,CodeMore,"Pan India,",2 Months,Unpaid,['C++'],29-Jan-2026,Immediately,Internship,AICTE,https://internship.aicte-india.org/internship-details.php?uid=SU5URVJOU0hJUF8xNzY5NjU3NjEyNjk3YWQ1MGMwNDE3Mw==,2026-03-06T16:38:01.310990+00:00,,"{""work_type"": ""Full Time"", ""openings"": ""2"", ""apply_by"": ""28-Jul-2026""}"
JAVA PROGRAMMING INTERNSHIP,codegeeky,"Pan India,",2 Months,Unpaid,['Java'],29-Jan-2026,Immediately,Internship,AICTE,https://internship.aicte-india.org/internship-details.php?uid=SU5URVJOU0hJUF8xNzY5NjU3NTM2Njk3YWQ0YzA4ODdmNQ==,2026-03-06T16:38:01.408096+00:00,,"{""work_type"": ""Full Time"", ""openings"": ""2"", ""apply_by"": ""27-May-2026""}"
PYTHON PROGRAMMING INTERNSHIP,CodeMore,"Pan India,",2 Months,Unpaid,['Python'],29-Jan-2026,Immediately,Internship,AICTE,https://internship.aicte-india.org/internship-details.php?uid=SU5URVJOU0hJUF8xNzY5NjUxNzAzNjk3YWJkZjdlNTc4MA==,2026-03-06T16:38:01.507347+00:00,,"{""work_type"": ""Full Time"", ""openings"": ""2"", ""apply_by"": ""19-May-2026""}"
ARTIFICIAL INTELLIGENCE & MACHINE LEARNING INTERNSHIP,codegeeky,"Pan India,",2 Months,Unpaid,"['Python', 'Machine Learning']",29-Jan-2026,Immediately,Internship,AICTE,https://internship.aicte-india.org/internship-details.php?uid=SU5URVJOU0hJUF8xNzY5NjUxNjQwNjk3YWJkYjhlNDQzNg==,2026-03-06T16:38:01.605746+00:00,,"{""work_type"": ""Full Time"", ""openings"": ""2"", ""apply_by"": ""21-Jul-2026""}"
C++ PROGRAMMING INTERNSHIP,codegeeky,"Pan India,",2 Months,Unpaid,['C++'],28-Jan-2026,Immediately,Internship,AICTE,https://internship.aicte-india.org/internship-details.php?uid=SU5URVJOU0hJUF8xNzY5NjE2ODE5Njk3YTM1YjMzMmMyMA==,2026-03-06T16:38:01.709673+00:00,,"{""work_type"": ""Full Time"", ""openings"": ""2"", ""apply_by"": ""30-Jun-2026""}"
PYTHON PROGRAMMING INTERNSHIP,CodeMore,"Pan India,",2 Months,Unpaid,['Python'],28-Jan-2026,Immediately,Internship,AICTE,https://internship.aicte-india.org/internship-details.php?uid=SU5URVJOU0hJUF8xNzY5NjE2NzM5Njk3YTM1NjMxOWU3NA==,2026-03-06T16:38:02.881919+00:00,,"{""work_type"": ""Full Time"", ""openings"": ""2"", ""apply_by"": ""30-Apr-2026""}"
PYTHON PROGRAMMING INTERNSHIP,CodeMore,"Pan India,",2 Months,Unpaid,['Python'],28-Jan-2026,Immediately,Internship,AICTE,https://internship.aicte-india.org/internship-details.php?uid=SU5URVJOU0hJUF8xNzY5NjA3NTE4Njk3YTExNWVlNDg1NQ==,2026-03-06T16:38:02.987252+00:00,,"{""work_type"": ""Full Time"", ""openings"": ""2"", ""apply_by"": ""30-May-2026""}"
FULL-STACK WEB DEVELOPMENT INTERNSHIP,codegeeky,"Pan India,",2 Months,Unpaid,"['JavaScript', 'React', 'APIs', 'HTML']",28-Jan-2026,Immediately,Internship,AICTE,https://internship.aicte-india.org/internship-details.php?uid=SU5URVJOU0hJUF8xNzY5NjA3Mzc3Njk3YTEwZDE4ODI3Mg==,2026-03-06T16:38:03.086136+00:00,,"{""work_type"": ""Full Time"", ""openings"": ""2"", ""apply_by"": ""28-May-2026""}"
PYTHON PROGRAMMING INTERNSHIP,CodeMore,"Pan India,",2 Months,Unpaid,['Python'],28-Jan-2026,Immediately,Internship,AICTE,https://internship.aicte-india.org/internship-details.php?uid=SU5URVJOU0hJUF8xNzY5NTg5MDY4Njk3OWM5NGM5YThiMw==,2026-03-06T16:38:03.182244+00:00,,"{""work_type"": ""Full Time"", ""openings"": ""2"", ""apply_by"": ""30-Jun-2026""}"
FULL-STACK WEB DEVELOPMENT INTERNSHIP,codegeeky,"Pan India,",2 Months,Unpaid,"['JavaScript', 'React', 'APIs', 'HTML']",28-Jan-2026,Immediately,Internship,AICTE,https://internship.aicte-india.org/internship-details.php?uid=SU5URVJOU0hJUF8xNzY5NTg4OTc0Njk3OWM4ZWU5NTVjMA==,2026-03-06T16:38:03.280117+00:00,,"{""work_type"": ""Full Time"", ""openings"": ""2"", ""apply_by"": ""30-Jun-2026""}"
ENSEMBLE LEARNING WITH EXPLAINABLE AI FOR ENHANCED HEART DISEASE PREDICTION USING MULTI-SOURCE DATASETS,VMS CONSULTIX PRIVATE LIMITED,"Pan India,",2 Months,Unpaid,"['Python', 'Machine Learning']",27-Jan-2026,Immediately,Internship,AICTE,https://internship.aicte-india.org/internship-details.php?uid=SU5URVJOU0hJUF8xNzY5NTE4MDQyNjk3OGIzZGFlMjRjNA==,2026-03-06T16:38:03.370539+00:00,,"{""work_type"": ""Virtual Internship"", ""openings"": ""4"", ""apply_by"": ""31-Mar-2026""}"
PYTHON PROGRAMMING INTERNSHIP,codegeeky,"Pan India,",2 Months,Unpaid,['Python'],27-Jan-2026,Immediately,Internship,AICTE,https://internship.aicte-india.org/internship-details.php?uid=SU5URVJOU0hJUF8xNzY5NDgyOTIwNjk3ODJhYThiOGNiNw==,2026-03-06T16:38:03.469773+00:00,,"{""work_type"": ""Full Time"", ""openings"": ""2"", ""apply_by"": ""30-Jun-2026""}"
JAVA PROGRAMMING INTERNSHIP,CodeMore,"Pan India,",2 Months,Unpaid,['Java'],27-Jan-2026,Immediately,Internship,AICTE,https://internship.aicte-india.org/internship-details.php?uid=SU5URVJOU0hJUF8xNzY5NDgyODQ0Njk3ODJhNWMzOGYzYQ==,2026-03-06T16:38:03.551760+00:00,,"{""work_type"": ""Full Time"", ""openings"": ""2"", ""apply_by"": ""30-Jun-2026""}"
C++ PROGRAMMING INTERNSHIP,CodeMore,"Pan India,",2 Months,Unpaid,['C++'],26-Jan-2026,Immediately,Internship,AICTE,https://internship.aicte-india.org/internship-details.php?uid=SU5URVJOU0hJUF8xNzY5NDQ1OTA3Njk3NzlhMTM4MGNlYQ==,2026-03-06T16:38:03.646885+00:00,,"{""work_type"": ""Full Time"", ""openings"": ""2"", ""apply_by"": ""31-May-2026""}"
FLUTTER APP DEVELOPMENT INTERNSHIP,codegeeky,"Pan India,",2 Months,Unpaid,"['Flutter', 'Dart', 'Mobile Development']",26-Jan-2026,Immediately,Internship,AICTE,https://internship.aicte-india.org/internship-details.php?uid=SU5URVJOU0hJUF8xNzY5NDQ1Nzg5Njk3Nzk5OWRlNTZlNg==,2026-03-06T16:38:03.742735+00:00,,"{""work_type"": ""Full Time"", ""openings"": ""2"", ""apply_by"": ""30-Apr-2026""}"
DATA SCIENCE INTERNSHIP,codegeeky,"Pan India,",2 Months,Unpaid,"['Python', 'EDA', 'Machine Learning']",26-Jan-2026,Immediately,Internship,AICTE,https://internship.aicte-india.org/internship-details.php?uid=SU5URVJOU0hJUF8xNzY5Mzk2MDA1Njk3NmQ3MjU1ZmQ4MQ==,2026-03-06T16:38:04.959227+00:00,,"{""work_type"": ""Full Time"", ""openings"": ""2"", ""apply_by"": ""31-May-2026""}"
CYBER SECURITY INTERNSHIP,codegeeky,"Pan India,",2 Months,Unpaid,['Cybersecurity'],26-Jan-2026,Immediately,Internship,AICTE,https://internship.aicte-india.org/internship-details.php?uid=SU5URVJOU0hJUF8xNzY5Mzk0MTQ0Njk3NmNmZTAwN2NjOQ==,2026-03-06T16:38:05.077761+00:00,,"{""work_type"": ""Full Time"", ""openings"": ""2"", ""apply_by"": ""26-Jul-2026""}"
CLOUD COMPUTING & DEVOPS INTERNSHIP,CodeMore,"Pan India,",2 Months,Unpaid,"['Cloud Computing', 'Docker', 'CI/CD']",26-Jan-2026,Immediately,Internship,AICTE,https://internship.aicte-india.org/internship-details.php?uid=SU5URVJOU0hJUF8xNzY5Mzk0MDkzNjk3NmNmYWQzYmU2Yg==,2026-03-06T16:38:05.178408+00:00,,"{""work_type"": ""Full Time"", ""openings"": ""2"", ""apply_by"": ""30-Jun-2026""}"
ARTIFICIAL INTELLIGENCE & MACHINE LEARNING INTERNSHIP,codegeeky,"Pan India,",2 Months,Unpaid,"['Python', 'Machine Learning']",26-Jan-2026,Immediately,Internship,AICTE,https://internship.aicte-india.org/internship-details.php?uid=SU5URVJOU0hJUF8xNzY5MzkyNzgzNjk3NmNhOGYyZDA2Yg==,2026-03-06T16:38:05.271858+00:00,,"{""work_type"": ""Full Time"", ""openings"": ""2"", ""apply_by"": ""30-Jun-2026""}"
FULL-STACK WEB DEVELOPMENT INTERNSHIP,CodeMore,"Pan India,",2 Months,Unpaid,"['JavaScript', 'React', 'APIs', 'HTML']",26-Jan-2026,Immediately,Internship,AICTE,https://internship.aicte-india.org/internship-details.php?uid=SU5URVJOU0hJUF8xNzY5MzkyNjk2Njk3NmNhMzgxYWQ3MQ==,2026-03-06T16:38:05.358548+00:00,,"{""work_type"": ""Full Time"", ""openings"": ""2"", ""apply_by"": ""30-Jun-2026""}"
DATA SCIENCE WITH REAL TIME BUSINESS CASES,VEDXLENCE INNOVATIONS PRIVATE LIMITED,"Pan India,",6 Weeks,Unpaid,"['Python', 'EDA', 'Machine Learning']",23-Jan-2026,Immediately,Internship,AICTE,https://internship.aicte-india.org/internship-details.php?uid=SU5URVJOU0hJUF8xNzY5MTU3MDkxNjk3MzMxZTNjMzAxMA==,2026-03-06T16:38:05.443242+00:00,,"{""work_type"": ""Virtual Internship"", ""openings"": ""10"", ""apply_by"": ""05-May-2026""}"
AI & PROMPT ENGINEERING (GENERATIVE AI),VEDXLENCE INNOVATIONS PRIVATE LIMITED,"Pan India,",6 Weeks,Unpaid,"['Python', 'Machine Learning', 'Prompt Engineering', 'Generative AI']",22-Jan-2026,Immediately,Internship,AICTE,https://internship.aicte-india.org/internship-details.php?uid=SU5URVJOU0hJUF8xNzY5MDg3MTI0Njk3MjIwOTRkZGJiZg==,2026-03-06T16:38:05.532414+00:00,,"{""work_type"": ""Virtual Internship"", ""openings"": ""10"", ""apply_by"": ""31-May-2026""}"
MASTERING DATA SCIENCE,eduexpose,"Pan India,",8 Weeks,5000 /month,"['Python', 'EDA', 'Machine Learning']",20-Jan-2026,Immediately,Internship,AICTE,https://internship.aicte-india.org/internship-details.php?uid=SU5URVJOU0hJUF8xNzY4OTE4NDg2Njk2ZjhkZDY3OTZhYQ==,2026-03-06T16:38:05.623470+00:00,,"{""work_type"": ""Virtual Internship"", ""openings"": ""200"", ""apply_by"": ""20-Jul-2026""}"
WATER AND WASTE WATER,Thrissur Municipal Corporation,"Thrissur ,",6 Months,10000 /month,[],20-Jan-2026,Immediately,Internship,AICTE,https://internship.aicte-india.org/internship-details.php?uid=SU5URVJOU0hJUEdPVkFNXzE3Njg4ODgzNDQ2OTZmMTgxODBkYzM5&level=Mg==,2026-03-06T16:38:05.740644+00:00,,"{""work_type"": ""Full Time"", ""openings"": ""2"", ""apply_by"": ""17-Mar-2026""}"
FULL-STACK WEB DEVELOPMENT INTERNSHIP,codegeeky,"Pan India,",2 Months,Unpaid,"['JavaScript', 'React', 'APIs', 'HTML']",19-Jan-2026,Immediately,Internship,AICTE,https://internship.aicte-india.org/internship-details.php?uid=SU5URVJOU0hJUF8xNzY4ODI4OTgyNjk2ZTMwMzYwNzE4Mw==,2026-03-06T16:38:05.830164+00:00,,"{""work_type"": ""Full Time"", ""openings"": ""2"", ""apply_by"": ""31-Mar-2026""}"
6 MONTHS INTERNSHIP IN INTEGRATED VLSI DESIGNING,SURE Trust,"Pan India,",6 Months,Unpaid,['VLSI'],19-Jan-2026,Immediately,Internship,AICTE,https://internship.aicte-india.org/internship-details.php?uid=SU5URVJOU0hJUF8xNzY4ODAzMTU5Njk2ZGNiNTcwNDNmZg==,2026-03-06T16:38:06.969643+00:00,,"{""work_type"": ""Virtual Internship"", ""openings"": ""10"", ""apply_by"": ""19-Jul-2026""}"
ARTIFICIAL INTELLIGENCE & MACHINE LEARNING INTERNSHIP,CodeMore,"Pan India,",2 Months,Unpaid,"['Python', 'Machine Learning']",19-Jan-2026,Immediately,Internship,AICTE,https://internship.aicte-india.org/internship-details.php?uid=SU5URVJOU0hJUF8xNzY4NzkxNjc3Njk2ZDllN2Q2ZDNhZg==,2026-03-06T16:38:07.069390+00:00,,"{""work_type"": ""Full Time"", ""openings"": ""2"", ""apply_by"": ""30-Apr-2026""}"
FULL-STACK WEB DEVELOPMENT INTERNSHIP,codegeeky,"Pan India,",2 Months,Unpaid,"['JavaScript', 'React', 'APIs', 'HTML']",19-Jan-2026,Immediately,Internship,AICTE,https://internship.aicte-india.org/internship-details.php?uid=SU5URVJOU0hJUF8xNzY4NzkxNTgxNjk2ZDllMWQzMzU1Ng==,2026-03-06T16:38:07.157902+00:00,,"{""work_type"": ""Full Time"", ""openings"": ""2"", ""apply_by"": ""30-Apr-2026""}"
CYBER SECURITY INTERNSHIP,CodeMore,"Pan India,",2 Months,Unpaid,['Cybersecurity'],16-Jan-2026,Immediately,Internship,AICTE,https://internship.aicte-india.org/internship-details.php?uid=SU5URVJOU0hJUF8xNzY4NTQ4ODc4Njk2OWVhMGUzNjZhYw==,2026-03-06T16:38:07.248967+00:00,,"{""work_type"": ""Full Time"", ""openings"": ""2"", ""apply_by"": ""30-Apr-2026""}"
CLOUD COMPUTING & DEVOPS INTERNSHIP,CodeMore,"Pan India,",2 Months,Unpaid,"['Cloud Computing', 'Docker', 'CI/CD']",16-Jan-2026,Immediately,Internship,AICTE,https://internship.aicte-india.org/internship-details.php?uid=SU5URVJOU0hJUF8xNzY4NTQzOTQ3Njk2OWQ2Y2JhY2JlYQ==,2026-03-06T16:38:07.345379+00:00,,"{""work_type"": ""Full Time"", ""openings"": ""2"", ""apply_by"": ""30-Apr-2026""}"
ARTIFICIAL INTELLIGENCE & MACHINE LEARNING INTERNSHIP,CodeMore,"Pan India,",2 Months,Unpaid,"['Python', 'Machine Learning']",16-Jan-2026,Immediately,Internship,AICTE,https://internship.aicte-india.org/internship-details.php?uid=SU5URVJOU0hJUF8xNzY4NTQxMzM5Njk2OWNjOWJhM2Y1Mw==,2026-03-06T16:38:07.446759+00:00,,"{""work_type"": ""Full Time"", ""openings"": ""2"", ""apply_by"": ""30-Apr-2026""}"
FULL-STACK WEB DEVELOPMENT INTERNSHIP,codegeeky,"Pan India,",2 Months,Unpaid,"['JavaScript', 'React', 'APIs', 'HTML']",16-Jan-2026,Immediately,Internship,AICTE,https://internship.aicte-india.org/internship-details.php?uid=SU5URVJOU0hJUF8xNzY4NTQwOTcyNjk2OWNiMmM0NDMyZA==,2026-03-06T16:38:07.542415+00:00,,"{""work_type"": ""Full Time"", ""openings"": ""2"", ""apply_by"": ""30-Apr-2026""}"
PYTHON PROGRAMMING INTERNSHIP,CodeMore,"Pan India,",2 Months,Unpaid,['Python'],15-Jan-2026,Immediately,Internship,AICTE,https://internship.aicte-india.org/internship-details.php?uid=SU5URVJOU0hJUF8xNzY4NDQ4NzUxNjk2ODYyZWZjMTQyZA==,2026-03-06T16:38:07.638655+00:00,,"{""work_type"": ""Full Time"", ""openings"": ""2"", ""apply_by"": ""30-Apr-2026""}"
ARTIFICIAL INTELLIGENCE & MACHINE LEARNING INTERNSHIP,CodeMore,"Pan India,",2 Months,Unpaid,"['Python', 'Machine Learning']",15-Jan-2026,Immediately,Internship,AICTE,https://internship.aicte-india.org/internship-details.php?uid=SU5URVJOU0hJUF8xNzY4NDE1NTU3Njk2N2UxNDViZmQwZA==,2026-03-06T16:38:07.733343+00:00,,"{""work_type"": ""Full Time"", ""openings"": ""2"", ""apply_by"": ""31-Mar-2026""}"
ITI IN COMPUTER OPERATOR AND PROGRAMMING ASSISTANT (COPA),HSPD TECHNICAL EDUCATION FOUNDATION,"Pan India,",12 Months,Unpaid,[],14-Jan-2026,Immediately,Internship,AICTE,https://internship.aicte-india.org/internship-details.php?uid=SU5URVJOU0hJUF8xNzY4NDExMDY1Njk2N2NmYjkzMTU3YQ==,2026-03-06T16:38:07.836355+00:00,,"{""work_type"": ""Full Time"", ""openings"": ""10"", ""apply_by"": ""31-Mar-2026""}"
C++ PROGRAMMING INTERNSHIP,codegeeky,"Pan India,",2 Months,Unpaid,['C++'],14-Jan-2026,Immediately,Internship,AICTE,https://internship.aicte-india.org/internship-details.php?uid=SU5URVJOU0hJUF8xNzY4Mzc4OTc2Njk2NzUyNjBkM2RjZQ==,2026-03-06T16:38:09.033130+00:00,,"{""work_type"": ""Full Time"", ""openings"": ""2"", ""apply_by"": ""30-Apr-2026""}"
PYTHON PROGRAMMING INTERNSHIP,codegeeky,"Pan India,",2 Months,Unpaid,['Python'],14-Jan-2026,Immediately,Internship,AICTE,https://internship.aicte-india.org/internship-details.php?uid=SU5URVJOU0hJUF8xNzY4Mzc0MjA2Njk2NzNmYmVmMTFkNg==,2026-03-06T16:38:09.139853+00:00,,"{""work_type"": ""Full Time"", ""openings"": ""2"", ""apply_by"": ""30-Apr-2026""}"
JAVA PROGRAMMING INTERNSHIP,CodeMore,"Pan India,",2 Months,Unpaid,['Java'],14-Jan-2026,Immediately,Internship,AICTE,https://internship.aicte-india.org/internship-details.php?uid=SU5URVJOU0hJUF8xNzY4MzY5NDE4Njk2NzJkMGE3YWI1Ng==,2026-03-06T16:38:09.231514+00:00,,"{""work_type"": ""Full Time"", ""openings"": ""2"", ""apply_by"": ""31-May-2026""}"
DATA SCIENCE INTERNSHIP,codegeeky,"Pan India,",2 Months,Unpaid,"['Python', 'EDA', 'Machine Learning']",13-Jan-2026,Immediately,Internship,AICTE,https://internship.aicte-india.org/internship-details.php?uid=SU5URVJOU0hJUF8xNzY4MzIyNDYzNjk2Njc1OWY2ODQ5Zg==,2026-03-06T16:38:09.318661+00:00,,"{""work_type"": ""Full Time"", ""openings"": ""2"", ""apply_by"": ""31-Mar-2026""}"
CYBER SECURITY INTERNSHIP,CodeMore,"Pan India,",2 Months,Unpaid,['Cybersecurity'],13-Jan-2026,Immediately,Internship,AICTE,https://internship.aicte-india.org/internship-details.php?uid=SU5URVJOU0hJUF8xNzY4MzIyMzAwNjk2Njc0ZmM5YTYzYQ==,2026-03-06T16:38:09.425817+00:00,,"{""work_type"": ""Full Time"", ""openings"": ""2"", ""apply_by"": ""31-Mar-2026""}"
ARTIFICIAL INTELLIGENCE & MACHINE LEARNING INTERNSHIP,CodeMore,"Pan India,",2 Months,Unpaid,"['Python', 'Machine Learning']",13-Jan-2026,Immediately,Internship,AICTE,https://internship.aicte-india.org/internship-details.php?uid=SU5URVJOU0hJUF8xNzY4MzExOTM4Njk2NjRjODI5MjRhYg==,2026-03-06T16:38:09.521034+00:00,,"{""work_type"": ""Full Time"", ""openings"": ""2"", ""apply_by"": ""31-Mar-2026""}"
FULL-STACK WEB DEVELOPMENT INTERNSHIP,codegeeky,"Pan India,",2 Months,Unpaid,"['JavaScript', 'React', 'APIs', 'HTML']",13-Jan-2026,Immediately,Internship,AICTE,https://internship.aicte-india.org/internship-details.php?uid=SU5URVJOU0hJUF8xNzY4MzExMTI1Njk2NjQ5NTUxZGVhMQ==,2026-03-06T16:38:09.607057+00:00,,"{""work_type"": ""Full Time"", ""openings"": ""2"", ""apply_by"": ""31-Mar-2026""}"
PYTHON - AI - ML - DATA SCIENCE - JAVA - WEBSITE DEVELOPMENT INTERNSHIP,codegeeky,"Pan India,",2 Months,Unpaid,"['Python', 'Machine Learning', 'EDA', 'Java']",13-Jan-2026,Immediately,Internship,AICTE,https://internship.aicte-india.org/internship-details.php?uid=SU5URVJOU0hJUF8xNzY4MzA3MDU3Njk2NjM5NzE4ZTNlYw==,2026-03-06T16:38:09.697667+00:00,,"{""work_type"": ""Full Time"", ""openings"": ""2"", ""apply_by"": ""31-Mar-2026""}"
PYTHON PROGRAMMING INTERNSHIP,codegeeky,"Pan India,",2 Months,Unpaid,['Python'],13-Jan-2026,Immediately,Internship,AICTE,https://internship.aicte-india.org/internship-details.php?uid=SU5URVJOU0hJUF8xNzY4MzAyNDgyNjk2NjI3OTI5MzUzZg==,2026-03-06T16:38:09.802712+00:00,,"{""work_type"": ""Full Time"", ""openings"": ""2"", ""apply_by"": ""30-Apr-2026""}"
JAVA PROGRAMMING INTERNSHIP,CodeMore,"Pan India,",2 Months,Unpaid,['Java'],13-Jan-2026,Immediately,Internship,AICTE,https://internship.aicte-india.org/internship-details.php?uid=SU5URVJOU0hJUF8xNzY4MzAyNDI1Njk2NjI3NTlkY2IzMA==,2026-03-06T16:38:09.909453+00:00,,"{""work_type"": ""Full Time"", ""openings"": ""2"", ""apply_by"": ""30-Apr-2026""}"
C++ PROGRAMMING INTERNSHIP,CodeMore,"Pan India,",2 Months,Unpaid,['C++'],13-Jan-2026,Immediately,Internship,AICTE,https://internship.aicte-india.org/internship-details.php?uid=SU5URVJOU0hJUF8xNzY4Mjk5OTQ4Njk2NjFkYWNjNDZmYg==,2026-03-06T16:38:11.205741+00:00,,"{""work_type"": ""Full Time"", ""openings"": ""2"", ""apply_by"": ""31-Mar-2026""}"
FLUTTER APP DEVELOPMENT INTERNSHIP,codegeeky,"Pan India,",2 Months,Unpaid,"['Flutter', 'Dart', 'Mobile Development']",13-Jan-2026,Immediately,Internship,AICTE,https://internship.aicte-india.org/internship-details.php?uid=SU5URVJOU0hJUF8xNzY4Mjk5ODk3Njk2NjFkNzkyY2ZhOA==,2026-03-06T16:38:11.290468+00:00,,"{""work_type"": ""Full Time"", ""openings"": ""2"", ""apply_by"": ""31-Mar-2026""}"
AI-DRIVEN SOFTWARE AND DATA INTELLIGENCE INTERNSHIP,XTRAGRAD TECHNOLOGIE PRIVATE LIMITED,"Hyderabad,",10 Weeks,10000 /month,"['Python', 'Machine Learning']",13-Jan-2026,Immediately,Internship,AICTE,https://internship.aicte-india.org/internship-details.php?uid=SU5URVJOU0hJUF8xNzY4Mjg5MTgwNjk2NWYzOWMzYTY4Mg==,2026-03-06T16:38:11.381967+00:00,,"{""work_type"": ""Full Time"", ""openings"": ""30"", ""apply_by"": ""30-Jun-2026""}"
DATA SCIENCE INTERNSHIP,CodeMore,"Pan India,",2 Months,Unpaid,"['Python', 'EDA', 'Machine Learning']",13-Jan-2026,Immediately,Internship,AICTE,https://internship.aicte-india.org/internship-details.php?uid=SU5URVJOU0hJUF8xNzY4Mjc3NDQzNjk2NWM1YzNjZjI0Yg==,2026-03-06T16:38:11.495278+00:00,,"{""work_type"": ""Full Time"", ""openings"": ""2"", ""apply_by"": ""31-Mar-2026""}"
CYBER SECURITY INTERNSHIP,codegeeky,"Pan India,",2 Months,Unpaid,['Cybersecurity'],13-Jan-2026,Immediately,Internship,AICTE,https://internship.aicte-india.org/internship-details.php?uid=SU5URVJOU0hJUF8xNzY4Mjc3MzgyNjk2NWM1ODYyYmE0Zg==,2026-03-06T16:38:11.594354+00:00,,"{""work_type"": ""Full Time"", ""openings"": ""2"", ""apply_by"": ""26-Mar-2026""}"
CLOUD COMPUTING & DEVOPS INTERNSHIP,codegeeky,"Pan India,",2 Months,Unpaid,"['Cloud Computing', 'Docker', 'CI/CD']",13-Jan-2026,Immediately,Internship,AICTE,https://internship.aicte-india.org/internship-details.php?uid=SU5URVJOU0hJUF8xNzY4MjczNTA1Njk2NWI2NjFiODVkZQ==,2026-03-06T16:38:11.691672+00:00,,"{""work_type"": ""Full Time"", ""openings"": ""2"", ""apply_by"": ""30-Apr-2026""}"
ARTIFICIAL INTELLIGENCE & MACHINE LEARNING INTERNSHIP,CodeMore,"Pan India,",2 Months,Unpaid,"['Python', 'Machine Learning']",13-Jan-2026,Immediately,Internship,AICTE,https://internship.aicte-india.org/internship-details.php?uid=SU5URVJOU0hJUF8xNzY4MjczNDEwNjk2NWI2MDJjYjZhYQ==,2026-03-06T16:38:11.784104+00:00,,"{""work_type"": ""Full Time"", ""openings"": ""2"", ""apply_by"": ""31-Mar-2026""}"
FULL-STACK WEB DEVELOPMENT INTERNSHIP,CodeMore,"Pan India,",2 Months,Unpaid,"['JavaScript', 'React', 'APIs', 'HTML']",13-Jan-2026,Immediately,Internship,AICTE,https://internship.aicte-india.org/internship-details.php?uid=SU5URVJOU0hJUF8xNzY4MjY5MTM1Njk2NWE1NGY3OGYzYg==,2026-03-06T16:38:11.879028+00:00,,"{""work_type"": ""Full Time"", ""openings"": ""2"", ""apply_by"": ""31-Mar-2026""}"
PYTHON PROGRAMMING INTERNSHIP,codegeeky,"Pan India,",2 Months,Unpaid,['Python'],13-Jan-2026,Immediately,Internship,AICTE,https://internship.aicte-india.org/internship-details.php?uid=SU5URVJOU0hJUF8xNzY4MjY5MDI1Njk2NWE0ZTFhYmEzMw==,2026-03-06T16:38:11.976960+00:00,,"{""work_type"": ""Full Time"", ""openings"": ""2"", ""apply_by"": ""31-Mar-2026""}"
ARTIFICIAL INTELLIGENCE & MACHINE LEARNING INTERNSHIP,codegeeky,"Pan India,",2 Months,Unpaid,"['Python', 'Machine Learning']",11-Jan-2026,Immediately,Internship,AICTE,https://internship.aicte-india.org/internship-details.php?uid=SU5URVJOU0hJUF8xNzY4MTQ5NTY5Njk2M2QyNDFjMTE1OQ==,2026-03-06T16:38:12.076600+00:00,,"{""work_type"": ""Full Time"", ""openings"": ""2"", ""apply_by"": ""31-Mar-2026""}"
PYTHON PROGRAMMING INTERNSHIP,CodeMore,"Pan India,",2 Months,Unpaid,['Python'],11-Jan-2026,Immediately,Internship,AICTE,https://internship.aicte-india.org/internship-details.php?uid=SU5URVJOU0hJUF8xNzY4MTQ5NDY1Njk2M2QxZDkwMTk1Ng==,2026-03-06T16:38:13.277562+00:00,,"{""work_type"": ""Full Time"", ""openings"": ""2"", ""apply_by"": ""30-Apr-2026""}"
MACHINE LEARNING INTERNSHIP,Pursuit Future Technologies,"Pan India,",3 Months,Unpaid,"['Python', 'Machine Learning']",11-Jan-2026,Immediately,Internship,AICTE,https://internship.aicte-india.org/internship-details.php?uid=SU5URVJOU0hJUF8xNzY4MTE2NDc1Njk2MzUwZmJiYTljYg==,2026-03-06T16:38:13.380701+00:00,,"{""work_type"": ""Full Time"", ""openings"": ""10"", ""apply_by"": ""10-Jul-2026""}"
ARTIFICIAL INTELLIGENCE & MACHINE LEARNING INTERNSHIP,CodeMore,"Pan India,",2 Months,Unpaid,"['Python', 'Machine Learning']",11-Jan-2026,Immediately,Internship,AICTE,https://internship.aicte-india.org/internship-details.php?uid=SU5URVJOU0hJUF8xNzY4MDk3MDE2Njk2MzA0ZjhlZGNiZA==,2026-03-06T16:38:13.481486+00:00,,"{""work_type"": ""Full Time"", ""openings"": ""2"", ""apply_by"": ""31-Mar-2026""}"
FULL-STACK WEB DEVELOPMENT INTERNSHIP,codegeeky,"Pan India,",2 Months,Unpaid,"['JavaScript', 'React', 'APIs', 'HTML']",11-Jan-2026,Immediately,Internship,AICTE,https://internship.aicte-india.org/internship-details.php?uid=SU5URVJOU0hJUF8xNzY4MDk2NzU0Njk2MzAzZjI3Njc2NQ==,2026-03-06T16:38:13.581694+00:00,,"{""work_type"": ""Full Time"", ""openings"": ""2"", ""apply_by"": ""31-Mar-2026""}"
6 MONTHS INTERNSHIP IN FINANCIAL MODELLING & VALUATION,SURE Trust,"Pan India,",6 Months,Unpaid,[],10-Jan-2026,Immediately,Internship,AICTE,https://internship.aicte-india.org/internship-details.php?uid=SU5URVJOU0hJUF8xNzY4MDY1MzQyNjk2Mjg5M2U5NGQyNQ==,2026-03-06T16:38:13.682241+00:00,,"{""work_type"": ""Virtual Internship"", ""openings"": ""10"", ""apply_by"": ""10-Jul-2026""}"
PYTHON PROGRAMMING INTERNSHIP,CodeMore,"Pan India,",2 Months,Unpaid,['Python'],10-Jan-2026,Immediately,Internship,AICTE,https://internship.aicte-india.org/internship-details.php?uid=SU5URVJOU0hJUF8xNzY4MDY1MTg1Njk2Mjg4YTFjMTQzOQ==,2026-03-06T16:38:13.783941+00:00,,"{""work_type"": ""Full Time"", ""openings"": ""2"", ""apply_by"": ""31-Mar-2026""}"
MANAGEMENT ROLE INTERN,JYESTA CORPORATE ENTITY,"Pan India,",16 Weeks,Unpaid,[],10-Jan-2026,Immediately,Internship,AICTE,https://internship.aicte-india.org/internship-details.php?uid=SU5URVJOU0hJUF8xNzY4MDU0Mjg3Njk2MjVlMGY2OTliOQ==,2026-03-06T16:38:13.884824+00:00,,"{""work_type"": ""Virtual Internship"", ""openings"": ""5"", ""apply_by"": ""31-May-2026""}"
ARTIFICIAL INTELLIGENCE INTERNSHIP,Pursuit Future Technologies,"Pan India,Bangalore,Hyderabad,",3 Months,Unpaid,"['Python', 'Machine Learning']",10-Jan-2026,Immediately,Internship,AICTE,https://internship.aicte-india.org/internship-details.php?uid=SU5URVJOU0hJUF8xNzY4MDQ4OTMyNjk2MjQ5MjQ2ZjE2NQ==,2026-03-06T16:38:13.984018+00:00,,"{""work_type"": ""Full Time"", ""openings"": ""10"", ""apply_by"": ""10-Jul-2026""}"
JAVA PROGRAMMING INTERNSHIP,CodeMore,"Pan India,",2 Months,Unpaid,['Java'],10-Jan-2026,Immediately,Internship,AICTE,https://internship.aicte-india.org/internship-details.php?uid=SU5URVJOU0hJUF8xNzY4MDI5NDgxNjk2MWZkMjkxMjEwNQ==,2026-03-06T16:38:14.081345+00:00,,"{""work_type"": ""Full Time"", ""openings"": ""2"", ""apply_by"": ""24-Apr-2026""}"
C++ PROGRAMMING INTERNSHIP,codegeeky,"Pan India,",2 Months,Unpaid,['C++'],10-Jan-2026,Immediately,Internship,AICTE,https://internship.aicte-india.org/internship-details.php?uid=SU5URVJOU0hJUF8xNzY4MDI5NDE5Njk2MWZjZWJhYzc0Zg==,2026-03-06T16:38:14.178983+00:00,,"{""work_type"": ""Full Time"", ""openings"": ""2"", ""apply_by"": ""31-Mar-2026""}"
FLUTTER APP DEVELOPMENT INTERNSHIP,CodeMore,"Pan India,",2 Months,Unpaid,"['Flutter', 'Dart', 'Mobile Development']",10-Jan-2026,Immediately,Internship,AICTE,https://internship.aicte-india.org/internship-details.php?uid=SU5URVJOU0hJUF8xNzY4MDI3NzU0Njk2MWY2NmE4ZjhlYQ==,2026-03-06T16:38:15.369928+00:00,,"{""work_type"": ""Full Time"", ""openings"": ""2"", ""apply_by"": ""31-Mar-2026""}"
DATA SCIENCE INTERNSHIP,codegeeky,"Pan India,",2 Months,Unpaid,"['Python', 'EDA', 'Machine Learning']",10-Jan-2026,Immediately,Internship,AICTE,https://internship.aicte-india.org/internship-details.php?uid=SU5URVJOU0hJUF8xNzY4MDI3NjcyNjk2MWY2MTg5ZWVmYw==,2026-03-06T16:38:15.466636+00:00,,"{""work_type"": ""Full Time"", ""openings"": ""2"", ""apply_by"": ""31-Mar-2026""}"
CYBER SECURITY INTERNSHIP,CodeMore,"Pan India,",2 Months,Unpaid,['Cybersecurity'],10-Jan-2026,Immediately,Internship,AICTE,https://internship.aicte-india.org/internship-details.php?uid=SU5URVJOU0hJUF8xNzY4MDE3ODMxNjk2MWNmYTc3ZTY3NA==,2026-03-06T16:38:15.566962+00:00,,"{""work_type"": ""Full Time"", ""openings"": ""2"", ""apply_by"": ""31-Mar-2026""}"
CLOUD COMPUTING & DEVOPS INTERNSHIP,codegeeky,"Pan India,",2 Months,Unpaid,"['Cloud Computing', 'Docker', 'CI/CD']",10-Jan-2026,Immediately,Internship,AICTE,https://internship.aicte-india.org/internship-details.php?uid=SU5URVJOU0hJUF8xNzY4MDE3NjcwNjk2MWNmMDY1ZjkwNg==,2026-03-06T16:38:15.665420+00:00,,"{""work_type"": ""Full Time"", ""openings"": ""2"", ""apply_by"": ""30-Apr-2026""}"
ARTIFICIAL INTELLIGENCE & MACHINE LEARNING INTERNSHIP,CodeMore,"Pan India,",2 Months,Unpaid,"['Python', 'Machine Learning']",10-Jan-2026,Immediately,Internship,AICTE,https://internship.aicte-india.org/internship-details.php?uid=SU5URVJOU0hJUF8xNzY4MDExODUzNjk2MWI4NGQxMjRkZA==,2026-03-06T16:38:15.770889+00:00,,"{""work_type"": ""Full Time"", ""openings"": ""2"", ""apply_by"": ""31-Mar-2026""}"
FULL-STACK WEB DEVELOPMENT INTERNSHIP,codegeeky,"Pan India,",2 Months,Unpaid,"['JavaScript', 'React', 'APIs', 'HTML']",10-Jan-2026,Immediately,Internship,AICTE,https://internship.aicte-india.org/internship-details.php?uid=SU5URVJOU0hJUF8xNzY4MDExNzAyNjk2MWI3YjZiMDQ2YQ==,2026-03-06T16:38:15.868206+00:00,,"{""work_type"": ""Full Time"", ""openings"": ""2"", ""apply_by"": ""30-Apr-2026""}"
PYTHON DEVELOPER INTERNSHIP,CodeMore,"Pan India,",2 Months,Unpaid,['Python'],09-Jan-2026,Immediately,Internship,AICTE,https://internship.aicte-india.org/internship-details.php?uid=SU5URVJOU0hJUF8xNzY3OTY4MTE4Njk2MTBkNzY5NTRiZA==,2026-03-06T16:38:15.965699+00:00,,"{""work_type"": ""Full Time"", ""openings"": ""2"", ""apply_by"": ""31-Mar-2026""}"
ACADEMIC INTERSHIP (MAHARISHI DAYANAND YOGA TEACHER TRANING CENTER BIHAR ),VARDHAN HUMAN RESOURCE TRUST,"Bihar,",12 Months,Unpaid,[],09-Jan-2026,Immediately,Internship,AICTE,https://internship.aicte-india.org/internship-details.php?uid=SU5URVJOU0hJUF8xNzY3OTYwNzg5Njk2MGYwZDVlZDM4YQ==,2026-03-06T16:38:16.063668+00:00,,"{""work_type"": ""Full Time"", ""openings"": ""5"", ""apply_by"": ""09-Jul-2026""}"
"SBM COMMUNICATION, AND AWARENESS PROGRAMME INTERN",nagar palika parishad khoda makanpur,"Ghaziabad,",12 Months,10000 /month,[],09-Jan-2026,Immediately,Internship,AICTE,https://internship.aicte-india.org/internship-details.php?uid=SU5URVJOU0hJUEdPVlNCTV8xNzY3OTYwNjQwNjk2MGYwNDA5YjYwOA==&level=Mg==,2026-03-06T16:38:16.163275+00:00,,"{""work_type"": ""Full Time"", ""openings"": ""5"", ""apply_by"": ""31-Mar-2026""}"
"ALL-IN-ONE TECH INTERNSHIP: PYTHON, AI, ML, DATA SCIENCE, JAVA & WEB DEVELOPMENT",CodeMore,"Pan India,",2 Months,Unpaid,"['Python', 'EDA', 'Machine Learning', 'Java']",09-Jan-2026,Immediately,Internship,AICTE,https://internship.aicte-india.org/internship-details.php?uid=SU5URVJOU0hJUF8xNzY3OTYwNjk3Njk2MGYwNzk1OThiNw==,2026-03-06T16:38:16.277671+00:00,,"{""work_type"": ""Full Time"", ""openings"": ""2"", ""apply_by"": ""31-Mar-2026""}"
PYTHON DEVELOPER INTERNSHIP,Codec Technologies,"Pan India,Ahmedabad,Bengaluru Urban,Hyderabad,Mumbai,Nagpur,Pune,",2 Months,25000 /month,['Python'],09-Jan-2026,Immediately,Internship,AICTE,https://internship.aicte-india.org/internship-details.php?uid=SU5URVJOU0hJUF8xNzY3OTU5Mjc1Njk2MGVhZWI2ZDU2ZA==,2026-03-06T16:38:17.472189+00:00,,"{""work_type"": ""Part Time"", ""openings"": ""215"", ""apply_by"": ""09-Jul-2026""}"
ARTIFICIAL INTELLIGENCE INTERNSHIP,Codec Technologies,"Pan India,",2 Months,15000 /month,"['Python', 'Machine Learning']",09-Jan-2026,Immediately,Internship,AICTE,https://internship.aicte-india.org/internship-details.php?uid=SU5URVJOU0hJUF8xNzY3OTU4ODUyNjk2MGU5NDQxYzM2Zg==,2026-03-06T16:38:17.570765+00:00,,"{""work_type"": ""Virtual Internship"", ""openings"": ""122"", ""apply_by"": ""09-Jul-2026""}"
INDUSTRIAL TRAINING,ACADEMY OF SKILL DEVELOPMENT,"Pan India,",6 Weeks,Unpaid,[],09-Jan-2026,Immediately,Internship,AICTE,https://internship.aicte-india.org/internship-details.php?uid=SU5URVJOU0hJUF8xNzY3OTU4MjIwNjk2MGU2Y2MyMmQ5Ng==,2026-03-06T16:38:17.667218+00:00,,"{""work_type"": ""Virtual Internship"", ""openings"": ""9"", ""apply_by"": ""09-Jul-2026""}"
JAVA PROGRAMMING INTERNSHIP,CodeMore,"Pan India,",2 Months,Unpaid,['Java'],09-Jan-2026,Immediately,Internship,AICTE,https://internship.aicte-india.org/internship-details.php?uid=SU5URVJOU0hJUF8xNzY3OTUzNjAxNjk2MGQ0YzFiN2Q1ZA==,2026-03-06T16:38:17.762583+00:00,,"{""work_type"": ""Full Time"", ""openings"": ""2"", ""apply_by"": ""31-Mar-2026""}"
VIRTUAL PROJECT BASED SOFTWARE DEVELOPMENT INTERNSHIP AT CYROSTACK,CYROSTACK IT SOLUTIONS OPC PVT LTD,"Pan India,",6 Months,Unpaid,[],09-Jan-2026,Immediately,Internship,AICTE,https://internship.aicte-india.org/internship-details.php?uid=SU5URVJOU0hJUF8xNzY3OTUwMjQzNjk2MGM3YTNkM2U3Ng==,2026-03-06T16:38:17.860313+00:00,,"{""work_type"": ""Full Time"", ""openings"": ""10"", ""apply_by"": ""09-Jul-2026""}"
PYTHON - AI - ML - DATA SCIENCE - JAVA - WEBSITE DEVELOPMENT INTERNSHIP,codegeeky,"Pan India,",2 Months,Unpaid,"['Python', 'Machine Learning', 'EDA', 'Java']",09-Jan-2026,Immediately,Internship,AICTE,https://internship.aicte-india.org/internship-details.php?uid=SU5URVJOU0hJUF8xNzY3OTQ2NzEzNjk2MGI5ZDkyODhjZA==,2026-03-06T16:38:17.973058+00:00,,"{""work_type"": ""Full Time"", ""openings"": ""2"", ""apply_by"": ""31-Mar-2026""}"
DATA ANALYTICS / DATA SCIENCE INTERNSHIP,CodeMore,"Pan India,",2 Months,Unpaid,"['Python', 'EDA', 'Machine Learning', 'SQL']",09-Jan-2026,Immediately,Internship,AICTE,https://internship.aicte-india.org/internship-details.php?uid=SU5URVJOU0hJUF8xNzY3OTQxMDYyNjk2MGEzYzYxMmFiZA==,2026-03-06T16:38:18.074776+00:00,,"{""work_type"": ""Full Time"", ""openings"": ""2"", ""apply_by"": ""31-Mar-2026""}"
PYTHON SOFTWARE DEVELOPER INTERNSHIP,codegeeky,"Pan India,",2 Months,Unpaid,['Python'],09-Jan-2026,Immediately,Internship,AICTE,https://internship.aicte-india.org/internship-details.php?uid=SU5URVJOU0hJUF8xNzY3OTQwNTQ1Njk2MGExYzEzNDM0NQ==,2026-03-06T16:38:18.175576+00:00,,"{""work_type"": ""Full Time"", ""openings"": ""2"", ""apply_by"": ""31-Mar-2026""}"
CYBER SECURITY & ETHICAL HACKING,CodeMore,"Pan India,",2 Months,Unpaid,"['Cybersecurity', 'Networking']",09-Jan-2026,Immediately,Internship,AICTE,https://internship.aicte-india.org/internship-details.php?uid=SU5URVJOU0hJUF8xNzY3OTM1NzQ1Njk2MDhmMDFiNGFiZg==,2026-03-06T16:38:18.274827+00:00,,"{""work_type"": ""Full Time"", ""openings"": ""3"", ""apply_by"": ""31-Mar-2026""}"
C++ PROGRAMMING INTERNSHIP,codegeeky,"Pan India,",2 Months,Unpaid,['C++'],09-Jan-2026,Immediately,Internship,AICTE,https://internship.aicte-india.org/internship-details.php?uid=SU5URVJOU0hJUF8xNzY3OTM1NjE4Njk2MDhlODI0MWFmYw==,2026-03-06T16:38:18.376254+00:00,,"{""work_type"": ""Full Time"", ""openings"": ""2"", ""apply_by"": ""31-Mar-2026""}"
UI/UX DESIGN INTERNSHIP,codegeeky,"Pan India,",2 Months,Unpaid,['UI/UX Design'],09-Jan-2026,Immediately,Internship,AICTE,https://internship.aicte-india.org/internship-details.php?uid=SU5URVJOU0hJUF8xNzY3OTI1NDE2Njk2MDY2YThkNGVjOA==,2026-03-06T16:38:19.592978+00:00,,"{""work_type"": ""Full Time"", ""openings"": ""2"", ""apply_by"": ""31-Mar-2026""}"
C++ PROGRAMMING INTERNSHIP,CodeMore,"Pan India,",6 Weeks,Unpaid,['C++'],09-Jan-2026,Immediately,Internship,AICTE,https://internship.aicte-india.org/internship-details.php?uid=SU5URVJOU0hJUF8xNzY3OTI1MjA3Njk2MDY1ZDdiY2NmYg==,2026-03-06T16:38:19.698592+00:00,,"{""work_type"": ""Full Time"", ""openings"": ""2"", ""apply_by"": ""31-Mar-2026""}"
PYTHON - AI - ML - DATA SCIENCE - JAVA - WEBSITE DEVELOPMENT INTERNSHIP,codegeeky,"Pan India,",2 Months,Unpaid,"['Python', 'Machine Learning', 'EDA', 'Java']",09-Jan-2026,Immediately,Internship,AICTE,https://internship.aicte-india.org/internship-details.php?uid=SU5URVJOU0hJUF8xNzY3OTIyOTU2Njk2MDVkMGMxMTc2OQ==,2026-03-06T16:38:19.808637+00:00,,"{""work_type"": ""Full Time"", ""openings"": ""2"", ""apply_by"": ""31-Mar-2026""}"
CYBERSECURITY & ETHICAL HACKING INTERNSHIP (PROJECT BASED),codegeeky,"Pan India,",2 Months,Unpaid,"['Cybersecurity', 'Networking']",08-Jan-2026,Immediately,Internship,AICTE,https://internship.aicte-india.org/internship-details.php?uid=SU5URVJOU0hJUF8xNzY3ODg1NjE5Njk1ZmNiMzMxZGRiYw==,2026-03-06T16:38:19.906216+00:00,,"{""work_type"": ""Full Time"", ""openings"": ""2"", ""apply_by"": ""31-Mar-2026""}"
ONLINE INTERNSHIP FOR COLLAGE STUDENTS,CodeMore,"Pan India,",2 Months,Unpaid,[],08-Jan-2026,Immediately,Internship,AICTE,https://internship.aicte-india.org/internship-details.php?uid=SU5URVJOU0hJUF8xNzY3ODgxMjcwNjk1ZmJhMzY0ZTdhMQ==,2026-03-06T16:38:20.006439+00:00,,"{""work_type"": ""Full Time"", ""openings"": ""2"", ""apply_by"": ""30-Apr-2026""}"
PYTHON - AI - ML - DATA SCIENCE - JAVA - WEBSITE DEVELOPMENT INTERNSHIP,codegeeky,"Pan India,",2 Months,Unpaid,"['Python', 'Machine Learning', 'EDA', 'Java']",08-Jan-2026,Immediately,Internship,AICTE,https://internship.aicte-india.org/internship-details.php?uid=SU5URVJOU0hJUF8xNzY3ODgxMTU4Njk1ZmI5YzY5ODA0NQ==,2026-03-06T16:38:20.104236+00:00,,"{""work_type"": ""Full Time"", ""openings"": ""2"", ""apply_by"": ""31-Mar-2026""}"
INTERNSHIP,Alfido Tech,"Pan India,",2 Months,Unpaid,[],08-Jan-2026,Immediately,Internship,AICTE,https://internship.aicte-india.org/internship-details.php?uid=SU5URVJOU0hJUF8xNzY3ODc3NTc0Njk1ZmFiYzYxMjliMg==,2026-03-06T16:38:20.204970+00:00,,"{""work_type"": ""Virtual Internship"", ""openings"": ""10"", ""apply_by"": ""30-Jun-2026""}"
"MERN STACK, PYTHON, JAVA FULL STACK DEVELOPER",CodeMore,"Pan India,",2 Months,Unpaid,"['Python', 'Java', 'MongoDB', 'Express']",08-Jan-2026,Immediately,Internship,AICTE,https://internship.aicte-india.org/internship-details.php?uid=SU5URVJOU0hJUF8xNzY3ODczMjIzNjk1ZjlhYzcxMGZiNg==,2026-03-06T16:38:20.301119+00:00,,"{""work_type"": ""Full Time"", ""openings"": ""2"", ""apply_by"": ""31-Mar-2026""}"
PYTHON - AI - ML - DATA SCIENCE - JAVA - WEBSITE DEVELOPMENT INTERNSHIP,codegeeky,"Pan India,",2 Months,Unpaid,"['Python', 'Machine Learning', 'EDA', 'Java']",08-Jan-2026,Immediately,Internship,AICTE,https://internship.aicte-india.org/internship-details.php?uid=SU5URVJOU0hJUF8xNzY3ODczMDkzNjk1ZjlhNDVhNWNlYQ==,2026-03-06T16:38:20.399460+00:00,,"{""work_type"": ""Full Time"", ""openings"": ""3"", ""apply_by"": ""31-Mar-2026""}"
CYBERSECURITY & ETHICAL HACKING INTERNSHIP (PROJECT BASED),codegeeky,"Pan India,",2 Months,Unpaid,"['Cybersecurity', 'Networking']",08-Jan-2026,Immediately,Internship,AICTE,https://internship.aicte-india.org/internship-details.php?uid=SU5URVJOU0hJUF8xNzY3ODYyOTI4Njk1ZjcyOTBkZjQzNw==,2026-03-06T16:38:20.497106+00:00,,"{""work_type"": ""Full Time"", ""openings"": ""3"", ""apply_by"": ""31-Mar-2026""}"
FULL-STACK WEB DEVELOPMENT INTERNSHIP,CodeMore,"Pan India,",2 Months,Unpaid,"['JavaScript', 'React', 'APIs', 'HTML']",08-Jan-2026,Immediately,Internship,AICTE,https://internship.aicte-india.org/internship-details.php?uid=SU5URVJOU0hJUF8xNzY3ODYyNjgxNjk1ZjcxOTliZWI4MA==,2026-03-06T16:38:21.707710+00:00,,"{""work_type"": ""Full Time"", ""openings"": ""3"", ""apply_by"": ""31-Mar-2026""}"
"MERN STACK, PYTHON, JAVA FULL STACK DEVELOPER",codegeeky,"Pan India,",2 Months,Unpaid,"['Python', 'Java', 'MongoDB', 'Express']",08-Jan-2026,Immediately,Internship,AICTE,https://internship.aicte-india.org/internship-details.php?uid=SU5URVJOU0hJUF8xNzY3ODQ3Nzg0Njk1ZjM3NjgxNjlmNg==,2026-03-06T16:38:21.806195+00:00,,"{""work_type"": ""Full Time"", ""openings"": ""3"", ""apply_by"": ""31-Mar-2026""}"
WEB DEVELOPER INTERN,Asar IT technologies private limited,"Bengaluru Rural,Bengaluru Urban,",4 Months,Unpaid,[],08-Jan-2026,Immediately,Internship,AICTE,https://internship.aicte-india.org/internship-details.php?uid=SU5URVJOU0hJUF8xNzY3ODQ2OTE0Njk1ZjM0MDI4Y2VjNw==,2026-03-06T16:38:21.913129+00:00,,"{""work_type"": ""Full Time"", ""openings"": ""10"", ""apply_by"": ""08-Jul-2026""}"
AI ML DATA SCIENCE INTERN,CodeMore,"Pan India,",2 Months,Unpaid,"['Python', 'Machine Learning', 'EDA']",08-Jan-2026,Immediately,Internship,AICTE,https://internship.aicte-india.org/internship-details.php?uid=SU5URVJOU0hJUF8xNzY3ODQ1MjE0Njk1ZjJkNWUzZGM0Yw==,2026-03-06T16:38:22.012270+00:00,,"{""work_type"": ""Full Time"", ""openings"": ""3"", ""apply_by"": ""31-Mar-2026""}"
DATA SCIENCE INTERNSHIP,codegeeky,"Pan India,",2 Months,Unpaid,"['Python', 'EDA', 'Machine Learning']",07-Jan-2026,Immediately,Internship,AICTE,https://internship.aicte-india.org/internship-details.php?uid=SU5URVJOU0hJUF8xNzY3ODAyMzU2Njk1ZTg1ZjQ4YzA2NA==,2026-03-06T16:38:22.114184+00:00,,"{""work_type"": ""Full Time"", ""openings"": ""3"", ""apply_by"": ""31-Mar-2026""}"
PYTHON - AI - ML - DATA SCIENCE - JAVA - WEBSITE DEVELOPMENT INTERNSHIP,CodeMore,"Pan India,",2 Months,Unpaid,"['Python', 'Machine Learning', 'EDA', 'Java']",07-Jan-2026,Immediately,Internship,AICTE,https://internship.aicte-india.org/internship-details.php?uid=SU5URVJOU0hJUF8xNzY3ODAyODU2Njk1ZTg3ZTg3OTkzYw==,2026-03-06T16:38:22.214660+00:00,,"{""work_type"": ""Full Time"", ""openings"": ""4"", ""apply_by"": ""31-Mar-2026""}"
PYTHON FULL STACK,Asar IT technologies private limited,"Bengaluru Rural,",4 Months,Unpaid,"['Python', 'JavaScript', 'React', 'APIs']",07-Jan-2026,Immediately,Internship,AICTE,https://internship.aicte-india.org/internship-details.php?uid=SU5URVJOU0hJUF8xNzY3NzgwNDE0Njk1ZTMwM2VhZjgyYg==,2026-03-06T16:38:22.298118+00:00,,"{""work_type"": ""Full Time"", ""openings"": ""10"", ""apply_by"": ""07-Jul-2026""}"
JAVA FULL STACK,Asar IT technologies private limited,"Bengaluru Rural,",4 Months,Unpaid,"['Java', 'JavaScript', 'React', 'APIs']",07-Jan-2026,Immediately,Internship,AICTE,https://internship.aicte-india.org/internship-details.php?uid=SU5URVJOU0hJUF8xNzY3NzcwMzUxNjk1ZTA4ZWZkMzk3Mg==,2026-03-06T16:38:22.400278+00:00,,"{""work_type"": ""Full Time"", ""openings"": ""10"", ""apply_by"": ""07-Jul-2026""}"
ARTIFICIAL INTELLIGENCE,App Genesis soft solutions pvt ltd,"Pan India,",6 Months,Unpaid,"['Python', 'Machine Learning']",07-Jan-2026,Immediately,Internship,AICTE,https://internship.aicte-india.org/internship-details.php?uid=SU5URVJOU0hJUF8xNzY3NzY4MjQyNjk1ZTAwYjI3NjJhMQ==,2026-03-06T16:38:22.489420+00:00,,"{""work_type"": ""Virtual Internship"", ""openings"": ""10"", ""apply_by"": ""07-Jul-2026""}"
CYBER SECURITY,Asar IT technologies private limited,"Bengaluru Rural,",4 Months,Unpaid,['Cybersecurity'],07-Jan-2026,Immediately,Internship,AICTE,https://internship.aicte-india.org/internship-details.php?uid=SU5URVJOU0hJUF8xNzY3NzY0MDc5Njk1ZGYwNmY5ZTMyYg==,2026-03-06T16:38:22.572125+00:00,,"{""work_type"": ""Full Time"", ""openings"": ""10"", ""apply_by"": ""07-Jul-2026""}"
DATA MINING,kalturaj pvt ltd,"Delhi,",40 Weeks,1000 /month,[],06-Jan-2026,Immediately,Internship,AICTE,https://internship.aicte-india.org/internship-details.php?uid=SU5URVJOU0hJUF8xNzY3NjkwNjExNjk1Y2QxNzM5MmQwMQ==,2026-03-06T16:38:23.779735+00:00,,"{""work_type"": ""Full Time"", ""openings"": ""10"", ""apply_by"": ""31-Dec-2026""}"
AI PROJECT INTERN,Xyzon Innovations Private Limited,"Pan India,",3 Months,Unpaid,"['Python', 'Machine Learning']",06-Jan-2026,Immediately,Internship,AICTE,https://internship.aicte-india.org/internship-details.php?uid=SU5URVJOU0hJUF8xNzY3NjgzNTUxNjk1Y2I1ZGZjNmJiYg==,2026-03-06T16:38:23.870087+00:00,,"{""work_type"": ""Part Time"", ""openings"": ""10"", ""apply_by"": ""10-Mar-2026""}"
DATA SCIENCE INTERNSHIP,codegeeky,"Pan India,",2 Months,Unpaid,"['Python', 'EDA', 'Machine Learning']",05-Jan-2026,Immediately,Internship,AICTE,https://internship.aicte-india.org/internship-details.php?uid=SU5URVJOU0hJUF8xNzY3NjEyOTQ3Njk1YmEyMTM0MmQxNg==,2026-03-06T16:38:23.970670+00:00,,"{""work_type"": ""Full Time"", ""openings"": ""2"", ""apply_by"": ""31-Mar-2026""}"
WEB DEVELOPMENT,CodeMore,"Pan India,",2 Months,Unpaid,"['HTML', 'CSS', 'JavaScript']",05-Jan-2026,Immediately,Internship,AICTE,https://internship.aicte-india.org/internship-details.php?uid=SU5URVJOU0hJUF8xNzY3NjEyOTAwNjk1YmExZTQ5ZWUzYw==,2026-03-06T16:38:24.069174+00:00,,"{""work_type"": ""Full Time"", ""openings"": ""2"", ""apply_by"": ""31-Mar-2026""}"
SQL AND WEB DESINING INTERNSHIP,CodeMore,"Pan India,",2 Months,Unpaid,['SQL'],05-Jan-2026,Immediately,Internship,AICTE,https://internship.aicte-india.org/internship-details.php?uid=SU5URVJOU0hJUF8xNzY3NjA3ODc1Njk1YjhlNDMyNWJmMw==,2026-03-06T16:38:24.168683+00:00,,"{""work_type"": ""Full Time"", ""openings"": ""3"", ""apply_by"": ""31-Mar-2026""}"
PYTHON - AI - ML - DATA SCIENCE - JAVA - WEBSITE DEVELOPMENT INTERNSHIP,codegeeky,"Pan India,",6 Weeks,Unpaid,"['Python', 'Machine Learning', 'EDA', 'Java']",05-Jan-2026,Immediately,Internship,AICTE,https://internship.aicte-india.org/internship-details.php?uid=SU5URVJOU0hJUF8xNzY3NjA3NjE4Njk1YjhkNDJjMjdlMQ==,2026-03-06T16:38:24.303546+00:00,,"{""work_type"": ""Full Time"", ""openings"": ""2"", ""apply_by"": ""31-Mar-2026""}"
GENERATIVE AI INTERN,Xyzon Innovations Private Limited,"Pan India,",3 Months,Unpaid,"['Python', 'Machine Learning', 'Generative AI']",05-Jan-2026,Immediately,Internship,AICTE,https://internship.aicte-india.org/internship-details.php?uid=SU5URVJOU0hJUF8xNzY3NTk2Nzc4Njk1YjYyZWFlZTk4ZA==,2026-03-06T16:38:24.416353+00:00,,"{""work_type"": ""Full Time"", ""openings"": ""10"", ""apply_by"": ""10-Mar-2026""}"
FULLSTACK DEVELOPER INTERN,Xyzon Innovations Private Limited,"Pan India,",3 Months,Unpaid,[],05-Jan-2026,Immediately,Internship,AICTE,https://internship.aicte-india.org/internship-details.php?uid=SU5URVJOU0hJUF8xNzY3NTk2MDI5Njk1YjVmZmQxNzY2Yg==,2026-03-06T16:38:24.515489+00:00,,"{""work_type"": ""Full Time"", ""openings"": ""10"", ""apply_by"": ""10-Mar-2026""}"
GENERATIVE AI INTERN,Xyzon Innovations Private Limited,"Pan India,",3 Months,Unpaid,"['Python', 'Machine Learning', 'Generative AI']",05-Jan-2026,Immediately,Internship,AICTE,https://internship.aicte-india.org/internship-details.php?uid=SU5URVJOU0hJUF8xNzY3NTkxNDQxNjk1YjRlMTEwZTM3ZA==,2026-03-06T16:38:24.621340+00:00,,"{""work_type"": ""Virtual Internship"", ""openings"": ""10"", ""apply_by"": ""10-Mar-2026""}"
ARTIFICIAL INTELLIGENCE & MACHINE LEARNING (AI/ML)/CLOUD COMPUTING & DEVOPS/PYTHON PROGRAMMING/DATA ANALYSIS/DATA SCIENCE,CodeMore,"Pan India,",2 Months,Unpaid,"['Python', 'Machine Learning', 'EDA', 'Cloud Computing']",05-Jan-2026,Immediately,Internship,AICTE,https://internship.aicte-india.org/internship-details.php?uid=SU5URVJOU0hJUF8xNzY3NTkyMzMwNjk1YjUxOGE0NjUyMA==,2026-03-06T16:38:24.718376+00:00,,"{""work_type"": ""Full Time"", ""openings"": ""2"", ""apply_by"": ""31-Mar-2026""}"
FULLSTACK DEVELOPER INTERN,Xyzon Innovations Private Limited,"Pan India,",3 Months,Unpaid,[],05-Jan-2026,Immediately,Internship,AICTE,https://internship.aicte-india.org/internship-details.php?uid=SU5URVJOU0hJUF8xNzY3NTkwMjUyNjk1YjQ5NmMyYjc3Yw==,2026-03-06T16:38:25.917415+00:00,,"{""work_type"": ""Virtual Internship"", ""openings"": ""10"", ""apply_by"": ""10-Mar-2026""}"
PYTHON - AI - ML - DATA SCIENCE - JAVA - WEBSITE DEVELOPMENT INTERNSHIP,codegeeky,"Pan India,",6 Weeks,Unpaid,"['Python', 'Machine Learning', 'EDA', 'Java']",05-Jan-2026,Immediately,Internship,AICTE,https://internship.aicte-india.org/internship-details.php?uid=SU5URVJOU0hJUF8xNzY3NTgzOTk5Njk1YjMwZmZjOWIxZA==,2026-03-06T16:38:26.015924+00:00,,"{""work_type"": ""Full Time"", ""openings"": ""4"", ""apply_by"": ""31-Mar-2026""}"
BUSINESS DEVELOPMENT ASSOCIATE (L1) - INSIDE SALES,EDZEETA PRIVATE LIMITED,"Hyderabad,",4 Months,15000 /month,"['Sales', 'Communication']",04-Jan-2026,Immediately,Internship,AICTE,https://internship.aicte-india.org/internship-details.php?uid=SU5URVJOU0hJUF8xNzY3NTQ5Njg3Njk1YWFhZjdkNDY1Yw==,2026-03-06T16:38:26.114781+00:00,,"{""work_type"": ""Full Time"", ""openings"": ""40"", ""apply_by"": ""31-Dec-2026""}"
MASTER ARTIFICIAL INTELLIGENCE,eduexpose,"Pan India,",08 Weeks,5000 /month,"['Python', 'Machine Learning']",04-Jan-2026,Immediately,Internship,AICTE,https://internship.aicte-india.org/internship-details.php?uid=SU5URVJOU0hJUF8xNzY3NTM3MDE3Njk1YTc5Nzk2ZDg5OA==,2026-03-06T16:38:26.209148+00:00,,"{""work_type"": ""Virtual Internship"", ""openings"": ""200"", ""apply_by"": ""31-Dec-2026""}"
TRAINING AND INTERNSHIP FROM NYERAS EDUTECH & INNOVATIONS PVT LTD,THE NYERA GROUPS,"Bengaluru Urban,",2 Months,Unpaid,[],04-Jan-2026,Immediately,Internship,AICTE,https://internship.aicte-india.org/internship-details.php?uid=SU5URVJOU0hJUF8xNzY3NTM2MzAzNjk1YTc2YWZhOWYxZg==,2026-03-06T16:38:26.306157+00:00,,"{""work_type"": ""Full Time"", ""openings"": ""10"", ""apply_by"": ""01-Dec-2026""}"
MASTERING WEB DEVELOPMENT,eduexpose,"Pan India,",08 Weeks,5000 /month,"['HTML', 'CSS', 'JavaScript']",04-Jan-2026,Immediately,Internship,AICTE,https://internship.aicte-india.org/internship-details.php?uid=SU5URVJOU0hJUF8xNzY3NTM1MzcxNjk1YTczMGJiZjVmZA==,2026-03-06T16:38:26.404757+00:00,,"{""work_type"": ""Virtual Internship"", ""openings"": ""200"", ""apply_by"": ""31-Dec-2026""}"
MASTERING VLSI,eduexpose,"Pan India,",8 Weeks,5000 /month,['VLSI'],04-Jan-2026,Immediately,Internship,AICTE,https://internship.aicte-india.org/internship-details.php?uid=SU5URVJOU0hJUF8xNzY3NTMzMDQ1Njk1YTY5ZjViMzM0Yw==,2026-03-06T16:38:26.502237+00:00,,"{""work_type"": ""Virtual Internship"", ""openings"": ""200"", ""apply_by"": ""31-Dec-2026""}"
CLOUD COMPUTING & DEVOPS INTERNSHIP,codegeeky,"Pan India,",2 Months,Unpaid,"['Cloud Computing', 'Docker', 'CI/CD']",04-Jan-2026,Immediately,Internship,AICTE,https://internship.aicte-india.org/internship-details.php?uid=SU5URVJOU0hJUF8xNzY3NTMyMTgzNjk1YTY2OTdjMWEyNw==,2026-03-06T16:38:26.601975+00:00,,"{""work_type"": ""Full Time"", ""openings"": ""1"", ""apply_by"": ""31-Mar-2026""}"
MASTERING STARTUP AND ENTERPRENUERSHIP,eduexpose,"Pan India,",8 Weeks,5000 /month,[],04-Jan-2026,Immediately,Internship,AICTE,https://internship.aicte-india.org/internship-details.php?uid=SU5URVJOU0hJUF8xNzY3NTI4NDIzNjk1YTU3ZTc2OTYwOA==,2026-03-06T16:38:26.692786+00:00,,"{""work_type"": ""Virtual Internship"", ""openings"": ""200"", ""apply_by"": ""31-Dec-2026""}"
DATA SCIENCE INTERNSHIP,codegeeky,"Pan India,",2 Months,Unpaid,"['Python', 'EDA', 'Machine Learning']",04-Jan-2026,Immediately,Internship,AICTE,https://internship.aicte-india.org/internship-details.php?uid=SU5URVJOU0hJUF8xNzY3NTEyNjAxNjk1YTFhMTk3MTljYw==,2026-03-06T16:38:26.790280+00:00,,"{""work_type"": ""Full Time"", ""openings"": ""2"", ""apply_by"": ""31-Mar-2026""}"
CYBER SECURITY INTERNSHIP,CodeMore,"Pan India,",2 Months,Unpaid,['Cybersecurity'],04-Jan-2026,Immediately,Internship,AICTE,https://internship.aicte-india.org/internship-details.php?uid=SU5URVJOU0hJUF8xNzY3NTExNTYyNjk1YTE2MGFiNzBiNw==,2026-03-06T16:38:27.988908+00:00,,"{""work_type"": ""Full Time"", ""openings"": ""1"", ""apply_by"": ""31-Mar-2026""}"
UI/UX DESIGN INTERNSHIP,CodeMore,"Pan India,",6 Weeks,Unpaid,['UI/UX Design'],04-Jan-2026,Immediately,Internship,AICTE,https://internship.aicte-india.org/internship-details.php?uid=SU5URVJOU0hJUF8xNzY3NTA2NjAxNjk1YTAyYTk3MzkwYg==,2026-03-06T16:38:28.089036+00:00,,"{""work_type"": ""Full Time"", ""openings"": ""3"", ""apply_by"": ""31-Mar-2026""}"
C++ PROGRAMMING INTERNSHIP,codegeeky,"Pan India,",2 Months,Unpaid,['C++'],04-Jan-2026,Immediately,Internship,AICTE,https://internship.aicte-india.org/internship-details.php?uid=SU5URVJOU0hJUF8xNzY3NDk5NzMyNjk1OWU3ZDQ3NTk5Yw==,2026-03-06T16:38:28.200148+00:00,,"{""work_type"": ""Full Time"", ""openings"": ""3"", ""apply_by"": ""31-Mar-2026""}"
JAVA PROGRAMMING INTERNSHIP,CodeMore,"Pan India,",2 Months,Unpaid,['Java'],04-Jan-2026,Immediately,Internship,AICTE,https://internship.aicte-india.org/internship-details.php?uid=SU5URVJOU0hJUF8xNzY3NDk5OTU4Njk1OWU4YjYxZTMyOA==,2026-03-06T16:38:28.299487+00:00,,"{""work_type"": ""Full Time"", ""openings"": ""3"", ""apply_by"": ""31-Mar-2026""}"
INTERNSHIP ON MACHINE LEARNING,Assistive Infotech Private Limited,"Anantapur,Bangalore,Chennai,Cuddapah,East Godavari,Guntur,Hyderabad,Kakinada,Krishna,Kurnool,Prakasam,Sri Potti Sriramulu Nellore,Tirupati,West Godavari,",3 Months,Unpaid,"['Python', 'Machine Learning']",02-Jan-2026,Immediately,Internship,AICTE,https://internship.aicte-india.org/internship-details.php?uid=SU5URVJOU0hJUF8xNzY3Mzc2MjkxNjk1ODA1YTNlNThkMQ==,2026-03-06T16:38:28.403871+00:00,,"{""work_type"": ""Full Time"", ""openings"": ""10"", ""apply_by"": ""31-Mar-2026""}"
INTERNSHIP ON DATA SCIENCE,Assistive Infotech Private Limited,"Anantapur,Bangalore,Chennai,Cuddapah,East Godavari,Guntur,Hyderabad,Krishna,Kurnool,Prakasam,Sri Potti Sriramulu Nellore,Tirupati,West Godavari,",3 Months,Unpaid,"['Python', 'EDA', 'Machine Learning']",02-Jan-2026,Immediately,Internship,AICTE,https://internship.aicte-india.org/internship-details.php?uid=SU5URVJOU0hJUF8xNzY3MzcxOTgxNjk1N2Y0Y2Q2YWYwYg==,2026-03-06T16:38:28.493022+00:00,,"{""work_type"": ""Full Time"", ""openings"": ""10"", ""apply_by"": ""31-Mar-2026""}"
DEEP LEARNING INTERN,Assistive Infotech Private Limited,"Anantapur,Bangalore,Chennai,Cuddapah,East Godavari,Guntur,Hyderabad,Krishna,Kurnool,Prakasam,Sri Potti Sriramulu Nellore,Tirupati,West Godavari,",3 Months,Unpaid,"['Python', 'Deep Learning']",02-Jan-2026,Immediately,Internship,AICTE,https://internship.aicte-india.org/internship-details.php?uid=SU5URVJOU0hJUF8xNzY3MzY5OTM1Njk1N2VjY2ZhYzBhYQ==,2026-03-06T16:38:28.594350+00:00,,"{""work_type"": ""Full Time"", ""openings"": ""10"", ""apply_by"": ""31-Mar-2026""}"
INTERNS FOR OUHM (B.TECH CIVIL ENGINEERING),Housing and Urban development Department Odisha,"Bhubaneswar ,",6 Months,7500 /month,[],02-Jan-2026,Immediately,Internship,AICTE,https://internship.aicte-india.org/internship-details.php?uid=SU5URVJOU0hJUEdPVl8xNzY3MzM5NzgyNjk1Nzc3MDY3N2RjOA==&level=Mg==,2026-03-06T16:38:28.697440+00:00,,"{""work_type"": ""Full Time"", ""openings"": ""65"", ""apply_by"": ""20-Mar-2026""}"
6 MONTHS INTERNSHIP IN DATA ANALYTICS,SURE Trust,"Pan India,",6 Months,Unpaid,"['SQL', 'Excel', 'Data Visualization']",01-Jan-2026,Immediately,Internship,AICTE,https://internship.aicte-india.org/internship-details.php?uid=SU5URVJOU0hJUF8xNzY3Mjg3MTgwNjk1NmE5OGMzNzhiZQ==,2026-03-06T16:38:28.804247+00:00,,"{""work_type"": ""Virtual Internship"", ""openings"": ""10"", ""apply_by"": ""01-Aug-2026""}"
HR INTERN,KEYLYNK BUSINESS CONSULTING PRIVATE LIMITED,"Bengaluru Urban,",3 Months,Unpaid,"['Recruitment', 'HR Operations']",31-Dec-2025,Immediately,Internship,AICTE,https://internship.aicte-india.org/internship-details.php?uid=SU5URVJOU0hJUF8xNzY3MTY0MjU3Njk1NGM5NjE5NWU1ZQ==,2026-03-06T16:38:28.907665+00:00,,"{""work_type"": ""Full Time"", ""openings"": ""6"", ""apply_by"": ""03-Jun-2026""}"
REAL-TIME MONITORING OF CENTRIFUGAL CASTING WITH SMART IOT,ZENCAST PRIVATE LIMITED,"Pan India,",6 Weeks,14000 /month,"['IoT', 'Embedded Systems']",29-Dec-2025,Immediately,Internship,AICTE,https://internship.aicte-india.org/internship-details.php?uid=SU5URVJOU0hJUF8xNzY3MDAwNzUwNjk1MjRhYWVmMzJkOA==,2026-03-06T16:38:30.134511+00:00,,"{""work_type"": ""Virtual Internship"", ""openings"": ""14"", ""apply_by"": ""15-Aug-2026""}"
BUILDING FULL STACK INTEGRATED WEB APPLICATION FOR SMART MANUFACTURING,ZENCAST PRIVATE LIMITED,"Pan India,",8 Weeks,10000 /month,"['JavaScript', 'React', 'APIs']",27-Dec-2025,Immediately,Internship,AICTE,https://internship.aicte-india.org/internship-details.php?uid=SU5URVJOU0hJUF8xNzY2ODAyODk0Njk0ZjQ1Y2U4M2M4Mg==,2026-03-06T16:38:30.232725+00:00,,"{""work_type"": ""Virtual Internship"", ""openings"": ""17"", ""apply_by"": ""23-Oct-2026""}"
PYTHON DEVELOPER INTERNSHIP,App Genesis soft solutions pvt ltd,"Pan India,",4 Months,Unpaid,['Python'],26-Dec-2025,Immediately,Internship,AICTE,https://internship.aicte-india.org/internship-details.php?uid=SU5URVJOU0hJUF8xNzY2NzQ2NjIyNjk0ZTY5ZmUyYWYyNA==,2026-03-06T16:38:30.329590+00:00,,"{""work_type"": ""Full Time"", ""openings"": ""10"", ""apply_by"": ""30-Aug-2026""}"
ARTIFICIAL INTELLIGENCE,XTRAGRAD TECHNOLOGIE PRIVATE LIMITED,"Pan India,",9 Weeks,Unpaid,"['Python', 'Machine Learning']",24-Dec-2025,Immediately,Internship,AICTE,https://internship.aicte-india.org/internship-details.php?uid=SU5URVJOU0hJUF8xNzY2NTY4MzcxNjk0YmIxYjNhZDhlMw==,2026-03-06T16:38:30.423142+00:00,,"{""work_type"": ""Full Time"", ""openings"": ""10"", ""apply_by"": ""24-Dec-2026""}"
INTERNS FOR WATCO BTECH CIVIL,Housing and Urban development Department Odisha,"Bhubaneswar ,",6 Months,7500 /month,[],23-Dec-2025,Immediately,Internship,AICTE,https://internship.aicte-india.org/internship-details.php?uid=SU5URVJOU0hJUEdPVl8xNzY2NDg5OTc5Njk0YTdmN2I5NGE0ZA==&level=Mg==,2026-03-06T16:38:30.501262+00:00,,"{""work_type"": ""Full Time"", ""openings"": ""69"", ""apply_by"": ""20-Mar-2026""}"
JAVA FULL STACK,Deeksha Educational Society,"Pan India,",12 Weeks,Unpaid,"['Java', 'JavaScript', 'React', 'APIs']",22-Dec-2025,Immediately,Internship,AICTE,https://internship.aicte-india.org/internship-details.php?uid=SU5URVJOU0hJUF8xNzY2Mzc5NzI5Njk0OGQwZDE0NjQ2Zg==,2026-03-06T16:38:30.575961+00:00,,"{""work_type"": ""Virtual Internship"", ""openings"": ""10"", ""apply_by"": ""01-Nov-2026""}"
DATA SCIENCE INTERNSHIP - VIRTUAL,POSTULATE INFO TECH PRIVATE LIMITED,"Pan India,",3 Months,Unpaid,"['Python', 'EDA', 'Machine Learning']",22-Dec-2025,Immediately,Internship,AICTE,https://internship.aicte-india.org/internship-details.php?uid=SU5URVJOU0hJUF8xNzY2Mzc5NDAwNjk0OGNmODhhYjQ2MA==,2026-03-06T16:38:30.657882+00:00,,"{""work_type"": ""Virtual Internship"", ""openings"": ""10"", ""apply_by"": ""22-Dec-2026""}"
FULL STACK DEVELOPER - VIRTUAL,POSTULATE INFO TECH PRIVATE LIMITED,"Pan India,",3 Months,Unpaid,"['JavaScript', 'React', 'APIs']",22-Dec-2025,Immediately,Internship,AICTE,https://internship.aicte-india.org/internship-details.php?uid=SU5URVJOU0hJUF8xNzY2Mzc3MzU0Njk0OGM3OGE0MmVlMg==,2026-03-06T16:38:30.755102+00:00,,"{""work_type"": ""Virtual Internship"", ""openings"": ""10"", ""apply_by"": ""22-Dec-2026""}"
DATA SCIENCE INTERNSHIP FULL TIME,POSTULATE INFO TECH PRIVATE LIMITED,"Chennai,Coimbatore,THIRUNELVELI,TUTICORIN,",3 Months,Unpaid,"['Python', 'EDA', 'Machine Learning']",20-Dec-2025,Immediately,Internship,AICTE,https://internship.aicte-india.org/internship-details.php?uid=SU5URVJOU0hJUF8xNzY2MjE3NDEyNjk0NjU2YzQxMGFkYg==,2026-03-06T16:38:30.852860+00:00,,"{""work_type"": ""Full Time"", ""openings"": ""10"", ""apply_by"": ""20-Dec-2026""}"
FULL STACK DEVELOPER FULL TIME,POSTULATE INFO TECH PRIVATE LIMITED,"Chennai,Coimbatore,THIRUNELVELI,TUTICORIN,",3 Months,Unpaid,"['JavaScript', 'React', 'APIs']",20-Dec-2025,Immediately,Internship,AICTE,https://internship.aicte-india.org/internship-details.php?uid=SU5URVJOU0hJUF8xNzY2MjE2MzM1Njk0NjUyOGY3M2IxNQ==,2026-03-06T16:38:30.951562+00:00,,"{""work_type"": ""Full Time"", ""openings"": ""10"", ""apply_by"": ""20-Dec-2026""}"
AI ENGINEER INTERNSHIP (4 MONTHS) : BUILDING & EXECUTING INDUSTRY-ORIENTED AI PROJECTS,METATAARAKA™ AI INNOVATIONS PRIVATE LIMITED,"Pan India,",4 Months,Unpaid,"['Python', 'Machine Learning']",20-Dec-2025,Immediately,Internship,AICTE,https://internship.aicte-india.org/internship-details.php?uid=SU5URVJOU0hJUF8xNzY2MTc0MjQxNjk0NWFlMjFkNDg5YQ==,2026-03-06T16:38:32.132371+00:00,,"{""work_type"": ""Virtual Internship"", ""openings"": ""10"", ""apply_by"": ""19-Dec-2026""}"
INTERNSHIP ON RENEWABLE ENERGY,Mallikarjuna Infosys,"Kurnool,",4 Months,Unpaid,[],20-Dec-2025,Immediately,Internship,AICTE,https://internship.aicte-india.org/internship-details.php?uid=SU5URVJOU0hJUF8xNzY2MTcwOTAxNjk0NWExMTU0OGRjMg==,2026-03-06T16:38:32.231024+00:00,,"{""work_type"": ""Full Time"", ""openings"": ""10"", ""apply_by"": ""30-Nov-2026""}"
WEB DEVELOPER (INTERN),INVIGO INFOTECH,"Purnia,",2 Months,Unpaid,[],19-Dec-2025,Immediately,Internship,AICTE,https://internship.aicte-india.org/internship-details.php?uid=SU5URVJOU0hJUF8xNzY2MTM0Njc1Njk0NTEzOTMwZjVmNA==,2026-03-06T16:38:32.331578+00:00,,"{""work_type"": ""Full Time"", ""openings"": ""5"", ""apply_by"": ""31-Mar-2026""}"
INTERNSHIP - ENGINEERING,MAGADH ENGINEERING AND TECHNOLOGY,"Bihar,",6 Weeks,10000 /month,[],19-Dec-2025,Immediately,Internship,AICTE,https://internship.aicte-india.org/internship-details.php?uid=SU5URVJOU0hJUF8xNzY2MTE4OTE2Njk0NGQ2MDRjN2RiMw==,2026-03-06T16:38:32.430411+00:00,,"{""work_type"": ""Part Time"", ""openings"": ""501"", ""apply_by"": ""31-Mar-2026""}"
WEB DEVELOPMENT INTERNSHIP,EZYINTERN SDP TECHNOLOGY PRIVATE LIMITED,"Pan India,",8 Weeks,Unpaid,"['HTML', 'CSS', 'JavaScript']",18-Dec-2025,Immediately,Internship,AICTE,https://internship.aicte-india.org/internship-details.php?uid=SU5URVJOU0hJUF8xNzY2MDc1MTY3Njk0NDJiMWY0NDcxNg==,2026-03-06T16:38:32.530646+00:00,,"{""work_type"": ""Virtual Internship"", ""openings"": ""10"", ""apply_by"": ""31-Mar-2026""}"
WEB DEVELOPMENT,EZYINTERN SDP TECHNOLOGY PRIVATE LIMITED,"Pan India,",8 Weeks,Unpaid,"['HTML', 'CSS', 'JavaScript']",18-Dec-2025,Immediately,Internship,AICTE,https://internship.aicte-india.org/internship-details.php?uid=SU5URVJOU0hJUF8xNzY2MDc0NTgxNjk0NDI4ZDVlNDg4MA==,2026-03-06T16:38:32.632938+00:00,,"{""work_type"": ""Virtual Internship"", ""openings"": ""10"", ""apply_by"": ""30-Mar-2026""}"
INTERNSHIP - ENGINEERING,MAGADH ENGINEERING AND TECHNOLOGY,"Bihar,",6 Weeks,10000 /month,[],18-Dec-2025,Immediately,Internship,AICTE,https://internship.aicte-india.org/internship-details.php?uid=SU5URVJOU0hJUF8xNzY2MDM4Mzk5Njk0MzliN2YwODE2NQ==,2026-03-06T16:38:32.748451+00:00,,"{""work_type"": ""Part Time"", ""openings"": ""500"", ""apply_by"": ""30-Apr-2026""}"
INTERNSHIP - ENGINEERING,MAGADH ENGINEERING AND TECHNOLOGY,"Bihar,",6 Weeks,Unpaid,[],18-Dec-2025,Immediately,Internship,AICTE,https://internship.aicte-india.org/internship-details.php?uid=SU5URVJOU0hJUF8xNzY2MDM3ODUyNjk0Mzk5NWM3Yzg0OQ==,2026-03-06T16:38:32.853324+00:00,,"{""work_type"": ""Part Time"", ""openings"": ""10"", ""apply_by"": ""30-Apr-2026""}"
INTERNSHIP - ENGINEERING,MAGADH ENGINEERING AND TECHNOLOGY,"Bihar,",6 Weeks,Unpaid,[],17-Dec-2025,Immediately,Internship,AICTE,https://internship.aicte-india.org/internship-details.php?uid=SU5URVJOU0hJUF8xNzY1OTY3NDc5Njk0Mjg2NzdlYjM0Mw==,2026-03-06T16:38:32.974576+00:00,,"{""work_type"": ""Part Time"", ""openings"": ""10"", ""apply_by"": ""31-Jul-2026""}"
SAP FICO,App Genesis soft solutions pvt ltd,"Pan India,",4 Months,Unpaid,[],17-Dec-2025,Immediately,Internship,AICTE,https://internship.aicte-india.org/internship-details.php?uid=SU5URVJOU0hJUF8xNzY1OTQ5NjExNjk0MjQwYWIzZmM3Mg==,2026-03-06T16:38:33.080289+00:00,,"{""work_type"": ""Full Time"", ""openings"": ""10"", ""apply_by"": ""31-May-2026""}"
GRAPHIC DESIGNER/ VIDEO EDITOR,Technitude Info Solutions Private Limited,"Anantapur,",4 Months,Unpaid,"['Graphic Design', 'Video Editing']",13-Dec-2025,Immediately,Internship,AICTE,https://internship.aicte-india.org/internship-details.php?uid=SU5URVJOU0hJUF8xNzY1NjMwNDM4NjkzZDYxZTYwOTZiNQ==,2026-03-06T16:38:34.281289+00:00,,"{""work_type"": ""Full Time"", ""openings"": ""10"", ""apply_by"": ""31-Mar-2026""}"
WEB DEVELOPER (INTERN),Technitude Info Solutions Private Limited,"Anantapur,",4 Months,Unpaid,[],13-Dec-2025,Immediately,Internship,AICTE,https://internship.aicte-india.org/internship-details.php?uid=SU5URVJOU0hJUF8xNzY1NjI3MDYxNjkzZDU0YjViNTAwYg==,2026-03-06T16:38:34.383157+00:00,,"{""work_type"": ""Full Time"", ""openings"": ""10"", ""apply_by"": ""31-Mar-2026""}"
AI & MACHINE LEARNING ENGINEER INTERN – 1 YEAR FULLY ONLINE REMOTE INTERNSHIP WITH EMPLOYMENT OPPORTUNITY (BASED ON SUCCESSFUL COMPLETION) POWERED BY METATAARAKA AI INNOVATIONS.,METATAARAKA™ AI INNOVATIONS PRIVATE LIMITED,"Pan India,",12 Months,5000 /month,"['Python', 'Machine Learning']",08-Dec-2025,Immediately,Internship,AICTE,https://internship.aicte-india.org/internship-details.php?uid=SU5URVJOU0hJUF8xNzY1MTg5MTQyNjkzNmE2MTYzMzJkZA==,2026-03-06T16:38:34.460805+00:00,,"{""work_type"": ""Virtual Internship"", ""openings"": ""25"", ""apply_by"": ""08-Dec-2026""}"
AI & MACHINE LEARNING ENGINEER INTERN,METATAARAKA™ AI INNOVATIONS PRIVATE LIMITED,"Pan India,",12 Months,5000 /month,"['Python', 'Machine Learning']",08-Dec-2025,Immediately,Internship,AICTE,https://internship.aicte-india.org/internship-details.php?uid=SU5URVJOU0hJUF8xNzY1MTg2MzE4NjkzNjliMGVjMTBlYw==,2026-03-06T16:38:34.567188+00:00,,"{""work_type"": ""Virtual Internship"", ""openings"": ""3"", ""apply_by"": ""07-Dec-2026""}"
6 MONTHS LIVE INTERNSHIP - PYTHON PROGRAMMING - MACHINE LEARNING - DATA SCIENCE - ARTIFICIAL INTELLIGENCE - GENAI - DATA ANALYTICS - BUSINESS ANALYTICS - ALL DOMAINS PROJECT BASED INTERNSHIP WITH CERTIFICATE,Ybi Foundation (www.ybifoundation.org),"Pan India,",6 Months,Unpaid,"['Python', 'Machine Learning', 'EDA', 'SQL']",06-Dec-2025,Immediately,Internship,AICTE,https://internship.aicte-india.org/internship-details.php?uid=SU5URVJOU0hJUF8xNzY1MDI3OTI5NjkzNDMwNTkxNjIwNA==,2026-03-06T16:38:34.665801+00:00,,"{""work_type"": ""Virtual Internship"", ""openings"": ""10"", ""apply_by"": ""31-Mar-2026""}"
4 MONTHS LIVE INTERNSHIP - PYTHON PROGRAMMING - MACHINE LEARNING - DATA SCIENCE - ARTIFICIAL INTELLIGENCE - GENAI - DATA ANALYTICS - BUSINESS ANALYTICS - ALL DOMAINS PROJECT BASED INTERNSHIP WITH CERTIFICATE,Ybi Foundation (www.ybifoundation.org),"Pan India,",4 Months,Unpaid,"['Python', 'Machine Learning', 'EDA', 'SQL']",06-Dec-2025,Immediately,Internship,AICTE,https://internship.aicte-india.org/internship-details.php?uid=SU5URVJOU0hJUF8xNzY1MDI2NTE4NjkzNDJhZDY2ZjA4Nw==,2026-03-06T16:38:34.765354+00:00,,"{""work_type"": ""Full Time"", ""openings"": ""10"", ""apply_by"": ""31-Mar-2026""}"
6 MONTHS LIVE INTERNSHIP - PYTHON PROGRAMMING - MACHINE LEARNING - DATA SCIENCE - ARTIFICIAL INTELLIGENCE - GENAI - DATA ANALYTICS - BUSINESS ANALYTICS - ALL DOMAINS PROJECT BASED INTERNSHIP WITH CERTIFICATE,YBI FOUNDATION,"Pan India,",6 Months,Unpaid,"['Python', 'Machine Learning', 'EDA', 'SQL']",06-Dec-2025,Immediately,Internship,AICTE,https://internship.aicte-india.org/internship-details.php?uid=SU5URVJOU0hJUF8xNzY1MDI2Mzg5NjkzNDJhNTU3YTUwOA==,2026-03-06T16:38:34.862715+00:00,,"{""work_type"": ""Virtual Internship"", ""openings"": ""10"", ""apply_by"": ""31-Mar-2026""}"
3 MONTHS LIVE INTERNSHIP - PYTHON PROGRAMMING - MACHINE LEARNING - DATA SCIENCE - ARTIFICIAL INTELLIGENCE - GENAI - DATA ANALYTICS - BUSINESS ANALYTICS - ALL DOMAINS PROJECT BASED INTERNSHIP WITH CERTIFICATE,Ybi Foundation (www.ybifoundation.org),"Pan India,",3 Months,Unpaid,"['Python', 'Machine Learning', 'EDA', 'SQL']",06-Dec-2025,Immediately,Internship,AICTE,https://internship.aicte-india.org/internship-details.php?uid=SU5URVJOU0hJUF8xNzY1MDI0Mzc2NjkzNDIyNzhiOWNlMg==,2026-03-06T16:38:34.962036+00:00,,"{""work_type"": ""Virtual Internship"", ""openings"": ""10"", ""apply_by"": ""31-Mar-2026""}"
4 MONTHS LIVE INTERNSHIP - PYTHON PROGRAMMING - MACHINE LEARNING - DATA SCIENCE - ARTIFICIAL INTELLIGENCE - GENAI - DATA ANALYTICS - BUSINESS ANALYTICS - ALL DOMAINS PROJECT BASED INTERNSHIP WITH CERTIFICATE,YBI FOUNDATION,"Pan India,",4 Months,Unpaid,"['Python', 'Machine Learning', 'EDA', 'SQL']",06-Dec-2025,Immediately,Internship,AICTE,https://internship.aicte-india.org/internship-details.php?uid=SU5URVJOU0hJUF8xNzY1MDI0MDY3NjkzNDIxNDM0NDA2Mw==,2026-03-06T16:38:35.058084+00:00,,"{""work_type"": ""Virtual Internship"", ""openings"": ""10"", ""apply_by"": ""31-Mar-2026""}"
2 MONTHS LIVE INTERNSHIP - PYTHON PROGRAMMING - MACHINE LEARNING - DATA SCIENCE - ARTIFICIAL INTELLIGENCE - GENAI - DATA ANALYTICS - BUSINESS ANALYTICS - ALL DOMAINS PROJECT BASED INTERNSHIP WITH CERTIFICATE,Ybi Foundation (www.ybifoundation.org),"Pan India,",2 Months,Unpaid,"['Python', 'Machine Learning', 'EDA', 'SQL']",06-Dec-2025,Immediately,Internship,AICTE,https://internship.aicte-india.org/internship-details.php?uid=SU5URVJOU0hJUF8xNzY1MDIzMDYxNjkzNDFkNTVhYmJlNw==,2026-03-06T16:38:35.165889+00:00,,"{""work_type"": ""Virtual Internship"", ""openings"": ""10"", ""apply_by"": ""31-Mar-2026""}"
3 MONTHS LIVE INTERNSHIP - PYTHON PROGRAMMING - MACHINE LEARNING - DATA SCIENCE - ARTIFICIAL INTELLIGENCE - GENAI - DATA ANALYTICS - BUSINESS ANALYTICS - ALL DOMAINS PROJECT BASED INTERNSHIP WITH CERTIFICATE,YBI FOUNDATION,"Pan India,",3 Months,Unpaid,"['Python', 'Machine Learning', 'EDA', 'SQL']",06-Dec-2025,Immediately,Internship,AICTE,https://internship.aicte-india.org/internship-details.php?uid=SU5URVJOU0hJUF8xNzY1MDIyNDY2NjkzNDFiMDJhYTI5Ng==,2026-03-06T16:38:36.346821+00:00,,"{""work_type"": ""Virtual Internship"", ""openings"": ""10"", ""apply_by"": ""31-Mar-2026""}"
45 DAYS LIVE INTERNSHIP - PYTHON PROGRAMMING - MACHINE LEARNING - DATA SCIENCE - ARTIFICIAL INTELLIGENCE - GENAI - DATA ANALYTICS - BUSINESS ANALYTICS - ALL DOMAINS PROJECT BASED INTERNSHIP WITH CERTIFICATE,Ybi Foundation (www.ybifoundation.org),"Pan India,",6 Weeks,Unpaid,"['Python', 'Machine Learning', 'EDA', 'SQL']",06-Dec-2025,Immediately,Internship,AICTE,https://internship.aicte-india.org/internship-details.php?uid=SU5URVJOU0hJUF8xNzY1MDIxNjkxNjkzNDE3ZmJjZGE0ZA==,2026-03-06T16:38:36.445516+00:00,,"{""work_type"": ""Virtual Internship"", ""openings"": ""10"", ""apply_by"": ""31-Mar-2026""}"
2 MONTHS LIVE INTERNSHIP - DATA SCIENCE - MACHINE LEARNING - PYTHON PROGRAMMING - ARTIFICIAL INTELLIGENCE - GENAI - DATA ANALYTICS - BUSINESS ANALYTICS - ALL DOMAINS PROJECT BASED INTERNSHIP WITH CERTIFICATE,YBI FOUNDATION,"Pan India,",2 Months,Unpaid,"['Python', 'Machine Learning', 'EDA', 'SQL']",06-Dec-2025,Immediately,Internship,AICTE,https://internship.aicte-india.org/internship-details.php?uid=SU5URVJOU0hJUF8xNzY1MDIxMDMzNjkzNDE1NjlkODJhMQ==,2026-03-06T16:38:36.539515+00:00,,"{""work_type"": ""Virtual Internship"", ""openings"": ""10"", ""apply_by"": ""31-Mar-2026""}"
45 DAYS LIVE INTERNSHIP - PYTHON PROGRAMMING - MACHINE LEARNING - DATA SCIENCE - ARTIFICIAL INTELLIGENCE - GENAI - DATA ANALYTICS - BUSINESS ANALYTICS - ALL DOMAINS PROJECT BASED INTERNSHIP WITH CERTIFICATE,YBI FOUNDATION,"Pan India,",6 Weeks,Unpaid,"['Python', 'Machine Learning', 'EDA', 'SQL']",06-Dec-2025,Immediately,Internship,AICTE,https://internship.aicte-india.org/internship-details.php?uid=SU5URVJOU0hJUF8xNzY1MDE5MDAzNjkzNDBkN2JhZGJjYQ==,2026-03-06T16:38:36.650380+00:00,,"{""work_type"": ""Virtual Internship"", ""openings"": ""10"", ""apply_by"": ""31-Mar-2026""}"
BECOME A CHANGEMAKER WITH STRATOS EDGE TRAINING SOLUTIONS VIRTUAL INTERNSHIPS NOW OPEN PAN INDIA! INTERNSHIP_175912016568DA0B25C33C9 POSTED DATE : 2025-09-29 LAST DATE : 2026-04-30,STARTOS ELEVATE,"Pan India,",2 Months,Unpaid,[],06-Dec-2025,Immediately,Internship,AICTE,https://internship.aicte-india.org/internship-details.php?uid=SU5URVJOU0hJUF8xNzY1MDE2OTQzNjkzNDA1NmY0ZjUxZg==,2026-03-06T16:38:36.753241+00:00,,"{""work_type"": ""Full Time"", ""openings"": ""5"", ""apply_by"": ""30-Apr-2026""}"
WEB DEVELOPER (INTERN),Software Services and Solutions,"Bihar,",6 Weeks,Unpaid,[],04-Dec-2025,Immediately,Internship,AICTE,https://internship.aicte-india.org/internship-details.php?uid=SU5URVJOU0hJUF8xNzY0ODI4MjA0NjkzMTI0MmM2MGI4Zg==,2026-03-06T16:38:36.835366+00:00,,"{""work_type"": ""Full Time"", ""openings"": ""4"", ""apply_by"": ""04-Dec-2026""}"
HUMAN RESOURCE MANAGEMENT,BLEND VIDYA EDTECH,"Pan India,",4 Months,5000 /month,['Recruitment'],03-Dec-2025,Immediately,Internship,AICTE,https://internship.aicte-india.org/internship-details.php?uid=SU5URVJOU0hJUF8xNzY0Njk5ODE3NjkyZjJlYTliZGM0Ng==,2026-03-06T16:38:36.925669+00:00,,"{""work_type"": ""Full Time"", ""openings"": ""200"", ""apply_by"": ""29-Apr-2026""}"
PYTHON,BLEND VIDYA EDTECH,"Pan India,",4 Months,5000 /month,['Python'],02-Dec-2025,Immediately,Internship,AICTE,https://internship.aicte-india.org/internship-details.php?uid=SU5URVJOU0hJUF8xNzY0Njk5MjQzNjkyZjJjNmJiM2ZmZg==,2026-03-06T16:38:37.046239+00:00,,"{""work_type"": ""Full Time"", ""openings"": ""220"", ""apply_by"": ""29-Apr-2026""}"
4-MONTH PROJECT BASED INTERNSHIP PROGRAM,SLASH MARK IT SOLUTIONS PVT LTD,"Pan India,",4 Months,Unpaid,[],02-Dec-2025,Immediately,Internship,AICTE,https://internship.aicte-india.org/internship-details.php?uid=SU5URVJOU0hJUF8xNzY0NjY2NzUwNjkyZWFkN2U1MDUwZQ==,2026-03-06T16:38:37.139224+00:00,,"{""work_type"": ""Virtual Internship"", ""openings"": ""10"", ""apply_by"": ""30-Nov-2026""}"
CYBER SECURITY AND ETHICAL HACKING,MINDSEEKERS TECHNOLOGIES PRIVATE LIMITED,"Pan India,",6 Months,10000 /month,"['Cybersecurity', 'Networking']",27-Nov-2025,Immediately,Internship,AICTE,https://internship.aicte-india.org/internship-details.php?uid=SU5URVJOU0hJUF8xNzY0MjU0ODgwNjkyODY0YTA0MmUzNQ==,2026-03-06T16:38:37.309852+00:00,,"{""work_type"": ""Full Time"", ""openings"": ""10"", ""apply_by"": ""27-May-2026""}"
DATA STRUCTURE AND ALGORITHAM WITH C++,MINDSEEKERS TECHNOLOGIES PRIVATE LIMITED,"Pan India,",6 Months,10000 /month,['C++'],27-Nov-2025,Immediately,Internship,AICTE,https://internship.aicte-india.org/internship-details.php?uid=SU5URVJOU0hJUF8xNzY0MjQ3MTYxNjkyODQ2NzljZDk4YQ==,2026-03-06T16:38:38.557236+00:00,,"{""work_type"": ""Full Time"", ""openings"": ""10"", ""apply_by"": ""27-May-2026""}"
AI CONTENT CREATOR INTERN,VISION COMPUTERS,"Pan India,",4 Months,Unpaid,"['Python', 'Machine Learning', 'Content Writing']",27-Nov-2025,Immediately,Internship,AICTE,https://internship.aicte-india.org/internship-details.php?uid=SU5URVJOU0hJUF8xNzY0MjQ1MTg3NjkyODNlYzNkNGYzOQ==,2026-03-06T16:38:38.641157+00:00,,"{""work_type"": ""Virtual Internship"", ""openings"": ""10"", ""apply_by"": ""31-May-2026""}"
GEN AI,VISION COMPUTERS,"Pan India,",4 Months,Unpaid,['Generative AI'],27-Nov-2025,Immediately,Internship,AICTE,https://internship.aicte-india.org/internship-details.php?uid=SU5URVJOU0hJUF8xNzY0MjQwMzE4NjkyODJiYmUyYzljYg==,2026-03-06T16:38:38.719031+00:00,,"{""work_type"": ""Virtual Internship"", ""openings"": ""10"", ""apply_by"": ""31-May-2026""}"
PYTHON FULL STACK,VISION COMPUTERS,"Pan India,",4 Months,Unpaid,"['Python', 'JavaScript', 'React', 'APIs']",27-Nov-2025,Immediately,Internship,AICTE,https://internship.aicte-india.org/internship-details.php?uid=SU5URVJOU0hJUF8xNzY0MjM5NDA3NjkyODI4MmY0ZmEyYQ==,2026-03-06T16:38:38.803213+00:00,,"{""work_type"": ""Virtual Internship"", ""openings"": ""10"", ""apply_by"": ""31-May-2026""}"
PROMPT ENGINEERING,VISION COMPUTERS,"Pan India,",4 Months,Unpaid,['Prompt Engineering'],27-Nov-2025,Immediately,Internship,AICTE,https://internship.aicte-india.org/internship-details.php?uid=SU5URVJOU0hJUF8xNzY0MjM0MzE3NjkyODE0NGRmMGJiZA==,2026-03-06T16:38:38.917151+00:00,,"{""work_type"": ""Virtual Internship"", ""openings"": ""10"", ""apply_by"": ""31-May-2026""}"
FULL STACK JAVA,App Genesis soft solutions pvt ltd,"Pan India,",4 Months,Unpaid,"['Java', 'JavaScript', 'React', 'APIs']",26-Nov-2025,Immediately,Internship,AICTE,https://internship.aicte-india.org/internship-details.php?uid=SU5URVJOU0hJUF8xNzY0MTEzNjQ5NjkyNjNjZjFiZjc5OQ==,2026-03-06T16:38:39.027972+00:00,,"{""work_type"": ""Full Time"", ""openings"": ""10"", ""apply_by"": ""31-May-2026""}"
INTERNSHIP IN WATER RESOURES DEPARTMENT,"MHWRD01Command Area Development Authority, Ahilyanagar","Ahilyanagar,",6 Months,Unpaid,[],25-Nov-2025,Immediately,Internship,AICTE,https://internship.aicte-india.org/internship-details.php?uid=SU5URVJOU0hJUF8xNzY0MDczNTUzNjkyNWEwNTFhYzJmZg==,2026-03-06T16:38:39.111265+00:00,,"{""work_type"": ""Full Time"", ""openings"": ""6"", ""apply_by"": ""25-May-2026""}"
CITRIX INTERNSHIP - INTERNCERTIFY,The Website Makers,"Pan India,",6 Months,Unpaid,[],25-Nov-2025,Immediately,Internship,AICTE,https://internship.aicte-india.org/internship-details.php?uid=SU5URVJOU0hJUF8xNzY0MDY0MTg1NjkyNTdiYjlhYWUxYg==,2026-03-06T16:38:39.205702+00:00,,"{""work_type"": ""Full Time"", ""openings"": ""10"", ""apply_by"": ""25-May-2026""}"
ETHICAL HACKING INTERNSHIP - INTERNCERIFY,The Website Makers,"Pan India,",6 Months,Unpaid,"['Cybersecurity', 'Networking']",25-Nov-2025,Immediately,Internship,AICTE,https://internship.aicte-india.org/internship-details.php?uid=SU5URVJOU0hJUF8xNzY0MDYzMDEzNjkyNTc3MjVlMDM4Ng==,2026-03-06T16:38:39.306011+00:00,,"{""work_type"": ""Full Time"", ""openings"": ""10"", ""apply_by"": ""25-May-2026""}"
UI UX INTERNSHIP - INTERNCERTIFY,The Website Makers,"Pan India,",6 Months,Unpaid,['UI/UX Design'],25-Nov-2025,Immediately,Internship,AICTE,https://internship.aicte-india.org/internship-details.php?uid=SU5URVJOU0hJUF8xNzY0MDYxNjY0NjkyNTcxZTBhNWEyMw==,2026-03-06T16:38:39.401016+00:00,,"{""work_type"": ""Full Time"", ""openings"": ""10"", ""apply_by"": ""25-May-2026""}"
SALESFORCE INTERNSHIP - INTERNCERTIFY,The Website Makers,"Pan India,",6 Months,Unpaid,['Sales'],25-Nov-2025,Immediately,Internship,AICTE,https://internship.aicte-india.org/internship-details.php?uid=SU5URVJOU0hJUF8xNzY0MDUzNDk1NjkyNTUxZjc3YWVmNw==,2026-03-06T16:38:40.696304+00:00,,"{""work_type"": ""Full Time"", ""openings"": ""10"", ""apply_by"": ""25-May-2026""}"
CYBER SECURITY INTERNSHIP - INTERNCERTIFY,The Website Makers,"Pan India,",6 Months,Unpaid,['Cybersecurity'],24-Nov-2025,Immediately,Internship,AICTE,https://internship.aicte-india.org/internship-details.php?uid=SU5URVJOU0hJUF8xNzYzOTg3NDY0NjkyNDUwMDgwMDA4Zg==,2026-03-06T16:38:40.827637+00:00,,"{""work_type"": ""Full Time"", ""openings"": ""10"", ""apply_by"": ""24-May-2026""}"
DEVOPS INTERNSHIP - INTERNCERTIFY,The Website Makers,"Pan India,",6 Months,Unpaid,"['Docker', 'CI/CD']",24-Nov-2025,Immediately,Internship,AICTE,https://internship.aicte-india.org/internship-details.php?uid=SU5URVJOU0hJUF8xNzYzOTg2MTUzNjkyNDRhZTljNTJkNA==,2026-03-06T16:38:40.955348+00:00,,"{""work_type"": ""Full Time"", ""openings"": ""10"", ""apply_by"": ""24-May-2026""}"
MATLAB ITERNSHIP - INTERNCERTIFY,The Website Makers,"Pan India,",6 Months,Unpaid,['MATLAB'],24-Nov-2025,Immediately,Internship,AICTE,https://internship.aicte-india.org/internship-details.php?uid=SU5URVJOU0hJUF8xNzYzOTgyNzgyNjkyNDNkYmU5MWY4MA==,2026-03-06T16:38:41.097371+00:00,,"{""work_type"": ""Full Time"", ""openings"": ""10"", ""apply_by"": ""24-May-2026""}"
AUTOCAD INTERNSHIP - INTERNCERTIFY,The Website Makers,"Pan India,",6 Months,Unpaid,['AutoCAD'],24-Nov-2025,Immediately,Internship,AICTE,https://internship.aicte-india.org/internship-details.php?uid=SU5URVJOU0hJUF8xNzYzOTgwNTY2NjkyNDM1MTY5OGZmOQ==,2026-03-06T16:38:41.224343+00:00,,"{""work_type"": ""Full Time"", ""openings"": ""10"", ""apply_by"": ""24-May-2026""}"
C PROGRAMMING INTERNSHIP - INRERNCERTIFY,The Website Makers,"Pan India,",6 Months,Unpaid,[],24-Nov-2025,Immediately,Internship,AICTE,https://internship.aicte-india.org/internship-details.php?uid=SU5URVJOU0hJUF8xNzYzOTc4MzIwNjkyNDJjNTBlNjVhNQ==,2026-03-06T16:38:41.338776+00:00,,"{""work_type"": ""Full Time"", ""openings"": ""10"", ""apply_by"": ""24-May-2026""}"
HUMAN RESOURCES MANAGEMENT INTERNSHIP - INTERNCERTIFY,The Website Makers,"Pan India,",6 Months,Unpaid,['Recruitment'],24-Nov-2025,Immediately,Internship,AICTE,https://internship.aicte-india.org/internship-details.php?uid=SU5URVJOU0hJUF8xNzYzOTcwNzY1NjkyNDBlY2Q3N2M4MQ==,2026-03-06T16:38:41.451338+00:00,,"{""work_type"": ""Full Time"", ""openings"": ""10"", ""apply_by"": ""24-May-2026""}"
ANDROID APP DEVELOPMENT INTERNSHIP - INTERNCERTIFY,The Website Makers,"Pan India,",6 Months,Unpaid,"['Android', 'Mobile Development']",24-Nov-2025,Immediately,Internship,AICTE,https://internship.aicte-india.org/internship-details.php?uid=SU5URVJOU0hJUF8xNzYzOTYzODYyNjkyM2YzZDY2N2Q4NQ==,2026-03-06T16:38:41.549740+00:00,,"{""work_type"": ""Full Time"", ""openings"": ""10"", ""apply_by"": ""24-May-2026""}"
DIGITAL MARKETING INTERNSHIP - INTERNCERTIFY,The Website Makers,"Pan India,",6 Months,Unpaid,"['Digital Marketing', 'SEO']",24-Nov-2025,Immediately,Internship,AICTE,https://internship.aicte-india.org/internship-details.php?uid=SU5URVJOU0hJUF8xNzYzOTYyMjYzNjkyM2VkOTczYTYxNA==,2026-03-06T16:38:41.649075+00:00,,"{""work_type"": ""Full Time"", ""openings"": ""10"", ""apply_by"": ""24-May-2026""}"
SQL INTERNSHIP - INTERNCERTIFY,The Website Makers,"Pan India,",6 Months,Unpaid,['SQL'],22-Nov-2025,Immediately,Internship,AICTE,https://internship.aicte-india.org/internship-details.php?uid=SU5URVJOU0hJUF8xNzYzODE1MTk0NjkyMWFmMWE5YWE1Yg==,2026-03-06T16:38:41.748478+00:00,,"{""work_type"": ""Full Time"", ""openings"": ""10"", ""apply_by"": ""22-May-2026""}"
DATA ANALYTICS INTERNSHIP - INTERNCERTIFY,The Website Makers,"Pan India,",6 Months,Unpaid,"['SQL', 'Excel', 'Data Visualization']",22-Nov-2025,Immediately,Internship,AICTE,https://internship.aicte-india.org/internship-details.php?uid=SU5URVJOU0hJUF8xNzYzODEyNjk5NjkyMWE1NWI1NjNlMQ==,2026-03-06T16:38:42.925971+00:00,,"{""work_type"": ""Full Time"", ""openings"": ""10"", ""apply_by"": ""22-May-2026""}"
DATA SCIENCE INTERNSHIP - INTERNCERTIFY,The Website Makers,"Pan India,",6 Months,Unpaid,"['Python', 'EDA', 'Machine Learning']",22-Nov-2025,Immediately,Internship,AICTE,https://internship.aicte-india.org/internship-details.php?uid=SU5URVJOU0hJUF8xNzYzODEyMTIwNjkyMWEzMThiNmU5OQ==,2026-03-06T16:38:43.013598+00:00,,"{""work_type"": ""Full Time"", ""openings"": ""10"", ""apply_by"": ""22-May-2026""}"
MS OFFICE INTERNSHIP - INTERNCERTIFY,The Website Makers,"Pan India,",6 Months,Unpaid,[],22-Nov-2025,Immediately,Internship,AICTE,https://internship.aicte-india.org/internship-details.php?uid=SU5URVJOU0hJUF8xNzYzODEwOTEwNjkyMTllNWUzNWNiMg==,2026-03-06T16:38:43.112535+00:00,,"{""work_type"": ""Full Time"", ""openings"": ""10"", ""apply_by"": ""22-May-2026""}"
REVIT INTERNSHIP - INTERNCERTIFY,The Website Makers,"Pan India,",6 Months,Unpaid,[],22-Nov-2025,Immediately,Internship,AICTE,https://internship.aicte-india.org/internship-details.php?uid=SU5URVJOU0hJUF8xNzYzODA2ODEyNjkyMThlNWM4Y2UzMQ==,2026-03-06T16:38:43.233639+00:00,,"{""work_type"": ""Full Time"", ""openings"": ""10"", ""apply_by"": ""22-May-2026""}"
EMBEDDED SYSTEMS INTERNSHIP - INTERNCERTIFY,The Website Makers,"Pan India,",6 Months,Unpaid,"['Embedded Systems', 'C']",22-Nov-2025,Immediately,Internship,AICTE,https://internship.aicte-india.org/internship-details.php?uid=SU5URVJOU0hJUF8xNzYzODAzNjc1NjkyMTgyMWJjOWVkMw==,2026-03-06T16:38:43.369030+00:00,,"{""work_type"": ""Full Time"", ""openings"": ""10"", ""apply_by"": ""22-May-2026""}"
VLSI INTERNSHIP - INTERNCERTIFY,The Website Makers,"Pan India,",6 Months,Unpaid,['VLSI'],22-Nov-2025,Immediately,Internship,AICTE,https://internship.aicte-india.org/internship-details.php?uid=SU5URVJOU0hJUF8xNzYzNzkzNDMyNjkyMTVhMTgzMzUzMg==,2026-03-06T16:38:43.500272+00:00,,"{""work_type"": ""Full Time"", ""openings"": ""10"", ""apply_by"": ""22-May-2026""}"
ARTIFICIAL INTELLIGENCE AND MACHINE LEARNING INTERNSHIP - INTERNCERTIFY,The Website Makers,"Pan India,",6 Months,Unpaid,"['Python', 'Machine Learning']",21-Nov-2025,Immediately,Internship,AICTE,https://internship.aicte-india.org/internship-details.php?uid=SU5URVJOU0hJUF8xNzYzNzI4ODc4NjkyMDVkZWVkZmFiMw==,2026-03-06T16:38:43.632979+00:00,,"{""work_type"": ""Full Time"", ""openings"": ""10"", ""apply_by"": ""21-May-2026""}"
ARTIFICIAL INTELLIGENCE AND MACHINE LEARNING INTERNSHIP - INTERNCERTIFY,The Website Makers,"Pan India,",6 Months,Unpaid,"['Python', 'Machine Learning']",21-Nov-2025,Immediately,Internship,AICTE,https://internship.aicte-india.org/internship-details.php?uid=SU5URVJOU0hJUF8xNzYzNzIwNjQ2NjkyMDNkYzY4MTNkNg==,2026-03-06T16:38:43.786524+00:00,,"{""work_type"": ""Full Time"", ""openings"": ""10"", ""apply_by"": ""21-May-2026""}"
"WEB DEVELOPMENT (HTML,CSS, JAVASCRIPT) INTERNSHIP - INTERNCERTIFY",The Website Makers,"Pan India,",6 Months,Unpaid,"['Java', 'HTML', 'CSS', 'JavaScript']",21-Nov-2025,Immediately,Internship,AICTE,https://internship.aicte-india.org/internship-details.php?uid=SU5URVJOU0hJUF8xNzYzNzE4NDgzNjkyMDM1NTM3MzY5OA==,2026-03-06T16:38:43.897158+00:00,,"{""work_type"": ""Full Time"", ""openings"": ""10"", ""apply_by"": ""21-May-2026""}"
PYTHON FULL STACK INTERNSHIP - INTERNCERTIFY,The Website Makers,"Pan India,",6 Months,Unpaid,"['Python', 'JavaScript', 'React', 'APIs']",21-Nov-2025,Immediately,Internship,AICTE,https://internship.aicte-india.org/internship-details.php?uid=SU5URVJOU0hJUF8xNzYzNzEwMzgzNjkyMDE1YWZiZjc3ZQ==,2026-03-06T16:38:44.022820+00:00,,"{""work_type"": ""Full Time"", ""openings"": ""10"", ""apply_by"": ""21-May-2026""}"
JAVA FULL STACK INTERSHIP - INTERNCERTIFY,The Website Makers,"Pan India,",6 Months,Unpaid,"['Java', 'JavaScript', 'React', 'APIs']",21-Nov-2025,Immediately,Internship,AICTE,https://internship.aicte-india.org/internship-details.php?uid=SU5URVJOU0hJUF8xNzYzNzA4MzAzNjkyMDBkOGY2ODhlOA==,2026-03-06T16:38:45.183691+00:00,,"{""work_type"": ""Full Time"", ""openings"": ""10"", ""apply_by"": ""21-May-2026""}"
ARTIFICIAL INTELLIGENCE,VISION COMPUTERS,"Pan India,",4 Months,Unpaid,"['Python', 'Machine Learning']",19-Nov-2025,Immediately,Internship,AICTE,https://internship.aicte-india.org/internship-details.php?uid=SU5URVJOU0hJUF8xNzYzNTQ2NDU4NjkxZDk1NWE1NWZhMg==,2026-03-06T16:38:45.262117+00:00,,"{""work_type"": ""Virtual Internship"", ""openings"": ""10"", ""apply_by"": ""31-Mar-2026""}"
INTERNET OF THINGS WITH BV,BLEND VIDYA EDTECH,"Pan India,",4 Months,Unpaid,[],19-Nov-2025,Immediately,Internship,AICTE,https://internship.aicte-india.org/internship-details.php?uid=SU5URVJOU0hJUF8xNzYzNTM0MDgyNjkxZDY1MDI1ODgxMQ==,2026-03-06T16:38:45.333371+00:00,,"{""work_type"": ""Part Time"", ""openings"": ""10"", ""apply_by"": ""29-Apr-2026""}"
6 MONTHS INTERNSHIP IN PROJECT- BASED ARTIFICIAL INTELLIGENCE & MACHINE LEARNING,SURE Trust,"Pan India,",6 Months,Unpaid,"['Python', 'Machine Learning']",18-Nov-2025,Immediately,Internship,AICTE,https://internship.aicte-india.org/internship-details.php?uid=SU5URVJOU0hJUF8xNzYzNDc3Mzc0NjkxYzg3N2VhYWM2Mg==,2026-03-06T16:38:45.404082+00:00,,"{""work_type"": ""Virtual Internship"", ""openings"": ""10"", ""apply_by"": ""18-Jun-2026""}"
ELECTRONICS ENGINEERING AND ELECTRONICS & TELECOMMUNICATION ENGINEERING,ADMIRE TECH VISION LLP,"Nagpur,",6 Months,Unpaid,[],18-Nov-2025,Immediately,Internship,AICTE,https://internship.aicte-india.org/internship-details.php?uid=SU5URVJOU0hJUF8xNzYzNDYxMjQ0NjkxYzQ4N2MxM2FjMA==,2026-03-06T16:38:45.473685+00:00,,"{""work_type"": ""Part Time"", ""openings"": ""10"", ""apply_by"": ""01-May-2026""}"
PROMPT ENGINEERING,Smart minds academy of real time training,"Pan India,",6 Months,Unpaid,['Prompt Engineering'],17-Nov-2025,Immediately,Internship,AICTE,https://internship.aicte-india.org/internship-details.php?uid=SU5URVJOU0hJUF8xNzYzMzc3OTYzNjkxYjAzMmI3NjE5Zg==,2026-03-06T16:38:45.541124+00:00,,"{""work_type"": ""Part Time"", ""openings"": ""10"", ""apply_by"": ""17-Jul-2026""}"
ARTIFICIAL INTELLIGENCE & MACHINE LEARNING (AI&ML),Smart minds academy of real time training,"Pan India,",6 Months,Unpaid,"['Python', 'Machine Learning']",17-Nov-2025,Immediately,Internship,AICTE,https://internship.aicte-india.org/internship-details.php?uid=SU5URVJOU0hJUF8xNzYzMzc1NzcwNjkxYWZhOWE2ZTQzNQ==,2026-03-06T16:38:45.622995+00:00,,"{""work_type"": ""Full Time"", ""openings"": ""10"", ""apply_by"": ""17-Jul-2026""}"
EMBEDDED SYSTEMS ENGINEER INTERN,BLEND VIDYA EDTECH,"Pan India,",4 Months,5000 /month,"['Embedded Systems', 'C']",16-Nov-2025,Immediately,Internship,AICTE,https://internship.aicte-india.org/internship-details.php?uid=SU5URVJOU0hJUF8xNzYzMjc3Mzg5NjkxOTdhNGRjNDZiYw==,2026-03-06T16:38:45.692112+00:00,,"{""work_type"": ""Full Time"", ""openings"": ""60"", ""apply_by"": ""29-Apr-2026""}"
PYTHON DEVELOPER INTERNSHIP WITH TRAINING – LIVE PROJECT EXPERIENCE,Apoliums Infotech India pvt ltd,"Pan India,",3 Months,Unpaid,['Python'],15-Nov-2025,Immediately,Internship,AICTE,https://internship.aicte-india.org/internship-details.php?uid=SU5URVJOU0hJUF8xNzYzMTczOTk0NjkxN2U2NmEzYTcyYQ==,2026-03-06T16:38:45.777445+00:00,,"{""work_type"": ""Full Time"", ""openings"": ""10"", ""apply_by"": ""31-May-2026""}"
3 MONTHS INTERNSHIP,Robonauts India Pvt. Ltd.,"Pan India,",3 Months,2000 /month,[],14-Nov-2025,Immediately,Internship,AICTE,https://internship.aicte-india.org/internship-details.php?uid=SU5URVJOU0hJUF8xNzYzMTA3MzUyNjkxNmUyMThjY2ZlMA==,2026-03-06T16:38:45.852846+00:00,,"{""work_type"": ""Full Time"", ""openings"": ""10"", ""apply_by"": ""01-Nov-2026""}"
MERN STACK TRAINING WITH INTERN,Apoliums Infotech India pvt ltd,"Pan India,",3 Months,Unpaid,"['MongoDB', 'Express', 'React', 'Node.js']",14-Nov-2025,Immediately,Internship,AICTE,https://internship.aicte-india.org/internship-details.php?uid=SU5URVJOU0hJUF8xNzYzMTAxNDYzNjkxNmNiMTdhOGRkMg==,2026-03-06T16:38:46.991945+00:00,,"{""work_type"": ""Full Time"", ""openings"": ""10"", ""apply_by"": ""31-May-2026""}"
FULL STACK WEB DEVELOPER USING AI/ML,BLEND VIDYA EDTECH,"Pan India,",3 Months,5000 /month,"['Python', 'Machine Learning', 'JavaScript', 'React']",12-Nov-2025,Immediately,Internship,AICTE,https://internship.aicte-india.org/internship-details.php?uid=SU5URVJOU0hJUF8xNzYyOTcxODU5NjkxNGQwZDMwMDkwZA==,2026-03-06T16:38:47.062738+00:00,,"{""work_type"": ""Full Time"", ""openings"": ""200"", ""apply_by"": ""29-Apr-2026""}"
FULL STACK DEVELOPER (SOFTWARE ENGINEER),Tarcin Robotic LLP,"Pan India,",12 Months,Unpaid,"['JavaScript', 'React', 'APIs']",10-Nov-2025,Immediately,Internship,AICTE,https://internship.aicte-india.org/internship-details.php?uid=SU5URVJOU0hJUF8xNzYyNzg5MTU4NjkxMjA3MjZjNGQxMg==,2026-03-06T16:38:47.132347+00:00,,"{""work_type"": ""Full Time"", ""openings"": ""10"", ""apply_by"": ""30-Jun-2026""}"
DATA STRUCTURES AND ALGORITHM WITH JAVA,MINDSEEKERS TECHNOLOGIES PRIVATE LIMITED,"Pan India,",6 Months,10000 /month,['Java'],04-Nov-2025,Immediately,Internship,AICTE,https://internship.aicte-india.org/internship-details.php?uid=SU5URVJOU0hJUF8xNzYyMjY5NzE3NjkwYTFhMTVjODU5Nw==,2026-03-06T16:38:47.207303+00:00,,"{""work_type"": ""Full Time"", ""openings"": ""20"", ""apply_by"": ""30-Apr-2026""}"
IOT AND ROBOTICS,MINDSEEKERS TECHNOLOGIES PRIVATE LIMITED,"Pan India,",6 Months,10000 /month,"['IoT', 'Embedded Systems']",04-Nov-2025,Immediately,Internship,AICTE,https://internship.aicte-india.org/internship-details.php?uid=SU5URVJOU0hJUF8xNzYyMjU5MDIzNjkwOWYwNGZlNTk2YQ==,2026-03-06T16:38:47.300823+00:00,,"{""work_type"": ""Full Time"", ""openings"": ""20"", ""apply_by"": ""30-Apr-2026""}"
WEB DEVELOPMENT (FULL STACK),MINDSEEKERS TECHNOLOGIES PRIVATE LIMITED,"Pan India,",6 Months,10000 /month,"['JavaScript', 'React', 'APIs', 'HTML']",03-Nov-2025,Immediately,Internship,AICTE,https://internship.aicte-india.org/internship-details.php?uid=SU5URVJOU0hJUF8xNzYyMTc1OTkwNjkwOGFiZjZiYWY1Ng==,2026-03-06T16:38:47.385217+00:00,,"{""work_type"": ""Full Time"", ""openings"": ""20"", ""apply_by"": ""30-Apr-2026""}"
SOFTWARE ENGINEER (INTERN),KONIGTRONICS PRIVATE LIMITED,"Bangalore,",6 Months,5000 /month,[],03-Nov-2025,Immediately,Internship,AICTE,https://internship.aicte-india.org/internship-details.php?uid=SU5URVJOU0hJUF8xNzYyMTI1NTU3NjkwN2U2ZjVhNmZmNw==,2026-03-06T16:38:47.467495+00:00,,"{""work_type"": ""Full Time"", ""openings"": ""20"", ""apply_by"": ""03-Oct-2026""}"
FULL STACK DEVELOPER (SOFTWARE ENGINEER),BLEND VIDYA EDTECH,"Pan India,",3 Months,5000 /month,"['JavaScript', 'React', 'APIs']",01-Nov-2025,Immediately,Internship,AICTE,https://internship.aicte-india.org/internship-details.php?uid=SU5URVJOU0hJUF8xNzYyMDIwNzI3NjkwNjRkNzcwODY5NA==,2026-03-06T16:38:47.546193+00:00,,"{""work_type"": ""Virtual Internship"", ""openings"": ""200"", ""apply_by"": ""29-Apr-2026""}"
DATA STRUCTURES AND ALGORITHMS WITH PYTHON,MINDSEEKERS TECHNOLOGIES PRIVATE LIMITED,"Pan India,",6 Months,10000 /month,['Python'],01-Nov-2025,Immediately,Internship,AICTE,https://internship.aicte-india.org/internship-details.php?uid=SU5URVJOU0hJUF8xNzYyMDA5MzYzNjkwNjIxMTMzMTU0NA==,2026-03-06T16:38:47.624364+00:00,,"{""work_type"": ""Full Time"", ""openings"": ""20"", ""apply_by"": ""31-Mar-2026""}"
DATA SCIENCE,MINDSEEKERS TECHNOLOGIES PRIVATE LIMITED,"Pan India,",6 Months,10000 /month,"['Python', 'EDA', 'Machine Learning']",01-Nov-2025,Immediately,Internship,AICTE,https://internship.aicte-india.org/internship-details.php?uid=SU5URVJOU0hJUF8xNzYyMDAxNTA3NjkwNjAyNjMxZjE1MQ==,2026-03-06T16:38:47.699617+00:00,,"{""work_type"": ""Full Time"", ""openings"": ""10"", ""apply_by"": ""31-Mar-2026""}"
ARTIFICIAL INTELLIGENCE,MINDSEEKERS TECHNOLOGIES PRIVATE LIMITED,"Pan India,",6 Months,10000 /month,"['Python', 'Machine Learning']",01-Nov-2025,Immediately,Internship,AICTE,https://internship.aicte-india.org/internship-details.php?uid=SU5URVJOU0hJUF8xNzYxOTk2ODQ4NjkwNWYwMzA5ZGY3Ng==,2026-03-06T16:38:48.842143+00:00,,"{""work_type"": ""Full Time"", ""openings"": ""10"", ""apply_by"": ""31-Mar-2026""}"
DATA ANALYST (INTERN),KONIGTRONICS PRIVATE LIMITED,"Pan India,",6 Months,5000 /month,"['SQL', 'Excel']",18-Oct-2025,Immediately,Internship,AICTE,https://internship.aicte-india.org/internship-details.php?uid=SU5URVJOU0hJUF8xNzYwNzgxNjg3NjhmMzY1NzdhY2IzMg==,2026-03-06T16:38:48.914801+00:00,,"{""work_type"": ""Full Time"", ""openings"": ""50"", ""apply_by"": ""18-Oct-2026""}"
STOCK MARKET INTERNSHIP WITH CERTIFICATE,SmartED,"Pan India,",3 Months,Unpaid,['Financial Markets'],10-Oct-2025,Immediately,Internship,AICTE,https://internship.aicte-india.org/internship-details.php?uid=SU5URVJOU0hJUF8xNzYwMTA2MDg2NjhlOTE2NjYxZTI3Mw==,2026-03-06T16:38:48.993784+00:00,,"{""work_type"": ""Virtual Internship"", ""openings"": ""10"", ""apply_by"": ""07-Jul-2026""}"
6 - MONTH INTERNSHIP IN SMART LOGISTICS: A CROSS-SECTORAL TECH PERSPECTIVE,SURE Trust,"Pan India,",6 Months,Unpaid,[],09-Oct-2025,Immediately,Internship,AICTE,https://internship.aicte-india.org/internship-details.php?uid=SU5URVJOU0hJUF8xNzYwMDMxNTMzNjhlN2YzMmRiOTNiNw==,2026-03-06T16:38:49.065261+00:00,,"{""work_type"": ""Virtual Internship"", ""openings"": ""10"", ""apply_by"": ""09-Sep-2026""}"
VERY LARGE SCALE INTEGRATION INTERNSHIP,SmartED,"Pan India,",3 Months,Unpaid,[],04-Oct-2025,Immediately,Internship,AICTE,https://internship.aicte-india.org/internship-details.php?uid=SU5URVJOU0hJUF8xNzU5NTY2NDEwNjhlMGRhNGFhOGM1Nw==,2026-03-06T16:38:49.135515+00:00,,"{""work_type"": ""Virtual Internship"", ""openings"": ""10"", ""apply_by"": ""31-Jul-2026""}"
OPTIMIZING PRODUCTION THROUGH ADVANCED DATA ANALYTICS,ZENCAST PRIVATE LIMITED,"Pan India,",14 Weeks,7000 /month,"['SQL', 'Excel', 'Data Visualization', 'Recruitment']",30-Sep-2025,Immediately,Internship,AICTE,https://internship.aicte-india.org/internship-details.php?uid=SU5URVJOU0hJUF8xNzU5MjI4MjQ5NjhkYmIxNTkxN2U5YQ==,2026-03-06T16:38:49.203459+00:00,,"{""work_type"": ""Virtual Internship"", ""openings"": ""2"", ""apply_by"": ""09-Sep-2026""}"
FULL STACK DEVELOPER,Mallikarjuna Infosys,"Pan India,",8 Weeks,Unpaid,"['JavaScript', 'React', 'APIs']",24-Sep-2025,Immediately,Internship,AICTE,https://internship.aicte-india.org/internship-details.php?uid=SU5URVJOU0hJUF8xNzU4NzA1MTMxNjhkM2I1ZWIzZDAyNQ==,2026-03-06T16:38:49.272186+00:00,,"{""work_type"": ""Virtual Internship"", ""openings"": ""10"", ""apply_by"": ""24-Sep-2026""}"
PMAY,Housing and Urban development Department Odisha,"Bhubaneswar ,",6 Months,5000 /month,[],23-Sep-2025,Immediately,Internship,AICTE,https://internship.aicte-india.org/internship-details.php?uid=SU5URVJOU0hJUEdPVl8xNzU4NjE0NzgwNjhkMjU0ZmMyNjU0Ng==&level=Mg==,2026-03-06T16:38:49.389464+00:00,,"{""work_type"": ""Full Time"", ""openings"": ""1"", ""apply_by"": ""15-Mar-2026""}"
GENETIC ENGINEERING INTERNSHIP,SmartED,"Pan India,",3 Months,Unpaid,[],21-Sep-2025,Immediately,Internship,AICTE,https://internship.aicte-india.org/internship-details.php?uid=SU5URVJOU0hJUF8xNzU4NDY5Mjg4NjhkMDFjYTgxMGI1ZQ==,2026-03-06T16:38:49.462303+00:00,,"{""work_type"": ""Virtual Internship"", ""openings"": ""10"", ""apply_by"": ""30-May-2026""}"
CLOUD COMPUTING,Altruisty,"Pan India,",02 Months,Unpaid,['Cloud Computing'],17-Sep-2025,Immediately,Internship,AICTE,https://internship.aicte-india.org/internship-details.php?uid=SU5URVJOU0hJUF8xNzU4MDg5NTA3NjhjYTUxMjMwM2E5ZA==,2026-03-06T16:38:49.532528+00:00,,"{""work_type"": ""Full Time"", ""openings"": ""5"", ""apply_by"": ""22-May-2026""}"
6 MONTHS INTERNSHIP IN SAP FICO / S/4 HANA APPLICATIONS,SURE Trust,"Pan India,",6 Months,Unpaid,[],15-Sep-2025,Immediately,Internship,AICTE,https://internship.aicte-india.org/internship-details.php?uid=SU5URVJOU0hJUF8xNzU3OTYwMzEwNjhjODU4NzYyYzA2OA==,2026-03-06T16:38:50.694582+00:00,,"{""work_type"": ""Virtual Internship"", ""openings"": ""10"", ""apply_by"": ""11-Sep-2026""}"
6 MONTHS INTERNSHIP IN ANDROID APP DEVELOPMENT,SURE Trust,"Pan India,",6 Months,Unpaid,"['Android', 'Mobile Development']",15-Sep-2025,Immediately,Internship,AICTE,https://internship.aicte-india.org/internship-details.php?uid=SU5URVJOU0hJUF8xNzU3OTU4NTI2NjhjODUxN2VlNTcwYQ==,2026-03-06T16:38:50.764913+00:00,,"{""work_type"": ""Virtual Internship"", ""openings"": ""10"", ""apply_by"": ""14-Sep-2026""}"
6 MONTHS INTERNSHIP IN DATA STRUCTURES AND ALGORITHMS USING C++,SURE Trust,"Pan India,",6 Months,Unpaid,['C++'],15-Sep-2025,Immediately,Internship,AICTE,https://internship.aicte-india.org/internship-details.php?uid=SU5URVJOU0hJUF8xNzU3OTU1OTk0NjhjODQ3OWFjOWY3YQ==,2026-03-06T16:38:50.831918+00:00,,"{""work_type"": ""Virtual Internship"", ""openings"": ""10"", ""apply_by"": ""11-Sep-2026""}"
6 MONTHS INTERNSHIP IN DATA STRUCTURES AND ALGORITHMS USING PYTHON,SURE Trust,"Pan India,",6 Months,Unpaid,['Python'],15-Sep-2025,Immediately,Internship,AICTE,https://internship.aicte-india.org/internship-details.php?uid=SU5URVJOU0hJUF8xNzU3OTU0NTI4NjhjODQxZTA3MjQ1NA==,2026-03-06T16:38:50.898593+00:00,,"{""work_type"": ""Virtual Internship"", ""openings"": ""10"", ""apply_by"": ""14-Sep-2026""}"
6 MONTHS INTERNSHIP IN ROBOTICS APPLICATIONS,SURE Trust,"Pan India,",6 Months,Unpaid,[],15-Sep-2025,Immediately,Internship,AICTE,https://internship.aicte-india.org/internship-details.php?uid=SU5URVJOU0hJUF8xNzU3OTUzMzQ1NjhjODNkNDEwZGZiMg==,2026-03-06T16:38:50.969155+00:00,,"{""work_type"": ""Virtual Internship"", ""openings"": ""10"", ""apply_by"": ""14-Sep-2026""}"
6 MONTHS INTERNSHIP IN DATA STRUCTURES AND ALGORITHMS USING JAVA,SURE Trust,"Pan India,",6 Months,Unpaid,['Java'],15-Sep-2025,Immediately,Internship,AICTE,https://internship.aicte-india.org/internship-details.php?uid=SU5URVJOU0hJUF8xNzU3OTQ4NzAwNjhjODJiMWMxZmFiZg==,2026-03-06T16:38:51.037960+00:00,,"{""work_type"": ""Virtual Internship"", ""openings"": ""10"", ""apply_by"": ""11-Sep-2026""}"
6 MONTHS INTERNSHIP IN SOFTWARE TESTING & TOOLS,SURE Trust,"Pan India,",6 Months,Unpaid,[],14-Sep-2025,Immediately,Internship,AICTE,https://internship.aicte-india.org/internship-details.php?uid=SU5URVJOU0hJUF8xNzU3ODM0MTI0NjhjNjZiOGNiN2Q1ZA==,2026-03-06T16:38:51.106546+00:00,,"{""work_type"": ""Virtual Internship"", ""openings"": ""10"", ""apply_by"": ""11-Sep-2026""}"
ARTIFICIAL INTELLIGENCE,Altruisty,"Pan India,",02 Months,Unpaid,"['Python', 'Machine Learning']",13-Sep-2025,Immediately,Internship,AICTE,https://internship.aicte-india.org/internship-details.php?uid=SU5URVJOU0hJUF8xNzU3NzM3NjEyNjhjNGYyOGM5OGQ4Mw==,2026-03-06T16:38:51.175105+00:00,,"{""work_type"": ""Full Time"", ""openings"": ""8"", ""apply_by"": ""13-Sep-2026""}"
WEB DEVELOPMENT,Altruisty,"Pan India,",2 Months,Unpaid,"['HTML', 'CSS', 'JavaScript']",12-Sep-2025,Immediately,Internship,AICTE,https://internship.aicte-india.org/internship-details.php?uid=SU5URVJOU0hJUF8xNzU3Njc2NDc1NjhjNDAzYmI5NjJlYg==,2026-03-06T16:38:51.243165+00:00,,"{""work_type"": ""Full Time"", ""openings"": ""10"", ""apply_by"": ""12-Sep-2026""}"
6 MONTHS INTERNSHIP IN PCB DESIGNING,SURE Trust,"Pan India,",6 Months,Unpaid,[],12-Sep-2025,Immediately,Internship,AICTE,https://internship.aicte-india.org/internship-details.php?uid=SU5URVJOU0hJUF8xNzU3NjY0NTI1NjhjM2Q1MGRhZDg3NA==,2026-03-06T16:38:51.310950+00:00,,"{""work_type"": ""Virtual Internship"", ""openings"": ""10"", ""apply_by"": ""11-Sep-2026""}"
