title,organization,location,duration,stipend,skills_final,posted_on,start_date,type,source,apply_link,scraped_at,content_hash,extra_data
SDE Backend Intern,Upstox,Mumbai Metropolitan Region,None,None,None,1 week ago,None,internship,LinkedIn,https://in.linkedin.com/jobs/view/sde-backend-intern-at-upstox-4364764915?position=1&pageNum=0&refId=pzFjQXIZp%2FMSqE0jW8g6HQ%3D%3D&trackingId=CdarOm%2BNAwzidZK%2B%2FOVYJg%3D%3D,2026-02-27 20:56:30,e23b38127e5ed1faa90873494c061272,None
Software Engineering INTERN,Microsoft,"Bengaluru, Karnataka, India",None,None,None,1 day ago,None,internship,LinkedIn,https://in.linkedin.com/jobs/view/software-engineering-intern-at-microsoft-4378348348?position=2&pageNum=0&refId=pzFjQXIZp%2FMSqE0jW8g6HQ%3D%3D&trackingId=zEVgMfDwyMqyRRINdiOlAA%3D%3D,2026-02-27 20:56:30,f673173c402dab65dbdf0d33b2a223da,None
Internship For Software Engineers - Freshers,Faveo,"Virajpet, Karnataka, India",None,None,None,1 month ago,None,internship,LinkedIn,https://in.linkedin.com/jobs/view/internship-for-software-engineers-freshers-at-faveo-4370792829?position=3&pageNum=0&refId=pzFjQXIZp%2FMSqE0jW8g6HQ%3D%3D&trackingId=v%2FY62YnO0K2K%2B2QA6W51iA%3D%3D,2026-02-27 20:56:30,8912e4fbc4ce88acee5a12c31399ffa5,None
SDET Internship,FanCode,"Mumbai, Maharashtra, India",None,None,None,6 hours ago,None,internship,LinkedIn,https://in.linkedin.com/jobs/view/sdet-internship-at-fancode-4359585240?position=4&pageNum=0&refId=pzFjQXIZp%2FMSqE0jW8g6HQ%3D%3D&trackingId=yHv0SMA25U8CfCuHvVV4rw%3D%3D,2026-02-27 20:56:30,80e8913be21e0d66af4c7535fc16a0bc,None
Software Engineer Internship in Noida,Bosscoder Academy,"Noida, Uttar Pradesh, India",None,None,None,1 day ago,None,internship,LinkedIn,https://in.linkedin.com/jobs/view/software-engineer-internship-in-noida-at-bosscoder-academy-4378044837?position=5&pageNum=0&refId=pzFjQXIZp%2FMSqE0jW8g6HQ%3D%3D&trackingId=wHLW1jAAIReaSsT1IouBgQ%3D%3D,2026-02-27 20:56:30,3a98db14fca07fe668173e5ae66d4d9d,None
Software Engineering Explore Intern,Microsoft,India,None,None,None,2 days ago,None,internship,LinkedIn,https://in.linkedin.com/jobs/view/software-engineering-explore-intern-at-microsoft-4377825940?position=6&pageNum=0&refId=pzFjQXIZp%2FMSqE0jW8g6HQ%3D%3D&trackingId=F%2FLNns6t%2FemjOzqa0NiyjQ%3D%3D,2026-02-27 20:56:30,86995646ba5b725fe4e5f22e4d5831ba,None
Internship For Software Engineers - Freshers,Faveo,"Dharmapuri, Tamil Nadu, India",None,None,None,1 month ago,None,internship,LinkedIn,https://in.linkedin.com/jobs/view/internship-for-software-engineers-freshers-at-faveo-4371100501?position=7&pageNum=0&refId=pzFjQXIZp%2FMSqE0jW8g6HQ%3D%3D&trackingId=5CrqF3L964xxqdMTBaqWHA%3D%3D,2026-02-27 20:56:30,0e67de2b7737940b4d82af3c9f0531fc,None
Software Development Intern (Fully Remote),Virtual Internships,"Bengaluru, Karnataka, India",None,None,None,22 hours ago,None,internship,LinkedIn,https://in.linkedin.com/jobs/view/software-development-intern-fully-remote-at-virtual-internships-4378381638?position=8&pageNum=0&refId=pzFjQXIZp%2FMSqE0jW8g6HQ%3D%3D&trackingId=ur9utBH8oafTAqLl%2BYXyfg%3D%3D,2026-02-27 20:56:30,a4e611e6a0a0246f70d2d9c2acbe4ca6,None
Internship For Software Engineers - Freshers,Faveo,"Jammu, Jammu & Kashmir, India",None,None,None,1 month ago,None,internship,LinkedIn,https://in.linkedin.com/jobs/view/internship-for-software-engineers-freshers-at-faveo-4371109092?position=9&pageNum=0&refId=pzFjQXIZp%2FMSqE0jW8g6HQ%3D%3D&trackingId=HrJN%2FuPU9XQJAiWaYXbttA%3D%3D,2026-02-27 20:56:30,d9c6513da4ae1e10cb241918aee33c57,None
"Junior Web Developer Internship in Delhi, Noida",Young India show,"Delhi, India",None,None,None,3 weeks ago,None,internship,LinkedIn,https://in.linkedin.com/jobs/view/junior-web-developer-internship-in-delhi-noida-at-young-india-show-4369280985?position=10&pageNum=0&refId=pzFjQXIZp%2FMSqE0jW8g6HQ%3D%3D&trackingId=A%2FuiWw%2Fbnn%2FnIqQByo20LA%3D%3D,2026-02-27 20:56:30,60c3bd425299a5982efe7dd65df0647c,None
Software Engineer- Intern,Quest Global,"Bengaluru, Karnataka, India",None,None,None,2 days ago,None,internship,LinkedIn,https://in.linkedin.com/jobs/view/software-engineer-intern-at-quest-global-4376736200?position=11&pageNum=0&refId=pzFjQXIZp%2FMSqE0jW8g6HQ%3D%3D&trackingId=o3%2B5o5ahoeQLewrUZzDk5A%3D%3D,2026-02-27 20:56:30,f2f0da22929b519e4bea094bef056c31,None
Software Engineering Intern – Backend,Sense,"Bengaluru, Karnataka, India",None,None,None,1 month ago,None,internship,LinkedIn,https://in.linkedin.com/jobs/view/software-engineering-intern-%E2%80%93-backend-at-sense-4355337735?position=12&pageNum=0&refId=pzFjQXIZp%2FMSqE0jW8g6HQ%3D%3D&trackingId=3%2FyOv1ikHXXpdG9VMmvKRQ%3D%3D,2026-02-27 20:56:30,9ac19fa61927e05fdf9a3bb82f19de8c,None
"Junior Web Developer Internship in Delhi, Noida",Young India show,"Noida, Uttar Pradesh, India",None,None,None,3 weeks ago,None,internship,LinkedIn,https://in.linkedin.com/jobs/view/junior-web-developer-internship-in-delhi-noida-at-young-india-show-4369404055?position=13&pageNum=0&refId=pzFjQXIZp%2FMSqE0jW8g6HQ%3D%3D&trackingId=hFgEkznM2OrdEOmwlLzKiA%3D%3D,2026-02-27 20:56:30,e6dc475aee9b47e4564195320941cb0b,None
Software Engineer Intern,Growth Infi,"Mumbai, Maharashtra, India",None,None,None,17 hours ago,None,internship,LinkedIn,https://in.linkedin.com/jobs/view/software-engineer-intern-at-growth-infi-4375570647?position=14&pageNum=0&refId=pzFjQXIZp%2FMSqE0jW8g6HQ%3D%3D&trackingId=dv3XV0wCG6eP7m0sVr57NA%3D%3D,2026-02-27 20:56:30,308c1d1e86be9e89c2bf63fef49f178d,None
Software Engineer Intern,123 of AI,India,None,None,None,3 weeks ago,None,internship,LinkedIn,https://in.linkedin.com/jobs/view/software-engineer-intern-at-123-of-ai-4368334387?position=15&pageNum=0&refId=pzFjQXIZp%2FMSqE0jW8g6HQ%3D%3D&trackingId=rbimJshyjoWH83Z4FUE51Q%3D%3D,2026-02-27 20:56:30,a3a9cb5cace353ced8074d3cd59d8da0,None
INTERNS - WEB DEVELOPMENT,Penkraft Ideas Private Limited,"Thane, Maharashtra, India",None,None,None,4 months ago,None,internship,LinkedIn,https://in.linkedin.com/jobs/view/interns-web-development-at-penkraft-ideas-private-limited-4331854530?position=16&pageNum=0&refId=pzFjQXIZp%2FMSqE0jW8g6HQ%3D%3D&trackingId=Oa%2FB%2FUdZuVQnouvCIoEBDg%3D%3D,2026-02-27 20:56:30,6be96d3695569647cb07500cdb870112,None
SDE Intern (Founding Team) | AI x Interview Prep | Remote,Thita AI,"Bengaluru, Karnataka, India",None,None,None,1 week ago,None,internship,LinkedIn,https://in.linkedin.com/jobs/view/sde-intern-founding-team-ai-x-interview-prep-remote-at-thita-ai-4372842375?position=17&pageNum=0&refId=pzFjQXIZp%2FMSqE0jW8g6HQ%3D%3D&trackingId=DAj2Z2isuUobXdfHzlRXkQ%3D%3D,2026-02-27 20:56:30,730e0fb483f05e75dcdd7b833a3b9646,None
Software Engineer Intern,CausalFunnel,India,None,None,None,5 days ago,None,internship,LinkedIn,https://in.linkedin.com/jobs/view/software-engineer-intern-at-causalfunnel-4374944594?position=18&pageNum=0&refId=pzFjQXIZp%2FMSqE0jW8g6HQ%3D%3D&trackingId=M4Q55SOLVJVqxUXxuOCXoA%3D%3D,2026-02-27 20:56:30,46075579667ac5832753483afc400bc4,None
SDE Intern - Backend & Frontend,Unosecur,"Bengaluru, Karnataka, India",None,None,None,10 hours ago,None,internship,LinkedIn,https://in.linkedin.com/jobs/view/sde-intern-backend-frontend-at-unosecur-4378706922?position=19&pageNum=0&refId=pzFjQXIZp%2FMSqE0jW8g6HQ%3D%3D&trackingId=UBhshHB4liPDYD6I1yrKtg%3D%3D,2026-02-27 20:56:30,82814ef2a7d8448f81712c1568f73a4e,None
Software Engineer Intern,Vite Knowledge,"Delhi, India",None,None,None,21 hours ago,None,internship,LinkedIn,https://in.linkedin.com/jobs/view/software-engineer-intern-at-vite-knowledge-4371520188?position=20&pageNum=0&refId=pzFjQXIZp%2FMSqE0jW8g6HQ%3D%3D&trackingId=5mobZFDx%2Fki7m6NC%2F%2BTdhg%3D%3D,2026-02-27 20:56:30,ad9b81fd0645ce6fa58ea3a98ce8f99c,None
MERN Stack Web Developer Internship in Jaipur,Requin Solutions Private Limited,"Jaipur, Rajasthan, India",None,None,None,2 days ago,None,internship,LinkedIn,https://in.linkedin.com/jobs/view/mern-stack-web-developer-internship-in-jaipur-at-requin-solutions-private-limited-4377540271?position=21&pageNum=0&refId=pzFjQXIZp%2FMSqE0jW8g6HQ%3D%3D&trackingId=24oy1aMKY8XVk8wXP2lG%2Fg%3D%3D,2026-02-27 20:56:30,8db064f443263599f96b6c400ba18631,None
Software Developer Intern,MEL Systems and Services Ltd.,"Chennai, Tamil Nadu, India",None,None,None,4 months ago,None,internship,LinkedIn,https://in.linkedin.com/jobs/view/software-developer-intern-at-mel-systems-and-services-ltd-4317770784?position=22&pageNum=0&refId=pzFjQXIZp%2FMSqE0jW8g6HQ%3D%3D&trackingId=Zo6543Y6KZc5D%2FAc%2BHxWJQ%3D%3D,2026-02-27 20:56:30,1431e49d4425726f7ce2e4dc1f060781,None
"Software Engineer Intern, Android",Poshmark,"Chennai, Tamil Nadu, India",None,None,None,1 month ago,None,internship,LinkedIn,https://in.linkedin.com/jobs/view/software-engineer-intern-android-at-poshmark-4353928896?position=23&pageNum=0&refId=pzFjQXIZp%2FMSqE0jW8g6HQ%3D%3D&trackingId=l4FkDL9H8LozXloF79a%2Fkw%3D%3D,2026-02-27 20:56:30,6ecae801a094343de58423ab74d266f1,None
Software Engineer Intern,Zorvyn,India,None,None,None,4 days ago,None,internship,LinkedIn,https://in.linkedin.com/jobs/view/software-engineer-intern-at-zorvyn-4374228355?position=24&pageNum=0&refId=pzFjQXIZp%2FMSqE0jW8g6HQ%3D%3D&trackingId=sd3APUYH5qiDn7V%2B5XqVLA%3D%3D,2026-02-27 20:56:30,daa985e11c87fa9941d24cfe51ad5241,None
Software Developer Intern,Meritshot,"Noida, Uttar Pradesh, India",None,None,None,4 days ago,None,internship,LinkedIn,https://in.linkedin.com/jobs/view/software-developer-intern-at-meritshot-4375347330?position=25&pageNum=0&refId=pzFjQXIZp%2FMSqE0jW8g6HQ%3D%3D&trackingId=%2Fp0tKzJblAPsazYuUAzXUw%3D%3D,2026-02-27 20:56:30,a377a0ce19543e103966203e2c4fbef3,None
Software Engineer Intern,Advertising Vehicles,India,None,None,None,3 weeks ago,None,internship,LinkedIn,https://in.linkedin.com/jobs/view/software-engineer-intern-at-advertising-vehicles-4368749833?position=26&pageNum=0&refId=pzFjQXIZp%2FMSqE0jW8g6HQ%3D%3D&trackingId=nMud%2FmhXpp0M1SexwF8lXw%3D%3D,2026-02-27 20:56:30,44b0c0910e7a3b56ff47ff64a5c435d4,None
"Software Engineering Intern - statue.dev, remote",Accretional,India,None,None,None,2 months ago,None,internship,LinkedIn,https://in.linkedin.com/jobs/view/software-engineering-intern-statue-dev-remote-at-accretional-4326511070?position=27&pageNum=0&refId=pzFjQXIZp%2FMSqE0jW8g6HQ%3D%3D&trackingId=OuLdLcFuw946DJX%2FqmzSCg%3D%3D,2026-02-27 20:56:30,2428c7c6ffb067d4056f9e3185c3abb3,None
Trainee Software Engineer (Frontend) - MedInsight (Dev),Milliman,"Gurgaon, Haryana, India",None,None,None,2 weeks ago,None,internship,LinkedIn,https://in.linkedin.com/jobs/view/trainee-software-engineer-frontend-medinsight-dev-at-milliman-4363193486?position=28&pageNum=0&refId=pzFjQXIZp%2FMSqE0jW8g6HQ%3D%3D&trackingId=ufHru6nUdDTRjTE9dqdUeA%3D%3D,2026-02-27 20:56:30,06462ea0dd76a0abc4774181816ccc99,None
Software Engineer Trainee - PHP/MYSQL,Unibros Technologies,"Chennai, Tamil Nadu, India",None,None,None,4 months ago,None,internship,LinkedIn,https://in.linkedin.com/jobs/view/software-engineer-trainee-php-mysql-at-unibros-technologies-4306119418?position=29&pageNum=0&refId=pzFjQXIZp%2FMSqE0jW8g6HQ%3D%3D&trackingId=%2B%2F%2B7sLPsRE2bM802IdKxug%3D%3D,2026-02-27 20:56:30,c96a8977367f3d153d48c2829b12c4ae,None
Software Development Engineering Intern,Island Computing Services,India,None,None,None,1 month ago,None,internship,LinkedIn,https://in.linkedin.com/jobs/view/software-development-engineering-intern-at-island-computing-services-4365939692?position=30&pageNum=0&refId=pzFjQXIZp%2FMSqE0jW8g6HQ%3D%3D&trackingId=2gAWBP1RhjjzFH7pL%2B4dbw%3D%3D,2026-02-27 20:56:30,c7360052371eef9d22448704c36f7a3a,None
Software Programmer - Trainees / Associates,Somnetics (Som Imaging Informatics Pvt. Ltd.),"Kolkata, West Bengal, India",None,None,None,1 year ago,None,internship,LinkedIn,https://in.linkedin.com/jobs/view/software-programmer-trainees-associates-at-somnetics-som-imaging-informatics-pvt-ltd-4124743260?position=31&pageNum=0&refId=pzFjQXIZp%2FMSqE0jW8g6HQ%3D%3D&trackingId=MiG966W2QplMPprE1%2F61JA%3D%3D,2026-02-27 20:56:30,04d77ff120996e6eb84159ee3b16215d,None
Software Engineer Intern,SwasthiQ,India,None,None,None,3 days ago,None,internship,LinkedIn,https://in.linkedin.com/jobs/view/software-engineer-intern-at-swasthiq-4374997295?position=32&pageNum=0&refId=pzFjQXIZp%2FMSqE0jW8g6HQ%3D%3D&trackingId=ChjT%2BXxTDiTyxqKNM2yj4A%3D%3D,2026-02-27 20:56:30,9351d40db6c9589d99c82e7d253c05a5,None
Software Engineer Intern - DevOps,Emmes,"Bengaluru, Karnataka, India",None,None,None,5 hours ago,None,internship,LinkedIn,https://in.linkedin.com/jobs/view/software-engineer-intern-devops-at-emmes-4377690375?position=33&pageNum=0&refId=pzFjQXIZp%2FMSqE0jW8g6HQ%3D%3D&trackingId=NZGPUgUIBas7ZFEIYMWKQg%3D%3D,2026-02-27 20:56:30,e4d7dfc3a37deb5d86d1ccfeab6a4e78,None
Trainee Software Engineer - MedInsight (Dev),Milliman,"Gurgaon, Haryana, India",None,None,None,2 weeks ago,None,internship,LinkedIn,https://in.linkedin.com/jobs/view/trainee-software-engineer-medinsight-dev-at-milliman-4363193484?position=34&pageNum=0&refId=pzFjQXIZp%2FMSqE0jW8g6HQ%3D%3D&trackingId=vMxwO76JXA8PJfWA6CC6sw%3D%3D,2026-02-27 20:56:30,3be5eeef0c4400f0ae4fc2820c21a42c,None
"Intern, Software Engineering",Lowe's India,"Bengaluru, Karnataka, India",None,None,None,2 weeks ago,None,internship,LinkedIn,https://in.linkedin.com/jobs/view/intern-software-engineering-at-lowe-s-india-4362540323?position=35&pageNum=0&refId=pzFjQXIZp%2FMSqE0jW8g6HQ%3D%3D&trackingId=3b1SpKcd%2B6EmW8Rwx2%2B8Yg%3D%3D,2026-02-27 20:56:30,31ae77441325eeec907d70e494b53ae1,None
AI SDE Intern (Generative AI),Trovex.ai,India,None,None,None,11 hours ago,None,internship,LinkedIn,https://in.linkedin.com/jobs/view/ai-sde-intern-generative-ai-at-trovex-ai-4377648699?position=36&pageNum=0&refId=pzFjQXIZp%2FMSqE0jW8g6HQ%3D%3D&trackingId=8S3fuGO4gIhk1ZcDJdfZJg%3D%3D,2026-02-27 20:56:30,ac2ba854c20bb0f2bc1037cd4cb241a9,None
Web Development Intern,Innovexis,"Bengaluru, Karnataka, India",None,None,None,3 days ago,None,internship,LinkedIn,https://in.linkedin.com/jobs/view/web-development-intern-at-innovexis-4374598475?position=37&pageNum=0&refId=pzFjQXIZp%2FMSqE0jW8g6HQ%3D%3D&trackingId=Bi8yZPtP2HLmwgVDKIRi1w%3D%3D,2026-02-27 20:56:30,409df0cf148089396af486824b9fbba6,None
Software Engineer Intern,Remotohire,"Pune District, Maharashtra, India",None,None,None,4 days ago,None,internship,LinkedIn,https://in.linkedin.com/jobs/view/software-engineer-intern-at-remotohire-4374282724?position=38&pageNum=0&refId=pzFjQXIZp%2FMSqE0jW8g6HQ%3D%3D&trackingId=ey1eRHOWxzoJAHSxc8KCEA%3D%3D,2026-02-27 20:56:30,4025db1d4edf8e6b23a6cccc30fb7120,None
Web Development Intern,Inficore Soft,India,None,None,None,1 day ago,None,internship,LinkedIn,https://in.linkedin.com/jobs/view/web-development-intern-at-inficore-soft-4377222868?position=39&pageNum=0&refId=pzFjQXIZp%2FMSqE0jW8g6HQ%3D%3D&trackingId=KtIwwNrvyl1s8tlODNGTVg%3D%3D,2026-02-27 20:56:30,270ce0cafa2ad26b922be4fa58773b1a,None
Backend Software Development Intern,NikahForever,"Delhi, India",None,None,None,2 weeks ago,None,internship,LinkedIn,https://in.linkedin.com/jobs/view/backend-software-development-intern-at-nikahforever-4371752655?position=40&pageNum=0&refId=pzFjQXIZp%2FMSqE0jW8g6HQ%3D%3D&trackingId=MV614RNbm9UntallUzi40Q%3D%3D,2026-02-27 20:56:30,fe2c943d3a89168230e365e84fcbe69b,None
Web Development Intern,WebBoost Solutions by UM,India,None,None,None,2 hours ago,None,internship,LinkedIn,https://in.linkedin.com/jobs/view/web-development-intern-at-webboost-solutions-by-um-4378784254?position=41&pageNum=0&refId=pzFjQXIZp%2FMSqE0jW8g6HQ%3D%3D&trackingId=G75RO3vqqXORmuNbKDJTQg%3D%3D,2026-02-27 20:56:30,ae7847e63e0e6cf75eb0b651c659f85e,None
Web Development Intern,WebBoost Solutions by UM,India,None,None,None,2 hours ago,None,internship,LinkedIn,https://in.linkedin.com/jobs/view/web-development-intern-at-webboost-solutions-by-um-4378776390?position=42&pageNum=0&refId=pzFjQXIZp%2FMSqE0jW8g6HQ%3D%3D&trackingId=IlJLLW8k7GcP65NwOxmbuw%3D%3D,2026-02-27 20:56:30,b093ecc15e9f9671ffbfc2af3357310d,None
SDE Intern - RL Environments (Freelancer),Deccan AI Experts,India,None,None,None,4 days ago,None,internship,LinkedIn,https://in.linkedin.com/jobs/view/sde-intern-rl-environments-freelancer-at-deccan-ai-experts-4376550690?position=43&pageNum=0&refId=pzFjQXIZp%2FMSqE0jW8g6HQ%3D%3D&trackingId=vbJXNMhES5KyU1Ws24KXSA%3D%3D,2026-02-27 20:56:30,844d8dfbc63dee719ecd12b5360d454a,None
Software Quality Assurance Intern,testRigor,India,None,None,None,2 weeks ago,None,internship,LinkedIn,https://in.linkedin.com/jobs/view/software-quality-assurance-intern-at-testrigor-4369963510?position=44&pageNum=0&refId=pzFjQXIZp%2FMSqE0jW8g6HQ%3D%3D&trackingId=jXTuS20xxv3Q%2BCFX3ylFUw%3D%3D,2026-02-27 20:56:30,628095e121db9173a4ae298db72cd7c8,None
Artificial Intelligence Intern,getbindu.com,India,None,None,None,2 weeks ago,None,internship,LinkedIn,https://in.linkedin.com/jobs/view/artificial-intelligence-intern-at-getbindu-com-4371574127?position=45&pageNum=0&refId=pzFjQXIZp%2FMSqE0jW8g6HQ%3D%3D&trackingId=pOxZbd6rSO0bbNZW%2B9H4CA%3D%3D,2026-02-27 20:56:30,02687ea5533fd561a34340c709353d32,None
#2025-D-0052 Software Developer Intern,INVIDI Technologies Corporation,"Chennai, Tamil Nadu, India",None,None,None,5 months ago,None,internship,LinkedIn,https://in.linkedin.com/jobs/view/%232025-d-0052-software-developer-intern-at-invidi-technologies-corporation-4294065261?position=46&pageNum=0&refId=pzFjQXIZp%2FMSqE0jW8g6HQ%3D%3D&trackingId=iVaEcphTJ3HeiLUiHQUL7w%3D%3D,2026-02-27 20:56:30,d842103972fa1aaed8a2813c8a790728,None
ServiceNow Developer Internship in Bhubaneswar,Thinkscaler Technologies,"Bhubaneswar, Odisha, India",None,None,None,1 week ago,None,internship,LinkedIn,https://in.linkedin.com/jobs/view/servicenow-developer-internship-in-bhubaneswar-at-thinkscaler-technologies-4373229958?position=47&pageNum=0&refId=pzFjQXIZp%2FMSqE0jW8g6HQ%3D%3D&trackingId=cXGuuzGvuO0Cwd4uKwSn5w%3D%3D,2026-02-27 20:56:30,1d7ab69794947c87dbb22841c244babe,None
Trainee RWD Software Engineer,Gallagher,"Chandigarh, Chandigarh, India",None,None,None,1 week ago,None,internship,LinkedIn,https://in.linkedin.com/jobs/view/trainee-rwd-software-engineer-at-gallagher-4151673062?position=48&pageNum=0&refId=pzFjQXIZp%2FMSqE0jW8g6HQ%3D%3D&trackingId=QLqZaiuhBDN0wh7uStLyQQ%3D%3D,2026-02-27 20:56:30,7099bc19d0dd6685705e1a231566887c,None
HR Intern (Remote),GiftsBazaar.in,India,None,None,None,3 weeks ago,None,internship,LinkedIn,https://in.linkedin.com/jobs/view/hr-intern-remote-at-giftsbazaar-in-4368241450?position=49&pageNum=0&refId=pzFjQXIZp%2FMSqE0jW8g6HQ%3D%3D&trackingId=lLfS52ZFM8DcO%2BVKcLX3vw%3D%3D,2026-02-27 20:56:30,22f0b98bc5e722eb4d97bfafcb12bea9,None
MBA Fresher – BDE Intern / Customer Support Intern (Remote),iT Gurus Software,Greater Kolkata Area,None,None,None,1 month ago,None,internship,LinkedIn,https://in.linkedin.com/jobs/view/mba-fresher-%E2%80%93-bde-intern-customer-support-intern-remote-at-it-gurus-software-4363523624?position=50&pageNum=0&refId=pzFjQXIZp%2FMSqE0jW8g6HQ%3D%3D&trackingId=koXSfcqs9Oany1j9QDTNlA%3D%3D,2026-02-27 20:56:30,b38c43f83d8ce9fe1c3c73ff5b061d01,None
Project Management Intern,TeachEdison,"Coimbatore, Tamil Nadu, India",None,None,None,7 months ago,None,internship,LinkedIn,https://in.linkedin.com/jobs/view/project-management-intern-at-teachedison-4267600359?position=51&pageNum=0&refId=pzFjQXIZp%2FMSqE0jW8g6HQ%3D%3D&trackingId=NNYuUORMOj%2BYy3TL%2FZuexA%3D%3D,2026-02-27 20:56:30,f22410d9a2ea254fcef6f377a88190c6,None
Social Media Intern,Recooty,"Indore, Madhya Pradesh, India",None,None,None,1 month ago,None,internship,LinkedIn,https://in.linkedin.com/jobs/view/social-media-intern-at-recooty-4351254779?position=52&pageNum=0&refId=pzFjQXIZp%2FMSqE0jW8g6HQ%3D%3D&trackingId=ugag%2FEd8cjH9j06AtYBIdA%3D%3D,2026-02-27 20:56:30,51c869973ef63e89c7257d8b368b132b,None
Digital Marketing Intern,Recooty,"Jabalpur, Madhya Pradesh, India",None,None,None,2 months ago,None,internship,LinkedIn,https://in.linkedin.com/jobs/view/digital-marketing-intern-at-recooty-4344433133?position=53&pageNum=0&refId=pzFjQXIZp%2FMSqE0jW8g6HQ%3D%3D&trackingId=ZYjGYpB%2Ff%2F3EYCUpq9IgKw%3D%3D,2026-02-27 20:56:30,f29c18d7da8aa0de654e334f5d1e0906,None
WordPress Web Developer - Modern Tech Stack Internship in Bangalore,The Signature Design Studio,"Bengaluru, Karnataka, India",None,None,None,2 weeks ago,None,internship,LinkedIn,https://in.linkedin.com/jobs/view/wordpress-web-developer-modern-tech-stack-internship-in-bangalore-at-the-signature-design-studio-4371224133?position=54&pageNum=0&refId=pzFjQXIZp%2FMSqE0jW8g6HQ%3D%3D&trackingId=kczDBIdtQJWhpW7Bwlc4GQ%3D%3D,2026-02-27 20:56:30,1ef00f24e26749af4c0c3a12bbca8de6,None
Business Development Intern,XTechOn,"Noida, Uttar Pradesh, India",None,None,None,11 hours ago,None,internship,LinkedIn,https://in.linkedin.com/jobs/view/business-development-intern-at-xtechon-4377651322?position=55&pageNum=0&refId=pzFjQXIZp%2FMSqE0jW8g6HQ%3D%3D&trackingId=ctbZ3p1zf4rEbOA4vLrdFQ%3D%3D,2026-02-27 20:56:30,a0098726743028a284a05bc616e3b764,None
Business Development & LinkedIn Intern,Slatebiz Softwares,"Delhi, India",None,None,None,6 hours ago,None,internship,LinkedIn,https://in.linkedin.com/jobs/view/business-development-linkedin-intern-at-slatebiz-softwares-4377682623?position=56&pageNum=0&refId=pzFjQXIZp%2FMSqE0jW8g6HQ%3D%3D&trackingId=laZewiiRZZIZ2aSF2BRENg%3D%3D,2026-02-27 20:56:30,ceef3d650a2fcd047ffa343b924e78d0,None
Sales And Marketing Intern,Code Brackets Software Solutions,"Durgapur, West Bengal, India",None,None,None,1 week ago,None,internship,LinkedIn,https://in.linkedin.com/jobs/view/sales-and-marketing-intern-at-code-brackets-software-solutions-4374384141?position=57&pageNum=0&refId=pzFjQXIZp%2FMSqE0jW8g6HQ%3D%3D&trackingId=y0ptexmP3TFxsRsSFcshCQ%3D%3D,2026-02-27 20:56:30,3e46aed93b113023e24666979a90c06b,None
Staff Data Scientist,Swiggy,"Bengaluru, Karnataka, India",None,None,None,3 days ago,None,internship,LinkedIn,https://in.linkedin.com/jobs/view/staff-data-scientist-at-swiggy-4376038634?position=1&pageNum=0&refId=k8V6CPO8ujCRmMKhGyjEJg%3D%3D&trackingId=YL0uBzCFg6EeWio3tBBxmw%3D%3D,2026-02-27 20:56:53,a1713e8493b8b32f06e86d8d8d8b8125,None
Software Engineering INTERN,Microsoft,"Bengaluru, Karnataka, India",None,None,None,1 day ago,None,internship,LinkedIn,https://in.linkedin.com/jobs/view/software-engineering-intern-at-microsoft-4378348348?position=2&pageNum=0&refId=k8V6CPO8ujCRmMKhGyjEJg%3D%3D&trackingId=mKpIAin07JLfqyLdsmGYPQ%3D%3D,2026-02-27 20:56:53,8f9b4e3426033f23595aa1c7e09cc5e0,None
Machine Learning Intern,Innovexis,Greater Kolkata Area,None,None,None,1 day ago,None,internship,LinkedIn,https://in.linkedin.com/jobs/view/machine-learning-intern-at-innovexis-4375534131?position=3&pageNum=0&refId=k8V6CPO8ujCRmMKhGyjEJg%3D%3D&trackingId=Apa3OYfueet%2FYqZekwi4yg%3D%3D,2026-02-27 20:56:53,3fcd97c02e4dee1257450587cb4edc2c,None
Software Engineering Explore Intern,Microsoft,India,None,None,None,2 days ago,None,internship,LinkedIn,https://in.linkedin.com/jobs/view/software-engineering-explore-intern-at-microsoft-4377825940?position=4&pageNum=0&refId=k8V6CPO8ujCRmMKhGyjEJg%3D%3D&trackingId=yOU4ArX0PLi%2B03LLpEvfGA%3D%3D,2026-02-27 20:56:53,9db0b3408b4416b2a4e724436f6a3eba,None
AI SDE Intern (Generative AI),Trovex.ai,India,None,None,None,11 hours ago,None,internship,LinkedIn,https://in.linkedin.com/jobs/view/ai-sde-intern-generative-ai-at-trovex-ai-4377648699?position=5&pageNum=0&refId=k8V6CPO8ujCRmMKhGyjEJg%3D%3D&trackingId=3kOvKiKVWrUdCAWrOV0jLQ%3D%3D,2026-02-27 20:56:53,492ecf768d0e971c97b12ddf1f3080ed,None
SDET Internship,FanCode,"Mumbai, Maharashtra, India",None,None,None,6 hours ago,None,internship,LinkedIn,https://in.linkedin.com/jobs/view/sdet-internship-at-fancode-4359585240?position=6&pageNum=0&refId=k8V6CPO8ujCRmMKhGyjEJg%3D%3D&trackingId=4LMtBkqrC0Zx7PMnsyytZw%3D%3D,2026-02-27 20:56:53,087ebd2906420358b462a1da159a4405,None
SDE Intern - RL Environments (Freelancer),Deccan AI Experts,India,None,None,None,4 days ago,None,internship,LinkedIn,https://in.linkedin.com/jobs/view/sde-intern-rl-environments-freelancer-at-deccan-ai-experts-4376550690?position=7&pageNum=0&refId=k8V6CPO8ujCRmMKhGyjEJg%3D%3D&trackingId=FJ6krHyNXLbAapppz7iKaQ%3D%3D,2026-02-27 20:56:53,bb29f18f4906883d82ceccab61828cb6,None
Data Scientist,Anko GCC,"Bengaluru, Karnataka, India",None,None,None,2 days ago,None,internship,LinkedIn,https://in.linkedin.com/jobs/view/data-scientist-at-anko-gcc-4376753073?position=8&pageNum=0&refId=k8V6CPO8ujCRmMKhGyjEJg%3D%3D&trackingId=s0TsMw55XEBqf9DOe8ue4A%3D%3D,2026-02-27 20:56:53,0b3fe3d991e59e33661edda0842625f9,None
Software Engineer Intern,Remotohire,"Pune District, Maharashtra, India",None,None,None,4 days ago,None,internship,LinkedIn,https://in.linkedin.com/jobs/view/software-engineer-intern-at-remotohire-4374282724?position=9&pageNum=0&refId=k8V6CPO8ujCRmMKhGyjEJg%3D%3D&trackingId=rnejqootDbJflGCoMjFsZw%3D%3D,2026-02-27 20:56:53,a937a464403ceea928a7f01b3f58fd5a,None
Machine Learning Intern,Zenithbyte,India,None,None,None,2 hours ago,None,internship,LinkedIn,https://in.linkedin.com/jobs/view/machine-learning-intern-at-zenithbyte-4377691897?position=10&pageNum=0&refId=k8V6CPO8ujCRmMKhGyjEJg%3D%3D&trackingId=zJi3plE%2FEmxfthLtB5ZW%2Fw%3D%3D,2026-02-27 20:56:53,626bc47cda449491433efc725a196e86,None
Intern- Machine Learning (Gen AI),Seagate Technology,"Pune Division, Maharashtra, India",None,None,None,2 days ago,None,internship,LinkedIn,https://in.linkedin.com/jobs/view/intern-machine-learning-gen-ai-at-seagate-technology-4374882935?position=11&pageNum=0&refId=k8V6CPO8ujCRmMKhGyjEJg%3D%3D&trackingId=n6wpWf2PjXCLpwtOWd88bQ%3D%3D,2026-02-27 20:56:53,4618972becfa877fb9bff5a3888ccefd,None
Machine Learning Intern (Paid),SportsBUZZ,India,None,None,None,2 hours ago,None,internship,LinkedIn,https://in.linkedin.com/jobs/view/machine-learning-intern-paid-at-sportsbuzz-4378783278?position=12&pageNum=0&refId=k8V6CPO8ujCRmMKhGyjEJg%3D%3D&trackingId=YGoDif2ZOkpJnHudBKjmgA%3D%3D,2026-02-27 20:56:53,2509384d75afd21dbf3c4636aa7c8a63,None
Machine Learning Intern,Inficore Soft,India,None,None,None,1 day ago,None,internship,LinkedIn,https://in.linkedin.com/jobs/view/machine-learning-intern-at-inficore-soft-4377220878?position=13&pageNum=0&refId=k8V6CPO8ujCRmMKhGyjEJg%3D%3D&trackingId=%2B2Jqb0ffE3BjVh6kZDt1bA%3D%3D,2026-02-27 20:56:53,d6e462679d8431f28c5bd77a96850edf,None
AI / Data Science Intern (Voice AI & Core Models),The Vertical AI,"Chennai, Tamil Nadu, India",None,None,None,2 weeks ago,None,internship,LinkedIn,https://in.linkedin.com/jobs/view/ai-data-science-intern-voice-ai-core-models-at-the-vertical-ai-4370001974?position=14&pageNum=0&refId=k8V6CPO8ujCRmMKhGyjEJg%3D%3D&trackingId=QIUBXgm7kpHXTvQQifmYgA%3D%3D,2026-02-27 20:56:53,6eef12cd4574ed456c6c396aeb18207e,None
SDE Intern (Founding Team) | AI x Interview Prep | Remote,Thita AI,"Bengaluru, Karnataka, India",None,None,None,1 week ago,None,internship,LinkedIn,https://in.linkedin.com/jobs/view/sde-intern-founding-team-ai-x-interview-prep-remote-at-thita-ai-4372842375?position=15&pageNum=0&refId=k8V6CPO8ujCRmMKhGyjEJg%3D%3D&trackingId=3BX61dUsm4wRxI1N8Zp%2BtQ%3D%3D,2026-02-27 20:56:53,0030c7e305672b28c7e9447fcc2e688b,None
Machine Learning Intern,Skillzenloop,India,None,None,None,21 hours ago,None,internship,LinkedIn,https://in.linkedin.com/jobs/view/machine-learning-intern-at-skillzenloop-4375550703?position=16&pageNum=0&refId=k8V6CPO8ujCRmMKhGyjEJg%3D%3D&trackingId=rjnVcAcCpdKK4YcA6Ae4LQ%3D%3D,2026-02-27 20:56:53,fa1ab51e483945545809bfe652824fa2,None
Software Engineer Internship in Noida,Bosscoder Academy,"Noida, Uttar Pradesh, India",None,None,None,1 day ago,None,internship,LinkedIn,https://in.linkedin.com/jobs/view/software-engineer-internship-in-noida-at-bosscoder-academy-4378044837?position=17&pageNum=0&refId=k8V6CPO8ujCRmMKhGyjEJg%3D%3D&trackingId=ZSrnrIXdgjt6Oo9jyj9QOw%3D%3D,2026-02-27 20:56:53,a4652c36bde20df7243b6d6a1e4b5b59,None
Software Engineer- Intern,Quest Global,"Bengaluru, Karnataka, India",None,None,None,2 days ago,None,internship,LinkedIn,https://in.linkedin.com/jobs/view/software-engineer-intern-at-quest-global-4376736200?position=18&pageNum=0&refId=k8V6CPO8ujCRmMKhGyjEJg%3D%3D&trackingId=pKn2UxSyhYGJFcnH%2FuJN6w%3D%3D,2026-02-27 20:56:53,ba9ea8a50f6ea9a4903418df1d864df5,None
Artificial Intelligence and Machine Learning Intern,Skillzenloop,India,None,None,None,21 hours ago,None,internship,LinkedIn,https://in.linkedin.com/jobs/view/artificial-intelligence-and-machine-learning-intern-at-skillzenloop-4375544865?position=19&pageNum=0&refId=k8V6CPO8ujCRmMKhGyjEJg%3D%3D&trackingId=eXR4VK0%2BCoaR5ahEAmwQsQ%3D%3D,2026-02-27 20:56:53,628945d47a22121508ccd36c7c330fbf,None
Software Engineer Intern,Growth Infi,"Mumbai, Maharashtra, India",None,None,None,17 hours ago,None,internship,LinkedIn,https://in.linkedin.com/jobs/view/software-engineer-intern-at-growth-infi-4375570647?position=20&pageNum=0&refId=k8V6CPO8ujCRmMKhGyjEJg%3D%3D&trackingId=%2BVQKFSMvDzXb1oHFcYsPOA%3D%3D,2026-02-27 20:56:53,19e4f2dba71a019070f684c3ebc0b58f,None
SDE Backend Intern,Upstox,Mumbai Metropolitan Region,None,None,None,1 week ago,None,internship,LinkedIn,https://in.linkedin.com/jobs/view/sde-backend-intern-at-upstox-4364764915?position=21&pageNum=0&refId=k8V6CPO8ujCRmMKhGyjEJg%3D%3D&trackingId=C7U6aRsl6y9Wn6XNCk51Fg%3D%3D,2026-02-27 20:56:53,b1c084f8ae9cf5aa2fc887fadddf86c3,None
Software Development Intern (Fully Remote),Virtual Internships,"Bengaluru, Karnataka, India",None,None,None,22 hours ago,None,internship,LinkedIn,https://in.linkedin.com/jobs/view/software-development-intern-fully-remote-at-virtual-internships-4378381638?position=22&pageNum=0&refId=k8V6CPO8ujCRmMKhGyjEJg%3D%3D&trackingId=fBaj2q9ot%2FhCPIOBvtSHuw%3D%3D,2026-02-27 20:56:53,5272585a13e5de135b0c5586f14ec3ea,None
Machine Learning Intern,Webs X UM,India,None,None,None,3 hours ago,None,internship,LinkedIn,https://in.linkedin.com/jobs/view/machine-learning-intern-at-webs-x-um-4378774418?position=23&pageNum=0&refId=k8V6CPO8ujCRmMKhGyjEJg%3D%3D&trackingId=4UmRVY4AzsyMNd1aVjB4xQ%3D%3D,2026-02-27 20:56:53,4a1e5233aa1b331b7515a1a394e77797,None
Software Engineer Intern - DevOps,Emmes,"Bengaluru, Karnataka, India",None,None,None,5 hours ago,None,internship,LinkedIn,https://in.linkedin.com/jobs/view/software-engineer-intern-devops-at-emmes-4377690375?position=24&pageNum=0&refId=k8V6CPO8ujCRmMKhGyjEJg%3D%3D&trackingId=gAd3UubaVZuHdOIp4Tj5UQ%3D%3D,2026-02-27 20:56:53,5adf766b999390fddd9dd6c70ff5de74,None
Machine Learning Intern,UM IT PRIVATE LIMITED,India,None,None,None,2 hours ago,None,internship,LinkedIn,https://in.linkedin.com/jobs/view/machine-learning-intern-at-um-it-private-limited-4378788180?position=25&pageNum=0&refId=k8V6CPO8ujCRmMKhGyjEJg%3D%3D&trackingId=0FefhIWmUI5IWHWbsYWawg%3D%3D,2026-02-27 20:56:53,3491fae42862954a29599f38ccec766d,None
SDE Intern - Backend & Frontend,Unosecur,"Bengaluru, Karnataka, India",None,None,None,10 hours ago,None,internship,LinkedIn,https://in.linkedin.com/jobs/view/sde-intern-backend-frontend-at-unosecur-4378706922?position=26&pageNum=0&refId=k8V6CPO8ujCRmMKhGyjEJg%3D%3D&trackingId=kk6In3MGK2yrj0wU2ZEqPw%3D%3D,2026-02-27 20:56:53,5b17e16d77fe186e4a68f22456be1408,None
Internship For Software Engineers - Freshers,Faveo,"Virajpet, Karnataka, India",None,None,None,1 month ago,None,internship,LinkedIn,https://in.linkedin.com/jobs/view/internship-for-software-engineers-freshers-at-faveo-4370792829?position=27&pageNum=0&refId=k8V6CPO8ujCRmMKhGyjEJg%3D%3D&trackingId=bJHef0c7Lc1WB1b5idxe4g%3D%3D,2026-02-27 20:56:53,18614865f311b3af7116bffae663021b,None
ServiceNow Developer Internship in Bhubaneswar,Thinkscaler Technologies,"Bhubaneswar, Odisha, India",None,None,None,1 week ago,None,internship,LinkedIn,https://in.linkedin.com/jobs/view/servicenow-developer-internship-in-bhubaneswar-at-thinkscaler-technologies-4373229958?position=28&pageNum=0&refId=k8V6CPO8ujCRmMKhGyjEJg%3D%3D&trackingId=aqTLMUPTW7SAZ0oUP5qrlg%3D%3D,2026-02-27 20:56:53,1901be98cbd148ef44c59e5dbd596669,None
Internship For Software Engineers - Freshers,Faveo,"Dharmapuri, Tamil Nadu, India",None,None,None,1 month ago,None,internship,LinkedIn,https://in.linkedin.com/jobs/view/internship-for-software-engineers-freshers-at-faveo-4371100501?position=29&pageNum=0&refId=k8V6CPO8ujCRmMKhGyjEJg%3D%3D&trackingId=Ktj%2BjNIwovcUSov4p5NisA%3D%3D,2026-02-27 20:56:53,afbd8bdfb4ce9ad8b33737a7c043c86a,None
Software Engineer Intern,123 of AI,India,None,None,None,3 weeks ago,None,internship,LinkedIn,https://in.linkedin.com/jobs/view/software-engineer-intern-at-123-of-ai-4368334387?position=30&pageNum=0&refId=k8V6CPO8ujCRmMKhGyjEJg%3D%3D&trackingId=AJN9A8K1k%2BBfaaRnDFQ3VA%3D%3D,2026-02-27 20:56:53,f52b1f05c82923bcbba0801337e420de,None
Machine Learning Intern,Core Materials,"Pilani, Rajasthan, India",None,None,None,13 minutes ago,None,internship,LinkedIn,https://in.linkedin.com/jobs/view/machine-learning-intern-at-core-materials-4377922422?position=31&pageNum=0&refId=k8V6CPO8ujCRmMKhGyjEJg%3D%3D&trackingId=amXcxyekEmQBoRhqhxjCPQ%3D%3D,2026-02-27 20:56:53,7bb482632181c0ebd95fbf9e47b3ea69,None
Software Engineer Intern,CausalFunnel,India,None,None,None,5 days ago,None,internship,LinkedIn,https://in.linkedin.com/jobs/view/software-engineer-intern-at-causalfunnel-4374944594?position=32&pageNum=0&refId=k8V6CPO8ujCRmMKhGyjEJg%3D%3D&trackingId=ElMTD024HtPeeB%2BEhSYdTg%3D%3D,2026-02-27 20:56:53,1cdf3e634aa84ae6f5eb5f7f362b05ac,None
Software Developer Intern,Meritshot,"Noida, Uttar Pradesh, India",None,None,None,4 days ago,None,internship,LinkedIn,https://in.linkedin.com/jobs/view/software-developer-intern-at-meritshot-4375347330?position=33&pageNum=0&refId=k8V6CPO8ujCRmMKhGyjEJg%3D%3D&trackingId=7QEurFPWUaj65o1rJvxkWw%3D%3D,2026-02-27 20:56:53,c9b8da8b2ec6bb02d18a76a2dbb73dec,None
Software Engineer Intern,Zorvyn,India,None,None,None,4 days ago,None,internship,LinkedIn,https://in.linkedin.com/jobs/view/software-engineer-intern-at-zorvyn-4374228355?position=34&pageNum=0&refId=k8V6CPO8ujCRmMKhGyjEJg%3D%3D&trackingId=vFaAGMrABkutaaQYnsfszw%3D%3D,2026-02-27 20:56:53,7d503b191ef54461c60a6e7456ad54d0,None
Internship For Software Engineers - Freshers,Faveo,"Jammu, Jammu & Kashmir, India",None,None,None,1 month ago,None,internship,LinkedIn,https://in.linkedin.com/jobs/view/internship-for-software-engineers-freshers-at-faveo-4371109092?position=35&pageNum=0&refId=k8V6CPO8ujCRmMKhGyjEJg%3D%3D&trackingId=WTpg5movhbEGUwkhht0wLg%3D%3D,2026-02-27 20:56:53,890342acfecaee9baaa4d43731e4198a,None
Software Engineer Intern,Vite Knowledge,"Delhi, India",None,None,None,21 hours ago,None,internship,LinkedIn,https://in.linkedin.com/jobs/view/software-engineer-intern-at-vite-knowledge-4371520188?position=36&pageNum=0&refId=k8V6CPO8ujCRmMKhGyjEJg%3D%3D&trackingId=ldDN3e8nFFvjl1wkwWY1iw%3D%3D,2026-02-27 20:56:53,13950645b185596873f284edec1042e0,None
"Software Engineering Intern - statue.dev, remote",Accretional,India,None,None,None,2 months ago,None,internship,LinkedIn,https://in.linkedin.com/jobs/view/software-engineering-intern-statue-dev-remote-at-accretional-4326511070?position=37&pageNum=0&refId=k8V6CPO8ujCRmMKhGyjEJg%3D%3D&trackingId=LnWKxmaFswQrzxpu0OpTIw%3D%3D,2026-02-27 20:56:53,0cbb8d31ea81b578c0c4deee5b6415ae,None
"Intern, Software Engineering",Lowe's India,"Bengaluru, Karnataka, India",None,None,None,2 weeks ago,None,internship,LinkedIn,https://in.linkedin.com/jobs/view/intern-software-engineering-at-lowe-s-india-4362540323?position=38&pageNum=0&refId=k8V6CPO8ujCRmMKhGyjEJg%3D%3D&trackingId=kPD7z%2FklduEoJ42EOaNiRA%3D%3D,2026-02-27 20:56:53,fcf11e99949403182b0693949c407ad3,None
Software Engineer Intern,Advertising Vehicles,India,None,None,None,3 weeks ago,None,internship,LinkedIn,https://in.linkedin.com/jobs/view/software-engineer-intern-at-advertising-vehicles-4368749833?position=39&pageNum=0&refId=k8V6CPO8ujCRmMKhGyjEJg%3D%3D&trackingId=1i5rqW7j9WdzD7Nt8goI2w%3D%3D,2026-02-27 20:56:53,2dd795c8096754f0b2769858af35c7a6,None
Software Development Engineering Intern,Island Computing Services,India,None,None,None,1 month ago,None,internship,LinkedIn,https://in.linkedin.com/jobs/view/software-development-engineering-intern-at-island-computing-services-4365939692?position=40&pageNum=0&refId=k8V6CPO8ujCRmMKhGyjEJg%3D%3D&trackingId=mCtIZy5Rgf%2B4ioBVlU6kug%3D%3D,2026-02-27 20:56:53,00d77bd2a6f843459d1739bfe4eef06b,None
Software Developer Intern,MEL Systems and Services Ltd.,"Chennai, Tamil Nadu, India",None,None,None,4 months ago,None,internship,LinkedIn,https://in.linkedin.com/jobs/view/software-developer-intern-at-mel-systems-and-services-ltd-4317770784?position=41&pageNum=0&refId=k8V6CPO8ujCRmMKhGyjEJg%3D%3D&trackingId=wUSGLK%2BSzaj7YWRu8hWfqw%3D%3D,2026-02-27 20:56:53,1c7956b92973b58eadb06444d71525fc,None
Trainee Software Engineer - MedInsight (Dev),Milliman,"Gurgaon, Haryana, India",None,None,None,2 weeks ago,None,internship,LinkedIn,https://in.linkedin.com/jobs/view/trainee-software-engineer-medinsight-dev-at-milliman-4363193484?position=42&pageNum=0&refId=k8V6CPO8ujCRmMKhGyjEJg%3D%3D&trackingId=7td4P%2BZC5m2z3vqH8kKKnA%3D%3D,2026-02-27 20:56:53,32c5a19bdbf65f61b16f34404658d2b2,None
Software Engineering Intern – Backend,Sense,"Bengaluru, Karnataka, India",None,None,None,1 month ago,None,internship,LinkedIn,https://in.linkedin.com/jobs/view/software-engineering-intern-%E2%80%93-backend-at-sense-4355337735?position=43&pageNum=0&refId=k8V6CPO8ujCRmMKhGyjEJg%3D%3D&trackingId=fp9QZ%2B8edXn%2Fd2VN%2FqYEqg%3D%3D,2026-02-27 20:56:53,200e610acbc718319349b8f515818705,None
Software Programmer - Trainees / Associates,Somnetics (Som Imaging Informatics Pvt. Ltd.),"Kolkata, West Bengal, India",None,None,None,1 year ago,None,internship,LinkedIn,https://in.linkedin.com/jobs/view/software-programmer-trainees-associates-at-somnetics-som-imaging-informatics-pvt-ltd-4124743260?position=44&pageNum=0&refId=k8V6CPO8ujCRmMKhGyjEJg%3D%3D&trackingId=WZmJMPUBmOsrUfJhglc0SA%3D%3D,2026-02-27 20:56:53,ea7efbef3f144fb760a13f7fb36230af,None
Software Engineer Intern,SwasthiQ,India,None,None,None,3 days ago,None,internship,LinkedIn,https://in.linkedin.com/jobs/view/software-engineer-intern-at-swasthiq-4374997295?position=45&pageNum=0&refId=k8V6CPO8ujCRmMKhGyjEJg%3D%3D&trackingId=K%2FQddN3cicnLkCSUBTmRmw%3D%3D,2026-02-27 20:56:53,944a2690e46a40aab69752bb875f8bc4,None
Trainee RWD Software Engineer,Gallagher,"Chandigarh, Chandigarh, India",None,None,None,1 week ago,None,internship,LinkedIn,https://in.linkedin.com/jobs/view/trainee-rwd-software-engineer-at-gallagher-4151673062?position=46&pageNum=0&refId=k8V6CPO8ujCRmMKhGyjEJg%3D%3D&trackingId=NuWfh7P0b%2B4iWuVZVYhYXw%3D%3D,2026-02-27 20:56:53,8ed10d830346162c4ed26a907da381ff,None
Trainee Software Engineer (Frontend) - MedInsight (Dev),Milliman,"Gurgaon, Haryana, India",None,None,None,2 weeks ago,None,internship,LinkedIn,https://in.linkedin.com/jobs/view/trainee-software-engineer-frontend-medinsight-dev-at-milliman-4363193486?position=47&pageNum=0&refId=k8V6CPO8ujCRmMKhGyjEJg%3D%3D&trackingId=i4EXpXHoX0%2FRFhNsDkvBsQ%3D%3D,2026-02-27 20:56:53,a9126d2fa24fb21f3b172682d864d119,None
"Software Engineer Intern, Android",Poshmark,"Chennai, Tamil Nadu, India",None,None,None,1 month ago,None,internship,LinkedIn,https://in.linkedin.com/jobs/view/software-engineer-intern-android-at-poshmark-4353928896?position=48&pageNum=0&refId=k8V6CPO8ujCRmMKhGyjEJg%3D%3D&trackingId=upWf94elKz4%2BGGIUCG0O%2FA%3D%3D,2026-02-27 20:56:53,5f82ffabe571cdd1c52f632dac144520,None
Software Engineer Trainee - PHP/MYSQL,Unibros Technologies,"Chennai, Tamil Nadu, India",None,None,None,4 months ago,None,internship,LinkedIn,https://in.linkedin.com/jobs/view/software-engineer-trainee-php-mysql-at-unibros-technologies-4306119418?position=49&pageNum=0&refId=k8V6CPO8ujCRmMKhGyjEJg%3D%3D&trackingId=enjzMzDcy8atTNLavYBQtg%3D%3D,2026-02-27 20:56:53,1ef45a755a88fb07a594245797db5785,None
Backend Software Development Intern,NikahForever,"Delhi, India",None,None,None,2 weeks ago,None,internship,LinkedIn,https://in.linkedin.com/jobs/view/backend-software-development-intern-at-nikahforever-4371752655?position=50&pageNum=0&refId=k8V6CPO8ujCRmMKhGyjEJg%3D%3D&trackingId=1EGnYGeNWBeo%2FMTcMK0%2BoQ%3D%3D,2026-02-27 20:56:53,098888c16eda438620709bc5b1b4e990,None
#2025-D-0052 Software Developer Intern,INVIDI Technologies Corporation,"Chennai, Tamil Nadu, India",None,None,None,5 months ago,None,internship,LinkedIn,https://in.linkedin.com/jobs/view/%232025-d-0052-software-developer-intern-at-invidi-technologies-corporation-4294065261?position=51&pageNum=0&refId=k8V6CPO8ujCRmMKhGyjEJg%3D%3D&trackingId=T6J8un676Z2lMc8e6CInww%3D%3D,2026-02-27 20:56:53,af29799c661a24e6b9d760c9bc0917dd,None
Digital Marketing Intern,Corpnce Technologies,"Bengaluru South, Karnataka, India",None,None,None,6 hours ago,None,internship,LinkedIn,https://in.linkedin.com/jobs/view/digital-marketing-intern-at-corpnce-technologies-4377690106?position=52&pageNum=0&refId=k8V6CPO8ujCRmMKhGyjEJg%3D%3D&trackingId=eMkp0khYcY6lxxhDIJL%2Btg%3D%3D,2026-02-27 20:56:53,529dc1d48b384aecdbe979596971eba7,None
Data Scientist,Deloitte,"Bengaluru, Karnataka, India",None,None,None,3 weeks ago,None,internship,LinkedIn,https://in.linkedin.com/jobs/view/data-scientist-at-deloitte-4358071311?position=53&pageNum=0&refId=k8V6CPO8ujCRmMKhGyjEJg%3D%3D&trackingId=HVVl9Tl66TstgdFNDvuuQA%3D%3D,2026-02-27 20:56:53,e52a4b9724d769e5bc8bad9ee05235df,None
Data Scientist,Deloitte,"Bengaluru, Karnataka, India",None,None,None,3 weeks ago,None,internship,LinkedIn,https://in.linkedin.com/jobs/view/data-scientist-at-deloitte-4358851477?position=54&pageNum=0&refId=k8V6CPO8ujCRmMKhGyjEJg%3D%3D&trackingId=bo5tf5PGN3KQZtkt2R40jQ%3D%3D,2026-02-27 20:56:53,7fa043c17fbabade69594d911d378432,None
Data Science INTERN,Microsoft,"Bengaluru, Karnataka, India",None,None,None,1 week ago,None,internship,LinkedIn,https://in.linkedin.com/jobs/view/data-science-intern-at-microsoft-4358386656?position=55&pageNum=0&refId=k8V6CPO8ujCRmMKhGyjEJg%3D%3D&trackingId=Yw8quBY0L17mHw4GPTmDaQ%3D%3D,2026-02-27 20:56:53,d49a4d0935c326e7ab19fed3e6b5f761,None
Data Scientist,Tesco Bengaluru,"Bengaluru, Karnataka, India",None,None,None,3 days ago,None,internship,LinkedIn,https://in.linkedin.com/jobs/view/data-scientist-at-tesco-bengaluru-4375717745?position=56&pageNum=0&refId=k8V6CPO8ujCRmMKhGyjEJg%3D%3D&trackingId=HsJqPOMwgW7LIEa0ILqvtA%3D%3D,2026-02-27 20:56:53,5872e4fd3a3ba731cb1e679c4b6edcbf,None
Data Scientist,Jio,"Navi Mumbai, Maharashtra, India",None,None,None,4 weeks ago,None,internship,LinkedIn,https://in.linkedin.com/jobs/view/data-scientist-at-jio-4366817274?position=57&pageNum=0&refId=k8V6CPO8ujCRmMKhGyjEJg%3D%3D&trackingId=cWdE%2F2hb%2Bken%2BIKtpjLK7w%3D%3D,2026-02-27 20:56:53,b65820f8405d57e5e3e52200a0fabd04,None
Data Scientist,Tesco Technology,"Bengaluru, Karnataka, India",None,None,None,3 days ago,None,internship,LinkedIn,https://in.linkedin.com/jobs/view/data-scientist-at-tesco-technology-4375716847?position=58&pageNum=0&refId=k8V6CPO8ujCRmMKhGyjEJg%3D%3D&trackingId=V%2B%2BBmewyo%2B6AD3JZarUf5Q%3D%3D,2026-02-27 20:56:53,ca70e225aca79504a8e0bd76b3b29280,None
Data Scientist,HDFC Bank,"Mumbai, Maharashtra, India",None,None,None,3 weeks ago,None,internship,LinkedIn,https://in.linkedin.com/jobs/view/data-scientist-at-hdfc-bank-4356982282?position=59&pageNum=0&refId=k8V6CPO8ujCRmMKhGyjEJg%3D%3D&trackingId=qnsso7H2Rt8ZZeUs41gbMA%3D%3D,2026-02-27 20:56:53,d6e01ecf8f2367bd75f19475f94ffc57,None
Data Science INTERN,Microsoft,"Bengaluru, Karnataka, India",None,None,None,1 week ago,None,internship,LinkedIn,https://in.linkedin.com/jobs/view/data-science-intern-at-microsoft-4358386656?position=1&pageNum=0&refId=UI1VDINtxhv7ObX1%2B9JqPA%3D%3D&trackingId=g4HIJHbNMDdRQDrXBQPsZA%3D%3D,2026-02-27 20:57:15,579e184d82e94a44c975b517063b887b,None
"Artificial Intelligence (AI) Internship in Thane, Mumbai",OneRoof Technologies,Mumbai Metropolitan Region,None,None,None,2 weeks ago,None,internship,LinkedIn,https://in.linkedin.com/jobs/view/artificial-intelligence-ai-internship-in-thane-mumbai-at-oneroof-technologies-4371646253?position=2&pageNum=0&refId=UI1VDINtxhv7ObX1%2B9JqPA%3D%3D&trackingId=a0rx%2FursLp%2B6ENiKGV52eg%3D%3D,2026-02-27 20:57:15,e79838d2769c2768713ee8a2290e5b9a,None
"Artificial Intelligence (AI) Internship in Thane, Mumbai",OneRoof Technologies,"Thane, Maharashtra, India",None,None,None,2 weeks ago,None,internship,LinkedIn,https://in.linkedin.com/jobs/view/artificial-intelligence-ai-internship-in-thane-mumbai-at-oneroof-technologies-4371629531?position=3&pageNum=0&refId=UI1VDINtxhv7ObX1%2B9JqPA%3D%3D&trackingId=LJ2Eq4%2BGfQ1TJJoVomQYvg%3D%3D,2026-02-27 20:57:15,cb5b54546c8baf18b5551d070b5a4445,None
Artificial Intelligence (AI) Internship in Pune,Ideas To Impacts,"Pune Division, Maharashtra, India",None,None,None,1 week ago,None,internship,LinkedIn,https://in.linkedin.com/jobs/view/artificial-intelligence-ai-internship-in-pune-at-ideas-to-impacts-4373882332?position=4&pageNum=0&refId=UI1VDINtxhv7ObX1%2B9JqPA%3D%3D&trackingId=jq0NXUWrbSMwEexnWXKoKg%3D%3D,2026-02-27 20:57:15,541b048dca083eee4a36d4fc32d5908d,None
AI / ML Intern,Oneture Technologies,Mumbai Metropolitan Region,None,None,None,3 months ago,None,internship,LinkedIn,https://in.linkedin.com/jobs/view/ai-ml-intern-at-oneture-technologies-4339436171?position=5&pageNum=0&refId=UI1VDINtxhv7ObX1%2B9JqPA%3D%3D&trackingId=On7lixwSDRYK7nP1aTQhgw%3D%3D,2026-02-27 20:57:15,cd255f2561ce2c05b77cba480ca62aa6,None
Artificial Intelligence (AI) Internship in Pune,UrbanRoof Pvt. Ltd.,"Pune Division, Maharashtra, India",None,None,None,2 weeks ago,None,internship,LinkedIn,https://in.linkedin.com/jobs/view/artificial-intelligence-ai-internship-in-pune-at-urbanroof-pvt-ltd-4371636417?position=6&pageNum=0&refId=UI1VDINtxhv7ObX1%2B9JqPA%3D%3D&trackingId=tOYBrlwyfHs9Ifbj0hLXmQ%3D%3D,2026-02-27 20:57:15,f10371ea69fa25fd89c6a6649c09a590,None
AI ML Intern,BlitzenX,"Hyderabad, Telangana, India",None,None,None,8 months ago,None,internship,LinkedIn,https://in.linkedin.com/jobs/view/ai-ml-intern-at-blitzenx-4260593901?position=7&pageNum=0&refId=UI1VDINtxhv7ObX1%2B9JqPA%3D%3D&trackingId=AauOMmP3JARDvn3tM6XNgQ%3D%3D,2026-02-27 20:57:15,df306f48ac3d5d84d33e6a808b4d33b8,None
Artificial Intelligence (AI) Internship in Delhi,Unimonks,"Delhi, India",None,None,None,3 weeks ago,None,internship,LinkedIn,https://in.linkedin.com/jobs/view/artificial-intelligence-ai-internship-in-delhi-at-unimonks-4369719089?position=8&pageNum=0&refId=UI1VDINtxhv7ObX1%2B9JqPA%3D%3D&trackingId=MntXt0ihCwffcntAlhrmNg%3D%3D,2026-02-27 20:57:15,e90eb34a0286406257b9347cc8efe2fd,None
Artificial Intelligence (AI) Internship in Mumbai,TAXOSMART,Mumbai Metropolitan Region,None,None,None,4 weeks ago,None,internship,LinkedIn,https://in.linkedin.com/jobs/view/artificial-intelligence-ai-internship-in-mumbai-at-taxosmart-4367345724?position=9&pageNum=0&refId=UI1VDINtxhv7ObX1%2B9JqPA%3D%3D&trackingId=ZwVKoKs%2BIPHENzREa19yhA%3D%3D,2026-02-27 20:57:15,8c9e6c03865e12cf9e66d6bd12954636,None
Research Sciences INTERN,Microsoft,"Bengaluru, Karnataka, India",None,None,None,1 week ago,None,internship,LinkedIn,https://in.linkedin.com/jobs/view/research-sciences-intern-at-microsoft-4354686558?position=10&pageNum=0&refId=UI1VDINtxhv7ObX1%2B9JqPA%3D%3D&trackingId=5Qu1DvrLvuRYPZzHWapL7g%3D%3D,2026-02-27 20:57:15,b49fd936795cf15cf6c67de4f6d61ac3,None
Software Engineering INTERN,Microsoft,"Bengaluru, Karnataka, India",None,None,None,1 day ago,None,internship,LinkedIn,https://in.linkedin.com/jobs/view/software-engineering-intern-at-microsoft-4378348348?position=11&pageNum=0&refId=UI1VDINtxhv7ObX1%2B9JqPA%3D%3D&trackingId=cwf2VRhksbe3CqtRXhpR8w%3D%3D,2026-02-27 20:57:15,a3f42743f0e66ec19cf282233c4e2eb9,None
"Data Science Intern (Python, SQL, Pandas)",ArGo Intern,India,None,None,None,7 hours ago,None,internship,LinkedIn,https://in.linkedin.com/jobs/view/data-science-intern-python-sql-pandas-at-argo-intern-4377668575?position=12&pageNum=0&refId=UI1VDINtxhv7ObX1%2B9JqPA%3D%3D&trackingId=bJPA2Umjp%2FFjtUl5isyqXw%3D%3D,2026-02-27 20:57:15,c9d14a32b36e31fe226f94c179d20be6,None
Python AI/ML Intern,Solvative,"Ahmedabad, Gujarat, India",None,None,None,4 weeks ago,None,internship,LinkedIn,https://in.linkedin.com/jobs/view/python-ai-ml-intern-at-solvative-4376809003?position=13&pageNum=0&refId=UI1VDINtxhv7ObX1%2B9JqPA%3D%3D&trackingId=xC5p9UBA%2FLqNWQq6CvOLmw%3D%3D,2026-02-27 20:57:15,c5bc448fd8c6b92e2a3832dad3727390,None
AI/ML Intern,Extension Technologies,"Faridabad, Haryana, India",None,None,None,1 year ago,None,internship,LinkedIn,https://in.linkedin.com/jobs/view/ai-ml-intern-at-extension-technologies-4142490779?position=14&pageNum=0&refId=UI1VDINtxhv7ObX1%2B9JqPA%3D%3D&trackingId=tfstIFjOMnKzxBRLUkpoAg%3D%3D,2026-02-27 20:57:15,1a74b1f0a83f2d5376d3f78be3c7197b,None
AI SDE Intern (Generative AI),Trovex.ai,India,None,None,None,11 hours ago,None,internship,LinkedIn,https://in.linkedin.com/jobs/view/ai-sde-intern-generative-ai-at-trovex-ai-4377648699?position=15&pageNum=0&refId=UI1VDINtxhv7ObX1%2B9JqPA%3D%3D&trackingId=kZ71GrXFns6N0xknVbBGKw%3D%3D,2026-02-27 20:57:15,7f2c0dcefdf790be30cfc6662263d1b6,None
"Data Science Intern (Python, SQL, Pandas)",Wake Up Whistle,India,None,None,None,2 days ago,None,internship,LinkedIn,https://in.linkedin.com/jobs/view/data-science-intern-python-sql-pandas-at-wake-up-whistle-4376443261?position=16&pageNum=0&refId=UI1VDINtxhv7ObX1%2B9JqPA%3D%3D&trackingId=0gQrIrOxp%2Bor3EZ6OIbBUQ%3D%3D,2026-02-27 20:57:15,31903cc717cbda83a30b5e9164d469d8,None
Machine Learning Intern,Innovexis,Greater Kolkata Area,None,None,None,1 day ago,None,internship,LinkedIn,https://in.linkedin.com/jobs/view/machine-learning-intern-at-innovexis-4375534131?position=17&pageNum=0&refId=UI1VDINtxhv7ObX1%2B9JqPA%3D%3D&trackingId=przkYBAr8INIs4GtNZkY%2Bw%3D%3D,2026-02-27 20:57:15,3603a81356c331f231ee44b1c6087306,None
AI/ML and Python Development Intern,Zobyt,India,None,None,None,3 days ago,None,internship,LinkedIn,https://in.linkedin.com/jobs/view/ai-ml-and-python-development-intern-at-zobyt-4375739498?position=18&pageNum=0&refId=UI1VDINtxhv7ObX1%2B9JqPA%3D%3D&trackingId=avdvBXOmFvwDvJWlbKsvgw%3D%3D,2026-02-27 20:57:15,b3aa32f8a6911b91dceb17b6d1ad0b4c,None
Artificial Intelligence (AI) Internship in Delhi (Hybrid),Arbro Pharmaceuticals Private Ltd.,"Delhi, India",None,None,None,3 weeks ago,None,internship,LinkedIn,https://in.linkedin.com/jobs/view/artificial-intelligence-ai-internship-in-delhi-hybrid-at-arbro-pharmaceuticals-private-ltd-4368871520?position=19&pageNum=0&refId=UI1VDINtxhv7ObX1%2B9JqPA%3D%3D&trackingId=uzaxbYj7H0TU%2BQyFxwTBKA%3D%3D,2026-02-27 20:57:15,b165ec6454b21ba704d2651bc9abd944,None
Data Science Curriculum Intern,SkilloVilla,"Bengaluru, Karnataka, India",None,None,None,1 week ago,None,internship,LinkedIn,https://in.linkedin.com/jobs/view/data-science-curriculum-intern-at-skillovilla-4374030253?position=20&pageNum=0&refId=UI1VDINtxhv7ObX1%2B9JqPA%3D%3D&trackingId=lZnZTeVMagXmw5s%2Fb27xfA%3D%3D,2026-02-27 20:57:15,a4b2b87713f99197b98f0ad59f3f37ac,None
Intern- Machine Learning (Gen AI),Seagate Technology,"Pune Division, Maharashtra, India",None,None,None,2 days ago,None,internship,LinkedIn,https://in.linkedin.com/jobs/view/intern-machine-learning-gen-ai-at-seagate-technology-4374882935?position=21&pageNum=0&refId=UI1VDINtxhv7ObX1%2B9JqPA%3D%3D&trackingId=ewcak%2FboW5P72O6ik6fxFg%3D%3D,2026-02-27 20:57:15,0f8cd6f6412735c6196864857b6f1192,None
Machine Learning (ML) Engineer Intern - (Paid - India/Remote),Peakflo (YC W22),India,None,None,None,2 weeks ago,None,internship,LinkedIn,https://in.linkedin.com/jobs/view/machine-learning-ml-engineer-intern-paid-india-remote-at-peakflo-yc-w22-4371133861?position=22&pageNum=0&refId=UI1VDINtxhv7ObX1%2B9JqPA%3D%3D&trackingId=DLcz2cBePI2Pl6qkzOWWng%3D%3D,2026-02-27 20:57:15,a5999f9b786b31724170982ff2e28495,None
AI Intern - Pune,FoodMe Global / Dine Palace,"Pune Division, Maharashtra, India",None,None,None,2 weeks ago,None,internship,LinkedIn,https://in.linkedin.com/jobs/view/ai-intern-pune-at-foodme-global-dine-palace-4370599850?position=23&pageNum=0&refId=UI1VDINtxhv7ObX1%2B9JqPA%3D%3D&trackingId=k0EXNA9PQbvw7MaqxcLmuw%3D%3D,2026-02-27 20:57:15,475b683b9fb04b6cfe9e15c37ac3da4e,None
AI Developer - Intern,Quest Global,"Bengaluru, Karnataka, India",None,None,None,1 week ago,None,internship,LinkedIn,https://in.linkedin.com/jobs/view/ai-developer-intern-at-quest-global-4372398095?position=24&pageNum=0&refId=UI1VDINtxhv7ObX1%2B9JqPA%3D%3D&trackingId=Cl7woJod0mKkRMfpMqNACg%3D%3D,2026-02-27 20:57:15,fcc507db7a0072cc67b33aed0531a39f,None
AI Engineer/AI Chatbot Developer Internship in Nagpur,FinVise AI Tech pvt ltd,"Nagpur, Maharashtra, India",None,None,None,2 weeks ago,None,internship,LinkedIn,https://in.linkedin.com/jobs/view/ai-engineer-ai-chatbot-developer-internship-in-nagpur-at-finvise-ai-tech-pvt-ltd-4370875957?position=25&pageNum=0&refId=UI1VDINtxhv7ObX1%2B9JqPA%3D%3D&trackingId=wx97Dq3xmPvN2LgppPX%2Fdg%3D%3D,2026-02-27 20:57:15,e079cb598d2ee485924ff968b948d9d1,None
AI Interns,Fireblaze AI School,"Nagpur, Maharashtra, India",None,None,None,7 months ago,None,internship,LinkedIn,https://in.linkedin.com/jobs/view/ai-interns-at-fireblaze-ai-school-4259986069?position=26&pageNum=0&refId=UI1VDINtxhv7ObX1%2B9JqPA%3D%3D&trackingId=YO9Ec5tMfTisL1F5XSXq0w%3D%3D,2026-02-27 20:57:15,54c3291fe09ffc623422f1f47754f068,None
Data Scientist Intern,Infrabyte Consulting,India,None,None,None,1 day ago,None,internship,LinkedIn,https://in.linkedin.com/jobs/view/data-scientist-intern-at-infrabyte-consulting-4378317323?position=27&pageNum=0&refId=UI1VDINtxhv7ObX1%2B9JqPA%3D%3D&trackingId=e7F2z4GKn7ILGlJLl16nKg%3D%3D,2026-02-27 20:57:15,33dbe7231a380b5dc0e793dcea75c952,None
AI Research Internship,Lexsi Labs,Mumbai Metropolitan Region,None,None,None,1 week ago,None,internship,LinkedIn,https://in.linkedin.com/jobs/view/ai-research-internship-at-lexsi-labs-4373865556?position=28&pageNum=0&refId=UI1VDINtxhv7ObX1%2B9JqPA%3D%3D&trackingId=XAeIYD%2FeMaFb3m2tlUNjsg%3D%3D,2026-02-27 20:57:15,22aa4740b5b452e480cc133241bccadd,None
Data Science & AI Intern,SourcingXPress,"Mumbai, Maharashtra, India",None,None,None,5 months ago,None,internship,LinkedIn,https://in.linkedin.com/jobs/view/data-science-ai-intern-at-sourcingxpress-4305239391?position=29&pageNum=0&refId=UI1VDINtxhv7ObX1%2B9JqPA%3D%3D&trackingId=YlDM%2BoKPENEN4fzZmywE%2Fw%3D%3D,2026-02-27 20:57:15,89bbb541d2a1e7225a2d2a3489358a91,None
Analytics/AI Engineer Intern,Discover Dollar Inc,"Bengaluru East, Karnataka, India",None,None,None,8 months ago,None,internship,LinkedIn,https://in.linkedin.com/jobs/view/analytics-ai-engineer-intern-at-discover-dollar-inc-4258680566?position=30&pageNum=0&refId=UI1VDINtxhv7ObX1%2B9JqPA%3D%3D&trackingId=Gzx8T7noLgXB4x33LXAa9w%3D%3D,2026-02-27 20:57:15,4b498dd7625a9696dfd59a7c719ca8b4,None
Data Science Intern,Dexter's Tech,India,None,None,None,3 hours ago,None,internship,LinkedIn,https://in.linkedin.com/jobs/view/data-science-intern-at-dexter-s-tech-4377689924?position=31&pageNum=0&refId=UI1VDINtxhv7ObX1%2B9JqPA%3D%3D&trackingId=5rymTQUUHcqcpHIO7QAFnw%3D%3D,2026-02-27 20:57:15,615bdda55677ef691dae63382e43ceae,None
Machine Learning Intern,Zenithbyte,India,None,None,None,2 hours ago,None,internship,LinkedIn,https://in.linkedin.com/jobs/view/machine-learning-intern-at-zenithbyte-4377691897?position=32&pageNum=0&refId=UI1VDINtxhv7ObX1%2B9JqPA%3D%3D&trackingId=G7y0vCyRCUbCcoyE8aEhXQ%3D%3D,2026-02-27 20:57:15,8dfe724423810dc7b856bd5a869ec697,None
Software Engineering Explore Intern,Microsoft,India,None,None,None,2 days ago,None,internship,LinkedIn,https://in.linkedin.com/jobs/view/software-engineering-explore-intern-at-microsoft-4377825940?position=33&pageNum=0&refId=UI1VDINtxhv7ObX1%2B9JqPA%3D%3D&trackingId=niEYCWsqW0gd7ieTpn8QgQ%3D%3D,2026-02-27 20:57:15,43aa0f94143c6c5a9ff4f286c2a2b4d5,None
Machine Learning Intern,Inficore Soft,India,None,None,None,1 day ago,None,internship,LinkedIn,https://in.linkedin.com/jobs/view/machine-learning-intern-at-inficore-soft-4377220878?position=34&pageNum=0&refId=UI1VDINtxhv7ObX1%2B9JqPA%3D%3D&trackingId=EeY6mfRoTm9sj1MKxwSpgA%3D%3D,2026-02-27 20:57:15,b4f1cc9298efc7b9dc068637cc10949a,None
SDE Intern,Expound Technivo,"Mumbai, Maharashtra, India",None,None,None,1 year ago,None,internship,LinkedIn,https://in.linkedin.com/jobs/view/sde-intern-at-expound-technivo-4139841162?position=35&pageNum=0&refId=UI1VDINtxhv7ObX1%2B9JqPA%3D%3D&trackingId=yWBW9Gf5kvykFNag0YEtmg%3D%3D,2026-02-27 20:57:15,814df84bc8e41d4287e8145edfd8ed3a,None
Artificial Intelligence Intern,Barcode Entertainment : Strategic Brand Solutions,"Mumbai, Maharashtra, India",None,None,None,9 hours ago,None,internship,LinkedIn,https://in.linkedin.com/jobs/view/artificial-intelligence-intern-at-barcode-entertainment-strategic-brand-solutions-4375915311?position=36&pageNum=0&refId=UI1VDINtxhv7ObX1%2B9JqPA%3D%3D&trackingId=2VKIAhyD25F87jU1m%2B3Pwg%3D%3D,2026-02-27 20:57:15,e4332901260bf1b4848ba380632436f6,None
AI engineer Intern,Wisdom Tree,"Gurugram, Haryana, India",None,None,None,1 day ago,None,internship,LinkedIn,https://in.linkedin.com/jobs/view/ai-engineer-intern-at-wisdom-tree-4370636542?position=37&pageNum=0&refId=UI1VDINtxhv7ObX1%2B9JqPA%3D%3D&trackingId=kgdbjC0CtyLUE0qQS6bMpg%3D%3D,2026-02-27 20:57:15,5c981243382dffedb9c6909811b12bc5,None
Artificial Intelligence (AI) Internship in Mumbai,Velcord Textiles Pvt. Ltd.,Mumbai Metropolitan Region,None,None,None,1 week ago,None,internship,LinkedIn,https://in.linkedin.com/jobs/view/artificial-intelligence-ai-internship-in-mumbai-at-velcord-textiles-pvt-ltd-4375060589?position=38&pageNum=0&refId=UI1VDINtxhv7ObX1%2B9JqPA%3D%3D&trackingId=HUSW4A2ar9%2B6MGUT8CzfMw%3D%3D,2026-02-27 20:57:15,2df2e5e937bb0a015ed4064074882ee5,None
"Data Science Intern (Python, SQL, Pandas)",SkillFied Mentor,India,None,None,None,10 hours ago,None,internship,LinkedIn,https://in.linkedin.com/jobs/view/data-science-intern-python-sql-pandas-at-skillfied-mentor-4378715412?position=39&pageNum=0&refId=UI1VDINtxhv7ObX1%2B9JqPA%3D%3D&trackingId=YdG0N540I%2BZV0TV2vO%2FI%2FQ%3D%3D,2026-02-27 20:57:15,d3585b0673eb705d2f941edba2b0e84d,None
Machine Learning Intern,Skillzenloop,India,None,None,None,21 hours ago,None,internship,LinkedIn,https://in.linkedin.com/jobs/view/machine-learning-intern-at-skillzenloop-4375550703?position=40&pageNum=0&refId=UI1VDINtxhv7ObX1%2B9JqPA%3D%3D&trackingId=trqAhH%2Fi0%2Fq%2BmWHAA0cB6g%3D%3D,2026-02-27 20:57:15,18e383b0a6938cc410aef0664e17fd51,None
Software Engineer- Intern,Quest Global,"Bengaluru, Karnataka, India",None,None,None,2 days ago,None,internship,LinkedIn,https://in.linkedin.com/jobs/view/software-engineer-intern-at-quest-global-4376736200?position=41&pageNum=0&refId=UI1VDINtxhv7ObX1%2B9JqPA%3D%3D&trackingId=zD5xBbtdlU2MSWiaru96Wg%3D%3D,2026-02-27 20:57:15,2ae65f42e7a153690beb096ccd851477,None
Artificial Intelligence Intern,Infrabyte Consulting,India,None,None,None,3 days ago,None,internship,LinkedIn,https://in.linkedin.com/jobs/view/artificial-intelligence-intern-at-infrabyte-consulting-4377141305?position=42&pageNum=0&refId=UI1VDINtxhv7ObX1%2B9JqPA%3D%3D&trackingId=HbtPLZHdBZqbFwgSPYZeTA%3D%3D,2026-02-27 20:57:15,ec4879e8363862ce7d57a462ab877858,None
AI Intern (Artificial Intelligence,Om Ak Solutions,"Safipur, Uttar Pradesh, India",None,None,None,1 month ago,None,internship,LinkedIn,https://in.linkedin.com/jobs/view/ai-intern-artificial-intelligence-at-om-ak-solutions-4366466818?position=43&pageNum=0&refId=UI1VDINtxhv7ObX1%2B9JqPA%3D%3D&trackingId=hZugpJdtdmqMIWhMfsyTaw%3D%3D,2026-02-27 20:57:15,35843333679fb0d2a375bbcfc6be39f1,None
Computer Vision Intern,Adagrad AI,"Pune Division, Maharashtra, India",None,None,None,1 month ago,None,internship,LinkedIn,https://in.linkedin.com/jobs/view/computer-vision-intern-at-adagrad-ai-4361982036?position=44&pageNum=0&refId=UI1VDINtxhv7ObX1%2B9JqPA%3D%3D&trackingId=0kdeY%2FGn%2Bau7lJClGBGzpQ%3D%3D,2026-02-27 20:57:15,a1429882a223c6378791b9384ca949fd,None
Artificial Intelligence and Machine Learning Intern,Skillzenloop,India,None,None,None,21 hours ago,None,internship,LinkedIn,https://in.linkedin.com/jobs/view/artificial-intelligence-and-machine-learning-intern-at-skillzenloop-4375544865?position=45&pageNum=0&refId=UI1VDINtxhv7ObX1%2B9JqPA%3D%3D&trackingId=EB%2Fq%2B8ysSZFm%2BUsxetCZcQ%3D%3D,2026-02-27 20:57:15,6221dbc7c869e3c615939baa2e6aacd6,None
AI/ML INTERNSHIP,QHT Clinic,"Haridwar, Uttarakhand, India",None,None,None,2 weeks ago,None,internship,LinkedIn,https://in.linkedin.com/jobs/view/ai-ml-internship-at-qht-clinic-4370236990?position=46&pageNum=0&refId=UI1VDINtxhv7ObX1%2B9JqPA%3D%3D&trackingId=BDTSlIG0Ped2LSK1VsTWzQ%3D%3D,2026-02-27 20:57:15,f2f03047ed4cfb296784b875fd1f158c,None
Machine Learning Engineer Master's (Intern)- India Engineering/ Splunk / UHR,Cisco,"Hyderabad, Telangana, India",None,None,None,1 week ago,None,internship,LinkedIn,https://in.linkedin.com/jobs/view/machine-learning-engineer-master-s-intern-india-engineering-splunk-uhr-at-cisco-4365685012?position=47&pageNum=0&refId=UI1VDINtxhv7ObX1%2B9JqPA%3D%3D&trackingId=wQM0ltws9CEuaecvYI%2FcGQ%3D%3D,2026-02-27 20:57:15,81fa7683a303478efea6bd7c3b753d83,None
Python Developer Intern,CODEXINTERN,India,None,None,None,1 week ago,None,internship,LinkedIn,https://in.linkedin.com/jobs/view/python-developer-intern-at-codexintern-4373122352?position=48&pageNum=0&refId=UI1VDINtxhv7ObX1%2B9JqPA%3D%3D&trackingId=kIldbG7RV49cUwc4ujjiQA%3D%3D,2026-02-27 20:57:15,ffb10cf8d75a8bfb7986897a85202ae5,None
Artificial Intelligence Intern,Inficore Soft,India,None,None,None,1 day ago,None,internship,LinkedIn,https://in.linkedin.com/jobs/view/artificial-intelligence-intern-at-inficore-soft-4377216758?position=49&pageNum=0&refId=UI1VDINtxhv7ObX1%2B9JqPA%3D%3D&trackingId=U8J3ZqYwjVOnNXpd8O664Q%3D%3D,2026-02-27 20:57:15,3001309c19ab1558177c02eefc306b7b,None
Software Engineering Intern - Robotics,Blaize,"Hyderabad, Telangana, India",None,None,None,1 month ago,None,internship,LinkedIn,https://in.linkedin.com/jobs/view/software-engineering-intern-robotics-at-blaize-4362965394?position=50&pageNum=0&refId=UI1VDINtxhv7ObX1%2B9JqPA%3D%3D&trackingId=FqXVn4fGTbvvv6IXaXbxCA%3D%3D,2026-02-27 20:57:15,8675cda5e93bb64acfbbbd18dfdb6d74,None
AI Research Internship,Lexsi Labs,India,None,None,None,4 weeks ago,None,internship,LinkedIn,https://in.linkedin.com/jobs/view/ai-research-internship-at-lexsi-labs-4366764808?position=51&pageNum=0&refId=UI1VDINtxhv7ObX1%2B9JqPA%3D%3D&trackingId=K%2B7i9%2FIax51hhcBmw9BHfA%3D%3D,2026-02-27 20:57:15,4ef61c6c3f2bf0609bc7d66057aacba5,None
AI - Product Engineering Internship in Mumbai,Sectona,Mumbai Metropolitan Region,None,None,None,3 weeks ago,None,internship,LinkedIn,https://in.linkedin.com/jobs/view/ai-product-engineering-internship-in-mumbai-at-sectona-4369284894?position=52&pageNum=0&refId=UI1VDINtxhv7ObX1%2B9JqPA%3D%3D&trackingId=zwNY04SCfOBHfEocZVeywQ%3D%3D,2026-02-27 20:57:15,dfa69f31bd64b1f8371c776d2d5783dd,None
Bioinformatics Intern,HaystackAnalytics,"Navi Mumbai, Maharashtra, India",None,None,None,2 months ago,None,internship,LinkedIn,https://in.linkedin.com/jobs/view/bioinformatics-intern-at-haystackanalytics-4329470141?position=53&pageNum=0&refId=UI1VDINtxhv7ObX1%2B9JqPA%3D%3D&trackingId=kyMA4snB%2BPxAlukuwEo2tA%3D%3D,2026-02-27 20:57:15,c6416799bb2f28d589b99525945f8489,None
Frontend Engineer - Intern (internship),Joveo,India,None,None,None,4 hours ago,None,internship,LinkedIn,https://in.linkedin.com/jobs/view/frontend-engineer-intern-internship-at-joveo-4375944407?position=54&pageNum=0&refId=UI1VDINtxhv7ObX1%2B9JqPA%3D%3D&trackingId=v7Cu416ayyX%2FWu%2FsFYnWZA%3D%3D,2026-02-27 20:57:15,b634ea6e48f5e7b979931cb5a97a5bd9,None
AI / Data Science Intern (Voice AI & Core Models),The Vertical AI,"Chennai, Tamil Nadu, India",None,None,None,2 weeks ago,None,internship,LinkedIn,https://in.linkedin.com/jobs/view/ai-data-science-intern-voice-ai-core-models-at-the-vertical-ai-4370001974?position=55&pageNum=0&refId=UI1VDINtxhv7ObX1%2B9JqPA%3D%3D&trackingId=JMRUPG8dv7jV2R2atUtF%2FA%3D%3D,2026-02-27 20:57:15,573436d84fdc1804761db5e7d70747c4,None
Data Science Intern,Inficore Soft,India,None,None,None,1 day ago,None,internship,LinkedIn,https://in.linkedin.com/jobs/view/data-science-intern-at-inficore-soft-4377245062?position=56&pageNum=0&refId=UI1VDINtxhv7ObX1%2B9JqPA%3D%3D&trackingId=Ay%2FI19lGQYY2wDsybm2DFQ%3D%3D,2026-02-27 20:57:15,237bbb86f45b1991870b80d96609e544,None
AI Developer Internship in Chennai (Hybrid),Invictus Global Tech,"Chennai, Tamil Nadu, India",None,None,None,5 days ago,None,internship,LinkedIn,https://in.linkedin.com/jobs/view/ai-developer-internship-in-chennai-hybrid-at-invictus-global-tech-4376336165?position=57&pageNum=0&refId=UI1VDINtxhv7ObX1%2B9JqPA%3D%3D&trackingId=blsC7ExC29VdDP%2BmSxrHqg%3D%3D,2026-02-27 20:57:15,101ada4f2be80531818cc9579d7592cb,None
Computer Vision Internship,Faclon Labs,Mumbai Metropolitan Region,None,None,None,1 month ago,None,internship,LinkedIn,https://in.linkedin.com/jobs/view/computer-vision-internship-at-faclon-labs-4330432666?position=58&pageNum=0&refId=UI1VDINtxhv7ObX1%2B9JqPA%3D%3D&trackingId=AuAHLHr9VgzqcgWyOQtqjw%3D%3D,2026-02-27 20:57:15,0bcb243a5658bc65d3986f777e6092fd,None
Data Science Intern,Zeno Talent,India,None,None,None,2 days ago,None,internship,LinkedIn,https://in.linkedin.com/jobs/view/data-science-intern-at-zeno-talent-4376710317?position=59&pageNum=0&refId=UI1VDINtxhv7ObX1%2B9JqPA%3D%3D&trackingId=pGGGdUhyNy1AmuXo5WexKg%3D%3D,2026-02-27 20:57:15,d5d2ae570c3f0c0461b37921cd6af659,None
Intern (AI &#038; Data Analyst Intern),UNIDEL,"Mumbai, Maharashtra, India",None,None,None,1 week ago,None,internship,LinkedIn,https://in.linkedin.com/jobs/view/intern-ai-%23038-data-analyst-intern-at-unidel-4374785718?position=60&pageNum=0&refId=UI1VDINtxhv7ObX1%2B9JqPA%3D%3D&trackingId=Q8STwvHZlGgPG7ET32fV%2BQ%3D%3D,2026-02-27 20:57:15,46d423a4267b84fd5a6dcf4866a3557f,None
Research Sciences INTERN,Microsoft,"Bengaluru, Karnataka, India",None,None,None,1 week ago,None,internship,LinkedIn,https://in.linkedin.com/jobs/view/research-sciences-intern-at-microsoft-4354686558?position=1&pageNum=0&refId=Yso1U9oBs6kGL9b3YyqMlQ%3D%3D&trackingId=rd7gddpV834FpgXIO2jNvA%3D%3D,2026-02-27 20:57:37,8ded9b6ee85ab078627c68602eb77781,None
Python AI/ML Intern,Solvative,"Ahmedabad, Gujarat, India",None,None,None,4 weeks ago,None,internship,LinkedIn,https://in.linkedin.com/jobs/view/python-ai-ml-intern-at-solvative-4376809003?position=2&pageNum=0&refId=Yso1U9oBs6kGL9b3YyqMlQ%3D%3D&trackingId=8me5wTThA5Uee0Jy%2Fc6zqA%3D%3D,2026-02-27 20:57:37,b5628b2b169201d3d4e019e7469287ed,None
AI / ML Intern,Oneture Technologies,Mumbai Metropolitan Region,None,None,None,3 months ago,None,internship,LinkedIn,https://in.linkedin.com/jobs/view/ai-ml-intern-at-oneture-technologies-4339436171?position=3&pageNum=0&refId=Yso1U9oBs6kGL9b3YyqMlQ%3D%3D&trackingId=kSnPKgOGMuGy3L%2BbntWCxA%3D%3D,2026-02-27 20:57:37,4586ae353f26a8ef27e07650b96c97a6,None
AI ML Intern,BlitzenX,"Hyderabad, Telangana, India",None,None,None,8 months ago,None,internship,LinkedIn,https://in.linkedin.com/jobs/view/ai-ml-intern-at-blitzenx-4260593901?position=4&pageNum=0&refId=Yso1U9oBs6kGL9b3YyqMlQ%3D%3D&trackingId=uAw5kehYnWGV6GsVrc2k5g%3D%3D,2026-02-27 20:57:37,e7f11cdf88033be191811f442c47645b,None
AI SDE Intern (Generative AI),Trovex.ai,India,None,None,None,11 hours ago,None,internship,LinkedIn,https://in.linkedin.com/jobs/view/ai-sde-intern-generative-ai-at-trovex-ai-4377648699?position=5&pageNum=0&refId=Yso1U9oBs6kGL9b3YyqMlQ%3D%3D&trackingId=1EUOaEbudDS49bn8IsTZNg%3D%3D,2026-02-27 20:57:37,7277af8915a63ec33d27018277b248ea,None
AI/ML and Python Development Intern,Zobyt,India,None,None,None,3 days ago,None,internship,LinkedIn,https://in.linkedin.com/jobs/view/ai-ml-and-python-development-intern-at-zobyt-4375739498?position=6&pageNum=0&refId=Yso1U9oBs6kGL9b3YyqMlQ%3D%3D&trackingId=c4Ez5Dqek8lYW2Bpnr%2Fnlw%3D%3D,2026-02-27 20:57:37,eae403a873eed44dadb9269d9d9e1c9b,None
Artificial Intelligence (AI) Internship in Delhi,Unimonks,"Delhi, India",None,None,None,3 weeks ago,None,internship,LinkedIn,https://in.linkedin.com/jobs/view/artificial-intelligence-ai-internship-in-delhi-at-unimonks-4369719089?position=7&pageNum=0&refId=Yso1U9oBs6kGL9b3YyqMlQ%3D%3D&trackingId=jUDMyzfw3so66TY6Vhz7iw%3D%3D,2026-02-27 20:57:37,4c6c08600ae152e5434e3e2c6f4df42d,None
"Artificial Intelligence (AI) Internship in Thane, Mumbai",OneRoof Technologies,Mumbai Metropolitan Region,None,None,None,2 weeks ago,None,internship,LinkedIn,https://in.linkedin.com/jobs/view/artificial-intelligence-ai-internship-in-thane-mumbai-at-oneroof-technologies-4371646253?position=8&pageNum=0&refId=Yso1U9oBs6kGL9b3YyqMlQ%3D%3D&trackingId=kJ8j0q%2BX2af3WGCiHLnLNw%3D%3D,2026-02-27 20:57:37,964e374c12a25111a4be78c25170b242,None
AI Intern - Pune,FoodMe Global / Dine Palace,"Pune Division, Maharashtra, India",None,None,None,2 weeks ago,None,internship,LinkedIn,https://in.linkedin.com/jobs/view/ai-intern-pune-at-foodme-global-dine-palace-4370599850?position=9&pageNum=0&refId=Yso1U9oBs6kGL9b3YyqMlQ%3D%3D&trackingId=%2FmGR54It%2BBCgL6GOZ2UYGQ%3D%3D,2026-02-27 20:57:37,e335159958671563fd3723d0ffed7367,None
"Artificial Intelligence (AI) Internship in Thane, Mumbai",OneRoof Technologies,"Thane, Maharashtra, India",None,None,None,2 weeks ago,None,internship,LinkedIn,https://in.linkedin.com/jobs/view/artificial-intelligence-ai-internship-in-thane-mumbai-at-oneroof-technologies-4371629531?position=10&pageNum=0&refId=Yso1U9oBs6kGL9b3YyqMlQ%3D%3D&trackingId=nOsPAwkKr6oaIw5SzLkp0Q%3D%3D,2026-02-27 20:57:37,35110f6b3a6882be65742914b90d7a3a,None
AI Product Analytics Intern,Expedify,India,None,None,None,1 month ago,None,internship,LinkedIn,https://in.linkedin.com/jobs/view/ai-product-analytics-intern-at-expedify-4374985662?position=11&pageNum=0&refId=Yso1U9oBs6kGL9b3YyqMlQ%3D%3D&trackingId=V7JOLrsc5lqL9IZJoyjIsg%3D%3D,2026-02-27 20:57:37,964c272f9767ad9da9300e639ef6df84,None
Computer Vision Intern,Adagrad AI,"Pune Division, Maharashtra, India",None,None,None,1 month ago,None,internship,LinkedIn,https://in.linkedin.com/jobs/view/computer-vision-intern-at-adagrad-ai-4361982036?position=12&pageNum=0&refId=Yso1U9oBs6kGL9b3YyqMlQ%3D%3D&trackingId=uGiDCi5UxyqtYO3POtLEYw%3D%3D,2026-02-27 20:57:37,dbd0169352d14750ccc5c90c44912719,None
AI/ML Intern,Extension Technologies,"Faridabad, Haryana, India",None,None,None,1 year ago,None,internship,LinkedIn,https://in.linkedin.com/jobs/view/ai-ml-intern-at-extension-technologies-4142490779?position=13&pageNum=0&refId=Yso1U9oBs6kGL9b3YyqMlQ%3D%3D&trackingId=tYatCV1MLwgY0z%2FB9wwyKQ%3D%3D,2026-02-27 20:57:37,7f5b49709c817f4a3aa091be0dbf5347,None
Artificial Intelligence (AI) Internship in Pune,Ideas To Impacts,"Pune Division, Maharashtra, India",None,None,None,1 week ago,None,internship,LinkedIn,https://in.linkedin.com/jobs/view/artificial-intelligence-ai-internship-in-pune-at-ideas-to-impacts-4373882332?position=14&pageNum=0&refId=Yso1U9oBs6kGL9b3YyqMlQ%3D%3D&trackingId=2duNDYlzzxs%2BhmGH%2BsV1NQ%3D%3D,2026-02-27 20:57:37,d0535b7c35d55b5359a20ee77eab2263,None
AI Research Internship,Lexsi Labs,Mumbai Metropolitan Region,None,None,None,1 week ago,None,internship,LinkedIn,https://in.linkedin.com/jobs/view/ai-research-internship-at-lexsi-labs-4373865556?position=15&pageNum=0&refId=Yso1U9oBs6kGL9b3YyqMlQ%3D%3D&trackingId=nY7IJRtJ41tzsxnrp9WrSA%3D%3D,2026-02-27 20:57:37,7dc60a410318aebbc5f9a06e683c7eea,None
"Data Science Intern (Python, SQL, Pandas)",Wake Up Whistle,India,None,None,None,2 days ago,None,internship,LinkedIn,https://in.linkedin.com/jobs/view/data-science-intern-python-sql-pandas-at-wake-up-whistle-4376443261?position=16&pageNum=0&refId=Yso1U9oBs6kGL9b3YyqMlQ%3D%3D&trackingId=nU7xMsxMYZKgGoiuBNDTNA%3D%3D,2026-02-27 20:57:37,9565ef7ca6789dbeb6be561eac11846c,None
Artificial Intelligence (AI) Internship in Mumbai,TAXOSMART,Mumbai Metropolitan Region,None,None,None,4 weeks ago,None,internship,LinkedIn,https://in.linkedin.com/jobs/view/artificial-intelligence-ai-internship-in-mumbai-at-taxosmart-4367345724?position=17&pageNum=0&refId=Yso1U9oBs6kGL9b3YyqMlQ%3D%3D&trackingId=eN2Mwn0J6qfLoZOQstAo%2BA%3D%3D,2026-02-27 20:57:37,6eeb273d947cc46d171bc5b6107b4633,None
Machine Learning (ML) Engineer Intern - (Paid - India/Remote),Peakflo (YC W22),India,None,None,None,2 weeks ago,None,internship,LinkedIn,https://in.linkedin.com/jobs/view/machine-learning-ml-engineer-intern-paid-india-remote-at-peakflo-yc-w22-4371133861?position=18&pageNum=0&refId=Yso1U9oBs6kGL9b3YyqMlQ%3D%3D&trackingId=9xILHm4cH7QBDOhFYk9z7g%3D%3D,2026-02-27 20:57:37,1cba5cb8a71a0899fffd1da1c25cd32a,None
AI Developer Internship in Chennai (Hybrid),Invictus Global Tech,"Chennai, Tamil Nadu, India",None,None,None,5 days ago,None,internship,LinkedIn,https://in.linkedin.com/jobs/view/ai-developer-internship-in-chennai-hybrid-at-invictus-global-tech-4376336165?position=19&pageNum=0&refId=Yso1U9oBs6kGL9b3YyqMlQ%3D%3D&trackingId=hTa4Gh%2B3lHr%2Be8623gitMQ%3D%3D,2026-02-27 20:57:37,99df204b2b120dea127087ced56a7a05,None
Artificial Intelligence (AI) Internship in Delhi (Hybrid),Arbro Pharmaceuticals Private Ltd.,"Delhi, India",None,None,None,3 weeks ago,None,internship,LinkedIn,https://in.linkedin.com/jobs/view/artificial-intelligence-ai-internship-in-delhi-hybrid-at-arbro-pharmaceuticals-private-ltd-4368871520?position=20&pageNum=0&refId=Yso1U9oBs6kGL9b3YyqMlQ%3D%3D&trackingId=kMloihsWxnMty5zCZxLABA%3D%3D,2026-02-27 20:57:37,4156bb3fa1a1684086a73effa2c15971,None
Machine Learning Intern,Innovexis,Greater Kolkata Area,None,None,None,1 day ago,None,internship,LinkedIn,https://in.linkedin.com/jobs/view/machine-learning-intern-at-innovexis-4375534131?position=21&pageNum=0&refId=Yso1U9oBs6kGL9b3YyqMlQ%3D%3D&trackingId=MT8MhDnxl%2BvJtw97tmpmSQ%3D%3D,2026-02-27 20:57:37,bc0e728f30662e0b94da2175d084b91e,None
Artificial Intelligence (AI) Internship in Pune,UrbanRoof Pvt. Ltd.,"Pune Division, Maharashtra, India",None,None,None,2 weeks ago,None,internship,LinkedIn,https://in.linkedin.com/jobs/view/artificial-intelligence-ai-internship-in-pune-at-urbanroof-pvt-ltd-4371636417?position=22&pageNum=0&refId=Yso1U9oBs6kGL9b3YyqMlQ%3D%3D&trackingId=yDE3jvz1Ewn3acEi2LoOxQ%3D%3D,2026-02-27 20:57:37,a7a66d531f111c354b065ac25d54b9e8,None
Computer Vision Internship,Faclon Labs,Mumbai Metropolitan Region,None,None,None,1 month ago,None,internship,LinkedIn,https://in.linkedin.com/jobs/view/computer-vision-internship-at-faclon-labs-4330432666?position=23&pageNum=0&refId=Yso1U9oBs6kGL9b3YyqMlQ%3D%3D&trackingId=tUGVKNnAHO3SAuBekQrOxA%3D%3D,2026-02-27 20:57:37,55dc10cea0f6f1d2599101de62c8ec99,None
Machine Learning Engineer Master's (Intern)- India Engineering/ Splunk / UHR,Cisco,"Hyderabad, Telangana, India",None,None,None,1 week ago,None,internship,LinkedIn,https://in.linkedin.com/jobs/view/machine-learning-engineer-master-s-intern-india-engineering-splunk-uhr-at-cisco-4365685012?position=24&pageNum=0&refId=Yso1U9oBs6kGL9b3YyqMlQ%3D%3D&trackingId=nK8oYPLtJ1dFEPF5UGwQ6w%3D%3D,2026-02-27 20:57:37,371ab79022bf8f4b9da84bd7c5d48af4,None
Artificial Intelligence Intern/Engineer,Corazor Technology Private Limited | Where Technology Meets Impact,India,None,None,None,3 weeks ago,None,internship,LinkedIn,https://in.linkedin.com/jobs/view/artificial-intelligence-intern-engineer-at-corazor-technology-private-limited-where-technology-meets-impact-4368170497?position=25&pageNum=0&refId=Yso1U9oBs6kGL9b3YyqMlQ%3D%3D&trackingId=KdM4Daxl5Wd1ZZ9L3%2Fvx%2Fw%3D%3D,2026-02-27 20:57:37,76e7dda998e9103f17dd26f20e859415,None
AI Interns,Fireblaze AI School,"Nagpur, Maharashtra, India",None,None,None,7 months ago,None,internship,LinkedIn,https://in.linkedin.com/jobs/view/ai-interns-at-fireblaze-ai-school-4259986069?position=26&pageNum=0&refId=Yso1U9oBs6kGL9b3YyqMlQ%3D%3D&trackingId=E2SSP0sKcU1qtHRtf40cAg%3D%3D,2026-02-27 20:57:37,625e89e2ab9528f1268d3041d058a778,None
Analytics/AI Engineer Intern,Discover Dollar Inc,"Bengaluru East, Karnataka, India",None,None,None,8 months ago,None,internship,LinkedIn,https://in.linkedin.com/jobs/view/analytics-ai-engineer-intern-at-discover-dollar-inc-4258680566?position=27&pageNum=0&refId=Yso1U9oBs6kGL9b3YyqMlQ%3D%3D&trackingId=6%2BFeYR2%2F4oBneDoj1KFTQQ%3D%3D,2026-02-27 20:57:37,7df2f2792724d9066a3278ac55587061,None
Python Developer Intern,CargoFL,"Pune Division, Maharashtra, India",None,None,None,2 months ago,None,internship,LinkedIn,https://in.linkedin.com/jobs/view/python-developer-intern-at-cargofl-4326582848?position=28&pageNum=0&refId=Yso1U9oBs6kGL9b3YyqMlQ%3D%3D&trackingId=xqhbWbLi8g85cgYc5b2YiA%3D%3D,2026-02-27 20:57:37,7e1109269f526976eb063a5b7c935b84,None
Computer Vision Intern,Flick2Know,"Gurugram, Haryana, India",None,None,None,1 month ago,None,internship,LinkedIn,https://in.linkedin.com/jobs/view/computer-vision-intern-at-flick2know-4364626905?position=29&pageNum=0&refId=Yso1U9oBs6kGL9b3YyqMlQ%3D%3D&trackingId=DwC58qxqyYplwq7eIcTjwA%3D%3D,2026-02-27 20:57:37,c4b3b1a0e02d0ddd548bd7231e01ab04,None
AI Engineer/AI Chatbot Developer Internship in Nagpur,FinVise AI Tech pvt ltd,"Nagpur, Maharashtra, India",None,None,None,2 weeks ago,None,internship,LinkedIn,https://in.linkedin.com/jobs/view/ai-engineer-ai-chatbot-developer-internship-in-nagpur-at-finvise-ai-tech-pvt-ltd-4370875957?position=30&pageNum=0&refId=Yso1U9oBs6kGL9b3YyqMlQ%3D%3D&trackingId=u3DtOl7W0rlTRy4ONkat3g%3D%3D,2026-02-27 20:57:37,ae971956cef59761bea8c53fc7cc81dd,None
Computer Vision Internship in Bangalore,IG Defence,"Bengaluru, Karnataka, India",None,None,None,3 weeks ago,None,internship,LinkedIn,https://in.linkedin.com/jobs/view/computer-vision-internship-in-bangalore-at-ig-defence-4368880473?position=31&pageNum=0&refId=Yso1U9oBs6kGL9b3YyqMlQ%3D%3D&trackingId=QY4E6sIS5yU7qskr4pYFFg%3D%3D,2026-02-27 20:57:37,0cc78af2b8f97cac671f5adba1be66fd,None
AI & Automation Internship in Bangalore,Huedlife Pvt Ltd (Puretive),"Bengaluru, Karnataka, India",None,None,None,3 days ago,None,internship,LinkedIn,https://in.linkedin.com/jobs/view/ai-automation-internship-in-bangalore-at-huedlife-pvt-ltd-puretive-4377061185?position=32&pageNum=0&refId=Yso1U9oBs6kGL9b3YyqMlQ%3D%3D&trackingId=Px1YS9ZT1x3ePu8twWTrYQ%3D%3D,2026-02-27 20:57:37,c4b806564e7a8cc1c64f3e32520e919e,None
Internship : Machine Learning / AI,CaRPM,India,None,None,None,2 days ago,None,internship,LinkedIn,https://in.linkedin.com/jobs/view/internship-machine-learning-ai-at-carpm-4259148790?position=33&pageNum=0&refId=Yso1U9oBs6kGL9b3YyqMlQ%3D%3D&trackingId=LNh5xsekZZl%2BjCIMxIXBXg%3D%3D,2026-02-27 20:57:37,7e40cc03615ff8006ae63a62f1ae44ed,None
AI/ML INTERNSHIP,QHT Clinic,"Haridwar, Uttarakhand, India",None,None,None,2 weeks ago,None,internship,LinkedIn,https://in.linkedin.com/jobs/view/ai-ml-internship-at-qht-clinic-4370236990?position=34&pageNum=0&refId=Yso1U9oBs6kGL9b3YyqMlQ%3D%3D&trackingId=V8cuni1WJJDLnNa10o998Q%3D%3D,2026-02-27 20:57:37,7a77ef987f5e2a5cdeb67796a369b19e,None
python interns,IT career,"Indore, Madhya Pradesh, India",None,None,None,1 year ago,None,internship,LinkedIn,https://in.linkedin.com/jobs/view/python-interns-at-it-career-4140883854?position=35&pageNum=0&refId=Yso1U9oBs6kGL9b3YyqMlQ%3D%3D&trackingId=qfS0DpyorNlpQYunSxsCGg%3D%3D,2026-02-27 20:57:37,a0a59f4e9cf2a50b5998823b3df2e8c2,None
Intern- Machine Learning (Gen AI),Seagate Technology,"Pune Division, Maharashtra, India",None,None,None,2 days ago,None,internship,LinkedIn,https://in.linkedin.com/jobs/view/intern-machine-learning-gen-ai-at-seagate-technology-4374882935?position=36&pageNum=0&refId=Yso1U9oBs6kGL9b3YyqMlQ%3D%3D&trackingId=RI8LrmSNEOTFUvrKuZ6kEQ%3D%3D,2026-02-27 20:57:37,0efd55d349b3e159ad9a032ffb9f2730,None
Creative AI & Data Internship in Noida,FabAlley,"Noida, Uttar Pradesh, India",None,None,None,4 weeks ago,None,internship,LinkedIn,https://in.linkedin.com/jobs/view/creative-ai-data-internship-in-noida-at-faballey-4367366473?position=37&pageNum=0&refId=Yso1U9oBs6kGL9b3YyqMlQ%3D%3D&trackingId=HM%2Fo3VMb5h5oLtyutHzBeQ%3D%3D,2026-02-27 20:57:37,cfe3efcbe76f949ea533489516d1bcbc,None
Generative AI Engineer Internship in Bangalore,Aiqwip,"Bengaluru, Karnataka, India",None,None,None,1 week ago,None,internship,LinkedIn,https://in.linkedin.com/jobs/view/generative-ai-engineer-internship-in-bangalore-at-aiqwip-4373874596?position=38&pageNum=0&refId=Yso1U9oBs6kGL9b3YyqMlQ%3D%3D&trackingId=smrsX9rH5u63y4CHKRGbyQ%3D%3D,2026-02-27 20:57:37,5270ca62012b2e6dd649748675ee6e1f,None
"AI Researcher, Speech & Audio, Intern  | Josh Talks",Josh Talks,"Gurugram, Haryana, India",None,None,None,5 months ago,None,internship,LinkedIn,https://in.linkedin.com/jobs/view/ai-researcher-speech-audio-intern-josh-talks-at-josh-talks-4303750047?position=39&pageNum=0&refId=Yso1U9oBs6kGL9b3YyqMlQ%3D%3D&trackingId=8I5c51hx4gZ1ALp1q6PDoQ%3D%3D,2026-02-27 20:57:37,f39106cbe8d8362ee6dd8b4e0886b51d,None
Data Science Curriculum Intern,SkilloVilla,"Bengaluru, Karnataka, India",None,None,None,1 week ago,None,internship,LinkedIn,https://in.linkedin.com/jobs/view/data-science-curriculum-intern-at-skillovilla-4374030253?position=40&pageNum=0&refId=Yso1U9oBs6kGL9b3YyqMlQ%3D%3D&trackingId=I3FT4EHEH02ZYgYyVK1CmQ%3D%3D,2026-02-27 20:57:37,e56b0f9ec65dd1bcff0081aafdf298bc,None
Research Scientist / AI & ML Research  (Intern/Junior),Zigment,"Bengaluru, Karnataka, India",None,None,None,3 days ago,None,internship,LinkedIn,https://in.linkedin.com/jobs/view/research-scientist-ai-ml-research-intern-junior-at-zigment-4376044918?position=41&pageNum=0&refId=Yso1U9oBs6kGL9b3YyqMlQ%3D%3D&trackingId=pJTz6ilzbEXw%2BZCHRjNdgQ%3D%3D,2026-02-27 20:57:37,e4b0099fff7c59044f5dd3954c098aca,None
AI Developer - Intern,Quest Global,"Bengaluru, Karnataka, India",None,None,None,1 week ago,None,internship,LinkedIn,https://in.linkedin.com/jobs/view/ai-developer-intern-at-quest-global-4372398095?position=42&pageNum=0&refId=Yso1U9oBs6kGL9b3YyqMlQ%3D%3D&trackingId=c1cFo%2Bms2Ch0rB6RuiN6kw%3D%3D,2026-02-27 20:57:37,4cacc1f006828d265381773c8e7884f7,None
Intern - AI Agents Developer,Shortcastle Technologies,India,None,None,None,1 month ago,None,internship,LinkedIn,https://in.linkedin.com/jobs/view/intern-ai-agents-developer-at-shortcastle-technologies-4351152300?position=43&pageNum=0&refId=Yso1U9oBs6kGL9b3YyqMlQ%3D%3D&trackingId=Ty1mWVJktuw7s9mCoeA8jg%3D%3D,2026-02-27 20:57:37,0fd0326fc4d04567c2a8b9ca56f45d46,None
Software Engineering Intern - Robotics,Blaize,"Hyderabad, Telangana, India",None,None,None,1 month ago,None,internship,LinkedIn,https://in.linkedin.com/jobs/view/software-engineering-intern-robotics-at-blaize-4362965394?position=44&pageNum=0&refId=Yso1U9oBs6kGL9b3YyqMlQ%3D%3D&trackingId=hlPzodisZ15kuqu4KQl5jQ%3D%3D,2026-02-27 20:57:37,e8d640cc23a7207eee4823a1d84f9ba2,None
Artificial Intelligence Intern,Barcode Entertainment : Strategic Brand Solutions,"Mumbai, Maharashtra, India",None,None,None,9 hours ago,None,internship,LinkedIn,https://in.linkedin.com/jobs/view/artificial-intelligence-intern-at-barcode-entertainment-strategic-brand-solutions-4375915311?position=45&pageNum=0&refId=Yso1U9oBs6kGL9b3YyqMlQ%3D%3D&trackingId=q%2FWgBpm01Xs6rBvK3OzLbA%3D%3D,2026-02-27 20:57:37,17baac32fa506944a3e7e6ae39bd4aa0,None
AI Research Internship,Lexsi Labs,India,None,None,None,4 weeks ago,None,internship,LinkedIn,https://in.linkedin.com/jobs/view/ai-research-internship-at-lexsi-labs-4366764808?position=46&pageNum=0&refId=Yso1U9oBs6kGL9b3YyqMlQ%3D%3D&trackingId=uH%2B16nXjBvJSXQJKUjmBoA%3D%3D,2026-02-27 20:57:37,f92c81839a70fa15628a88a3257c7cd1,None
Robotics Internship in Bangalore,YoLabs,"Bengaluru, Karnataka, India",None,None,None,2 weeks ago,None,internship,LinkedIn,https://in.linkedin.com/jobs/view/robotics-internship-in-bangalore-at-yolabs-4371221119?position=47&pageNum=0&refId=Yso1U9oBs6kGL9b3YyqMlQ%3D%3D&trackingId=25N3XyZJ2U9sGG%2Bb6YSbDw%3D%3D,2026-02-27 20:57:37,fe743bc88ee6e064f4f862fd925b9eee,None
AI engineer Intern,Wisdom Tree,"Gurugram, Haryana, India",None,None,None,1 day ago,None,internship,LinkedIn,https://in.linkedin.com/jobs/view/ai-engineer-intern-at-wisdom-tree-4370636542?position=48&pageNum=0&refId=Yso1U9oBs6kGL9b3YyqMlQ%3D%3D&trackingId=IPLotkLnXn6PQ5TjKoTVJA%3D%3D,2026-02-27 20:57:37,5fe01c9e4257e2ba68bf6ed19f9408af,None
"Data Science Intern (Python, SQL, Pandas)",ArGo Intern,India,None,None,None,7 hours ago,None,internship,LinkedIn,https://in.linkedin.com/jobs/view/data-science-intern-python-sql-pandas-at-argo-intern-4377668575?position=49&pageNum=0&refId=Yso1U9oBs6kGL9b3YyqMlQ%3D%3D&trackingId=AJpw%2Bu%2BK%2FuTUfr7mn2Ytsg%3D%3D,2026-02-27 20:57:37,41b22290848f1c768294284db2012177,None
AI Intern (Artificial Intelligence,Om Ak Solutions,"Safipur, Uttar Pradesh, India",None,None,None,1 month ago,None,internship,LinkedIn,https://in.linkedin.com/jobs/view/ai-intern-artificial-intelligence-at-om-ak-solutions-4366466818?position=50&pageNum=0&refId=Yso1U9oBs6kGL9b3YyqMlQ%3D%3D&trackingId=a39%2F29L7k24xqPjy0GZhIg%3D%3D,2026-02-27 20:57:37,673d66441a99551cadac21f75f4193b0,None
Intern - AI,Valeo,"Chennai, Tamil Nadu, India",None,None,None,23 hours ago,None,internship,LinkedIn,https://in.linkedin.com/jobs/view/intern-ai-at-valeo-4316690908?position=51&pageNum=0&refId=Yso1U9oBs6kGL9b3YyqMlQ%3D%3D&trackingId=awLMJ3zjejdpAKA0zNn48A%3D%3D,2026-02-27 20:57:37,f1d22a4c2db597cb4e72d3349001698f,None
Computer Vision Intern,Genyx,India,None,None,None,2 days ago,None,internship,LinkedIn,https://in.linkedin.com/jobs/view/computer-vision-intern-at-genyx-4376748646?position=52&pageNum=0&refId=Yso1U9oBs6kGL9b3YyqMlQ%3D%3D&trackingId=sK9fxphaK8Da7%2B4jadRlyA%3D%3D,2026-02-27 20:57:37,2ae6e2c3879e5502453b8a5535b9f81b,None
Data Scientist,Blackcoffer,India,None,None,None,8 hours ago,None,internship,LinkedIn,https://in.linkedin.com/jobs/view/data-scientist-at-blackcoffer-4377676105?position=53&pageNum=0&refId=Yso1U9oBs6kGL9b3YyqMlQ%3D%3D&trackingId=HnwqGPAG%2FuCCKq0aoh%2B5RA%3D%3D,2026-02-27 20:57:37,a5b57ba5a5c9a7921c4a9c1cc5b25c93,None
Software Development Internship in Bangalore,Akshara Enterprises,"Bengaluru, Karnataka, India",None,None,None,3 weeks ago,None,internship,LinkedIn,https://in.linkedin.com/jobs/view/software-development-internship-in-bangalore-at-akshara-enterprises-4369715189?position=54&pageNum=0&refId=Yso1U9oBs6kGL9b3YyqMlQ%3D%3D&trackingId=J73jWBrEwqcBAO6ya5WnHw%3D%3D,2026-02-27 20:57:37,322a35f3d9a0869c856eda233ba8bda3,None
Data Science & AI Intern,SourcingXPress,"Mumbai, Maharashtra, India",None,None,None,5 months ago,None,internship,LinkedIn,https://in.linkedin.com/jobs/view/data-science-ai-intern-at-sourcingxpress-4305239391?position=55&pageNum=0&refId=Yso1U9oBs6kGL9b3YyqMlQ%3D%3D&trackingId=7YbtUGPA8y4tM0faROvWGg%3D%3D,2026-02-27 20:57:37,cd0f19b2877ff4d9c6e23d83d7a26ebf,None
Python Development Internship in Navi Mumbai,Bizlem Private Limited,"Navi Mumbai, Maharashtra, India",None,None,None,4 days ago,None,internship,LinkedIn,https://in.linkedin.com/jobs/view/python-development-internship-in-navi-mumbai-at-bizlem-private-limited-4376515276?position=56&pageNum=0&refId=Yso1U9oBs6kGL9b3YyqMlQ%3D%3D&trackingId=mbghGcEn5C%2Fz%2BYPgLgwghA%3D%3D,2026-02-27 20:57:37,5f8ed24135b41c9770b7e6a0b9347e2c,None
Computer Vision Intern,FieldAssist,"Gurugram, Haryana, India",None,None,None,1 month ago,None,internship,LinkedIn,https://in.linkedin.com/jobs/view/computer-vision-intern-at-fieldassist-4360964524?position=57&pageNum=0&refId=Yso1U9oBs6kGL9b3YyqMlQ%3D%3D&trackingId=PTs04%2BBWAJb7DcAy308J%2FA%3D%3D,2026-02-27 20:57:37,c40b39214175afa41aec44bbde3933dc,None
AI - Product Engineering Internship in Mumbai,Sectona,Mumbai Metropolitan Region,None,None,None,3 weeks ago,None,internship,LinkedIn,https://in.linkedin.com/jobs/view/ai-product-engineering-internship-in-mumbai-at-sectona-4369284894?position=58&pageNum=0&refId=Yso1U9oBs6kGL9b3YyqMlQ%3D%3D&trackingId=p6i02udHu4lWrMeuNqG5Iw%3D%3D,2026-02-27 20:57:37,62dbcda0178c5f77d22fd56fc7b0d889,None
Digital Marketing Internship in Pune,FirstCry.com (BrainBees Solutions Ltd.),"Pune Division, Maharashtra, India",None,None,None,2 weeks ago,None,internship,LinkedIn,https://in.linkedin.com/jobs/view/digital-marketing-internship-in-pune-at-firstcry-com-brainbees-solutions-ltd-4372189357?position=59&pageNum=0&refId=Yso1U9oBs6kGL9b3YyqMlQ%3D%3D&trackingId=m8k78IM2Va1RSS0EaNZbLg%3D%3D,2026-02-27 20:57:37,77ff09ee417209580f6799ece87d0ce9,None
Software Engineering INTERN,Microsoft,"Bengaluru, Karnataka, India",None,None,None,1 day ago,None,internship,LinkedIn,https://in.linkedin.com/jobs/view/software-engineering-intern-at-microsoft-4378348348?position=1&pageNum=0&refId=4hI0QcKE0Df6SHqx7zZyxQ%3D%3D&trackingId=1hwsl1hHMq%2FtLSXsvtDGXA%3D%3D,2026-02-27 20:58:00,3184a7f68913943af3212e5797459f8b,None
SDE Backend Intern,Upstox,Mumbai Metropolitan Region,None,None,None,1 week ago,None,internship,LinkedIn,https://in.linkedin.com/jobs/view/sde-backend-intern-at-upstox-4364764915?position=2&pageNum=0&refId=4hI0QcKE0Df6SHqx7zZyxQ%3D%3D&trackingId=6vY%2B4xMT5soVJQGGeoKYeg%3D%3D,2026-02-27 20:58:00,09c87e4e71241750579722677924ec2d,None
Data Science INTERN,Microsoft,"Bengaluru, Karnataka, India",None,None,None,1 week ago,None,internship,LinkedIn,https://in.linkedin.com/jobs/view/data-science-intern-at-microsoft-4358386656?position=3&pageNum=0&refId=4hI0QcKE0Df6SHqx7zZyxQ%3D%3D&trackingId=m4pFRPAxzGKdf4oW5uNpDA%3D%3D,2026-02-27 20:58:00,4454fd84938d05e47b87394c50ad2e3f,None
Intern - SQL  Developer,Crisil,"Mumbai, Maharashtra, India",None,None,None,3 weeks ago,None,internship,LinkedIn,https://in.linkedin.com/jobs/view/intern-sql-developer-at-crisil-4368004312?position=4&pageNum=0&refId=4hI0QcKE0Df6SHqx7zZyxQ%3D%3D&trackingId=EGHHowKBs3RkO%2FQrMG7f%2Fw%3D%3D,2026-02-27 20:58:00,49a73e2504b95f4901f724c91381ba1f,None
Software Engineering Explore Intern,Microsoft,India,None,None,None,2 days ago,None,internship,LinkedIn,https://in.linkedin.com/jobs/view/software-engineering-explore-intern-at-microsoft-4377825940?position=5&pageNum=0&refId=4hI0QcKE0Df6SHqx7zZyxQ%3D%3D&trackingId=daVAUUe267Wbnq2nIjNZtg%3D%3D,2026-02-27 20:58:00,6615e10a352f5add69eae186455b00bb,None
Software Development Internship in Pune,Upswing-Cognitive Hospitality Solutions,"Pune Division, Maharashtra, India",None,None,None,3 weeks ago,None,internship,LinkedIn,https://in.linkedin.com/jobs/view/software-development-internship-in-pune-at-upswing-cognitive-hospitality-solutions-4369283946?position=6&pageNum=0&refId=4hI0QcKE0Df6SHqx7zZyxQ%3D%3D&trackingId=0kMObIsJp4klSCS3fyKWYA%3D%3D,2026-02-27 20:58:00,81eb4e33388f6b6d6d3104527877e4a2,None
Backend Developer (Python Intern),Shiryam Technologies,India,None,None,None,4 months ago,None,internship,LinkedIn,https://in.linkedin.com/jobs/view/backend-developer-python-intern-at-shiryam-technologies-4306133080?position=7&pageNum=0&refId=4hI0QcKE0Df6SHqx7zZyxQ%3D%3D&trackingId=IAqy4%2BuvBLvaHDcRKXSzrg%3D%3D,2026-02-27 20:58:00,0f391b759216df4768df5579da915dda,None
Software Development Intern (Fully Remote),Virtual Internships,"Bengaluru, Karnataka, India",None,None,None,22 hours ago,None,internship,LinkedIn,https://in.linkedin.com/jobs/view/software-development-intern-fully-remote-at-virtual-internships-4378381638?position=8&pageNum=0&refId=4hI0QcKE0Df6SHqx7zZyxQ%3D%3D&trackingId=KqWyT9LQ7BdpFS%2FBgAkbpQ%3D%3D,2026-02-27 20:58:00,fa0022ec7672f835c6bcf0308ad56f80,None
SDE Intern,Expound Technivo,"Mumbai, Maharashtra, India",None,None,None,1 year ago,None,internship,LinkedIn,https://in.linkedin.com/jobs/view/sde-intern-at-expound-technivo-4139841162?position=9&pageNum=0&refId=4hI0QcKE0Df6SHqx7zZyxQ%3D%3D&trackingId=ha66wT5rAEdxvP6V%2BJ6Ivw%3D%3D,2026-02-27 20:58:00,2a70874745eccc986f3ad8ce2c5a49bc,None
Software Development Internship in Bangalore,Akshara Enterprises,"Bengaluru, Karnataka, India",None,None,None,3 weeks ago,None,internship,LinkedIn,https://in.linkedin.com/jobs/view/software-development-internship-in-bangalore-at-akshara-enterprises-4369715189?position=10&pageNum=0&refId=4hI0QcKE0Df6SHqx7zZyxQ%3D%3D&trackingId=N2LwIbRLeye7l3uI2v8b%2BQ%3D%3D,2026-02-27 20:58:00,69cb1b878a174a6b5b73db923906f947,None
Student / Intern,Oracle,"Bengaluru, Karnataka, India",None,None,None,2 weeks ago,None,internship,LinkedIn,https://in.linkedin.com/jobs/view/student-intern-at-oracle-4353900674?position=11&pageNum=0&refId=4hI0QcKE0Df6SHqx7zZyxQ%3D%3D&trackingId=ApvWVW3MqRIT1hewb3SGVg%3D%3D,2026-02-27 20:58:00,7ba22a86ee2f17079e4106e061cb9a57,None
Software Engineer- Intern,Quest Global,"Bengaluru, Karnataka, India",None,None,None,2 days ago,None,internship,LinkedIn,https://in.linkedin.com/jobs/view/software-engineer-intern-at-quest-global-4376736200?position=12&pageNum=0&refId=4hI0QcKE0Df6SHqx7zZyxQ%3D%3D&trackingId=8r%2B3%2BYDQ1JuORoOewxV%2B%2FQ%3D%3D,2026-02-27 20:58:00,f7d8f759873a2e12fdc217ff376843ef,None
Python Intern,NEO SKILLZ,India,None,None,None,1 week ago,None,internship,LinkedIn,https://in.linkedin.com/jobs/view/python-intern-at-neo-skillz-4372840848?position=13&pageNum=0&refId=4hI0QcKE0Df6SHqx7zZyxQ%3D%3D&trackingId=YrgQNWlO%2FW%2FP25tJ0DM8lg%3D%3D,2026-02-27 20:58:00,b444b202599a513f236f30263068ced6,None
Python Django Developer Intern,Aventus Informatics,"Thrissur, Kerala, India",None,None,None,3 months ago,None,internship,LinkedIn,https://in.linkedin.com/jobs/view/python-django-developer-intern-at-aventus-informatics-4319889038?position=14&pageNum=0&refId=4hI0QcKE0Df6SHqx7zZyxQ%3D%3D&trackingId=WxOIhNmFS7zgmi5th9vdhw%3D%3D,2026-02-27 20:58:00,dd1084c19f537b4aaedfd78b51f9d0db,None
Software Engineer Internship in Noida,Bosscoder Academy,"Noida, Uttar Pradesh, India",None,None,None,1 day ago,None,internship,LinkedIn,https://in.linkedin.com/jobs/view/software-engineer-internship-in-noida-at-bosscoder-academy-4378044837?position=15&pageNum=0&refId=4hI0QcKE0Df6SHqx7zZyxQ%3D%3D&trackingId=HK8zPQNXgyJI2247rU5aqw%3D%3D,2026-02-27 20:58:00,2e64c6c7d377c0bad31029cd869b80c4,None
Backend Intern,smallcase,India,None,None,None,3 weeks ago,None,internship,LinkedIn,https://in.linkedin.com/jobs/view/backend-intern-at-smallcase-4370234333?position=16&pageNum=0&refId=4hI0QcKE0Df6SHqx7zZyxQ%3D%3D&trackingId=RCzRA0yUOIZsFxYold6%2Bdw%3D%3D,2026-02-27 20:58:00,df485e888efd4931654a08c8352569c2,None
Software Engineering Intern – Backend,Sense,"Bengaluru, Karnataka, India",None,None,None,1 month ago,None,internship,LinkedIn,https://in.linkedin.com/jobs/view/software-engineering-intern-%E2%80%93-backend-at-sense-4355337735?position=17&pageNum=0&refId=4hI0QcKE0Df6SHqx7zZyxQ%3D%3D&trackingId=%2BLqwQ4jpHygBuGB%2FU3zogw%3D%3D,2026-02-27 20:58:00,59392c597201886c35ec991cfdc0076a,None
IN_Intern/Trainee,PwC India,Greater Kolkata Area,None,None,None,15 hours ago,None,internship,LinkedIn,https://in.linkedin.com/jobs/view/in-intern-trainee-at-pwc-india-4378396627?position=18&pageNum=0&refId=4hI0QcKE0Df6SHqx7zZyxQ%3D%3D&trackingId=uUQ7NfFZMyTLOmkpvLjK7g%3D%3D,2026-02-27 20:58:00,9d1dac393d67ea281dbcda2f5e7c7162,None
Intern - Software Developer,I Design My Life,India,None,None,None,8 months ago,None,internship,LinkedIn,https://in.linkedin.com/jobs/view/intern-software-developer-at-i-design-my-life-4257197008?position=19&pageNum=0&refId=4hI0QcKE0Df6SHqx7zZyxQ%3D%3D&trackingId=ZCBgZ5ex7k8AT3enwUtwnw%3D%3D,2026-02-27 20:58:00,a5c40e2cc828bf302db7d73349dba2ad,None
Software Engineer Intern,123 of AI,India,None,None,None,3 weeks ago,None,internship,LinkedIn,https://in.linkedin.com/jobs/view/software-engineer-intern-at-123-of-ai-4368334387?position=20&pageNum=0&refId=4hI0QcKE0Df6SHqx7zZyxQ%3D%3D&trackingId=BL%2B%2BE6lalevpLsUfTU%2FSmQ%3D%3D,2026-02-27 20:58:00,f33973539779d7cc9d8020ae6b1afa5a,None
Python Developer Intern,CODEXINTERN,India,None,None,None,1 week ago,None,internship,LinkedIn,https://in.linkedin.com/jobs/view/python-developer-intern-at-codexintern-4373122352?position=21&pageNum=0&refId=4hI0QcKE0Df6SHqx7zZyxQ%3D%3D&trackingId=KHl5pyQHWZvCmhT%2FuIyzUw%3D%3D,2026-02-27 20:58:00,f192836c21cecbbfa73bd7d430b9815b,None
Python Developer Intern,CargoFL,"Pune Division, Maharashtra, India",None,None,None,2 months ago,None,internship,LinkedIn,https://in.linkedin.com/jobs/view/python-developer-intern-at-cargofl-4326582848?position=22&pageNum=0&refId=4hI0QcKE0Df6SHqx7zZyxQ%3D%3D&trackingId=ClyvdtUaDBy%2BsxAuctGkfw%3D%3D,2026-02-27 20:58:00,002f4381487bb56a040b67eeec0f7809,None
"Front End Developer Intern (HTML, CSS, JavaScript, React)",ArGo Intern,India,None,None,None,1 day ago,None,internship,LinkedIn,https://in.linkedin.com/jobs/view/front-end-developer-intern-html-css-javascript-react-at-argo-intern-4377256552?position=23&pageNum=0&refId=4hI0QcKE0Df6SHqx7zZyxQ%3D%3D&trackingId=uZGVvNSMFTcLRplUto%2BeoA%3D%3D,2026-02-27 20:58:00,764914e3eb2328f8246299fafa73d6b9,None
Software Engineer Intern,Growth Infi,"Mumbai, Maharashtra, India",None,None,None,17 hours ago,None,internship,LinkedIn,https://in.linkedin.com/jobs/view/software-engineer-intern-at-growth-infi-4375570647?position=24&pageNum=0&refId=4hI0QcKE0Df6SHqx7zZyxQ%3D%3D&trackingId=Fk9aCGoRGkB%2Bpwx8uvLn8w%3D%3D,2026-02-27 20:58:00,ee05eda80ff05186681ec1164cc932b8,None
Python Development Internship in Navi Mumbai,Bizlem Private Limited,"Navi Mumbai, Maharashtra, India",None,None,None,4 days ago,None,internship,LinkedIn,https://in.linkedin.com/jobs/view/python-development-internship-in-navi-mumbai-at-bizlem-private-limited-4376515276?position=25&pageNum=0&refId=4hI0QcKE0Df6SHqx7zZyxQ%3D%3D&trackingId=GKjl%2F5yJmS5Dry1FGdC7Bw%3D%3D,2026-02-27 20:58:00,0018a3178b0bc5eba67e28ffde7d2c87,None
FRONTEND DEVELOPER INTERN,Idea Usher,India,None,None,None,3 weeks ago,None,internship,LinkedIn,https://in.linkedin.com/jobs/view/frontend-developer-intern-at-idea-usher-4369388680?position=26&pageNum=0&refId=4hI0QcKE0Df6SHqx7zZyxQ%3D%3D&trackingId=n5H3PieOgjt4FGcbnr%2Bztw%3D%3D,2026-02-27 20:58:00,9c990ac6a7787ffe99aa976b4ad76a52,None
python interns,IT career,"Indore, Madhya Pradesh, India",None,None,None,1 year ago,None,internship,LinkedIn,https://in.linkedin.com/jobs/view/python-interns-at-it-career-4140883854?position=27&pageNum=0&refId=4hI0QcKE0Df6SHqx7zZyxQ%3D%3D&trackingId=PDWabrxa4hY8oy2NjpRxlQ%3D%3D,2026-02-27 20:58:00,ff3bde83412d317499fdde405b6f287a,None
Web Development Internship in Bangalore,just get it done,"Bengaluru, Karnataka, India",None,None,None,1 week ago,None,internship,LinkedIn,https://in.linkedin.com/jobs/view/web-development-internship-in-bangalore-at-just-get-it-done-4373251007?position=28&pageNum=0&refId=4hI0QcKE0Df6SHqx7zZyxQ%3D%3D&trackingId=5C9Nv3uxQpaZl42Nehn96w%3D%3D,2026-02-27 20:58:00,91d5ee71d22327e719d8270f55834e6c,None
Software Engineer Intern,CausalFunnel,India,None,None,None,5 days ago,None,internship,LinkedIn,https://in.linkedin.com/jobs/view/software-engineer-intern-at-causalfunnel-4374944594?position=29&pageNum=0&refId=4hI0QcKE0Df6SHqx7zZyxQ%3D%3D&trackingId=jg0X27sPoYXgXMN4wvG6ng%3D%3D,2026-02-27 20:58:00,eb04b5123829f0396f758cf7197e3e95,None
FRONTEND DEVELOPER INTERN,Idea Usher,India,None,None,None,1 month ago,None,internship,LinkedIn,https://in.linkedin.com/jobs/view/frontend-developer-intern-at-idea-usher-4330253270?position=30&pageNum=0&refId=4hI0QcKE0Df6SHqx7zZyxQ%3D%3D&trackingId=yPR8ZkS1p9V%2FssZiBKj3Sw%3D%3D,2026-02-27 20:58:00,4c575059972b73fdd3f588974f64a0bd,None
Software Development Internship in Nagpur,Entujn Food Tech Pvt Ltd,"Nagpur, Maharashtra, India",None,None,None,2 weeks ago,None,internship,LinkedIn,https://in.linkedin.com/jobs/view/software-development-internship-in-nagpur-at-entujn-food-tech-pvt-ltd-4370304074?position=31&pageNum=0&refId=4hI0QcKE0Df6SHqx7zZyxQ%3D%3D&trackingId=rP%2BBBqTCgcLmyqdAX%2FRtLQ%3D%3D,2026-02-27 20:58:00,6b013c0664ee0f7f67a3d1a893127d46,None
"Software Development Internship in Navi Mumbai, Mumbai",EazyIoT,Mumbai Metropolitan Region,None,None,None,1 week ago,None,internship,LinkedIn,https://in.linkedin.com/jobs/view/software-development-internship-in-navi-mumbai-mumbai-at-eazyiot-4374190089?position=32&pageNum=0&refId=4hI0QcKE0Df6SHqx7zZyxQ%3D%3D&trackingId=pYUm5fHXu72Tire5Y%2B60ng%3D%3D,2026-02-27 20:58:00,6451a5006df92cb4713eb895fb2f3cf0,None
"Software Development Internship in Navi Mumbai, Mumbai",EazyIoT,"Navi Mumbai, Maharashtra, India",None,None,None,1 week ago,None,internship,LinkedIn,https://in.linkedin.com/jobs/view/software-development-internship-in-navi-mumbai-mumbai-at-eazyiot-4374175655?position=33&pageNum=0&refId=4hI0QcKE0Df6SHqx7zZyxQ%3D%3D&trackingId=HpF5UUgAshya1MvJ0p1o6g%3D%3D,2026-02-27 20:58:00,c273ef46e2ba69bc06e722a5ab761e14,None
Intern/ Trainee,PwC India,"Gurugram, Haryana, India",None,None,None,1 week ago,None,internship,LinkedIn,https://in.linkedin.com/jobs/view/intern-trainee-at-pwc-india-4358340411?position=34&pageNum=0&refId=4hI0QcKE0Df6SHqx7zZyxQ%3D%3D&trackingId=egqWcKTDTlTar7mGpPQNdw%3D%3D,2026-02-27 20:58:00,c214117f61c1958aa7be2445c9f29d2a,None
Python Developer Intern,Skillzenloop,India,None,None,None,22 hours ago,None,internship,LinkedIn,https://in.linkedin.com/jobs/view/python-developer-intern-at-skillzenloop-4375545734?position=35&pageNum=0&refId=4hI0QcKE0Df6SHqx7zZyxQ%3D%3D&trackingId=BWKJk9Zt0rtM6H%2FM5m%2BbCA%3D%3D,2026-02-27 20:58:00,50b572a770f52bb31c520efc3246d3c9,None
Artificial Intelligence (AI) Internship in Pune,Ideas To Impacts,"Pune Division, Maharashtra, India",None,None,None,1 week ago,None,internship,LinkedIn,https://in.linkedin.com/jobs/view/artificial-intelligence-ai-internship-in-pune-at-ideas-to-impacts-4373882332?position=36&pageNum=0&refId=4hI0QcKE0Df6SHqx7zZyxQ%3D%3D&trackingId=auivO0fYdAant3ZFBYXG3w%3D%3D,2026-02-27 20:58:00,6d28b5d77f1724b1f91647fae4c4a009,None
"Junior Web Developer Internship in Delhi, Noida",Young India show,"Delhi, India",None,None,None,3 weeks ago,None,internship,LinkedIn,https://in.linkedin.com/jobs/view/junior-web-developer-internship-in-delhi-noida-at-young-india-show-4369280985?position=37&pageNum=0&refId=4hI0QcKE0Df6SHqx7zZyxQ%3D%3D&trackingId=it1WpwNwg8UIcctYr9kltQ%3D%3D,2026-02-27 20:58:00,9a9522f9bd937108ae37d9a8d66ec572,None
Software Developer Intern,MEL Systems and Services Ltd.,"Chennai, Tamil Nadu, India",None,None,None,4 months ago,None,internship,LinkedIn,https://in.linkedin.com/jobs/view/software-developer-intern-at-mel-systems-and-services-ltd-4317770784?position=38&pageNum=0&refId=4hI0QcKE0Df6SHqx7zZyxQ%3D%3D&trackingId=%2B9SBd7Fo%2BNMnAw54lbNflA%3D%3D,2026-02-27 20:58:00,8dd624d5156e3b6240acce329627b8b2,None
AI ML Intern,BlitzenX,"Hyderabad, Telangana, India",None,None,None,8 months ago,None,internship,LinkedIn,https://in.linkedin.com/jobs/view/ai-ml-intern-at-blitzenx-4260593901?position=39&pageNum=0&refId=4hI0QcKE0Df6SHqx7zZyxQ%3D%3D&trackingId=wzOqP3nw649iiepOjbGBXg%3D%3D,2026-02-27 20:58:00,cab1fcab16e27b4bb62020657c5331c6,None
"Data Science Intern (Python, SQL, Pandas)",ArGo Intern,India,None,None,None,7 hours ago,None,internship,LinkedIn,https://in.linkedin.com/jobs/view/data-science-intern-python-sql-pandas-at-argo-intern-4377668575?position=40&pageNum=0&refId=4hI0QcKE0Df6SHqx7zZyxQ%3D%3D&trackingId=hmSS4Sr7irJvOMZlMmwFaw%3D%3D,2026-02-27 20:58:00,2a1c82ef10a2e4af36ae778227b5f2cc,None
Python Developer Intern,Zenithbyte,India,None,None,None,3 hours ago,None,internship,LinkedIn,https://in.linkedin.com/jobs/view/python-developer-intern-at-zenithbyte-4377690760?position=41&pageNum=0&refId=4hI0QcKE0Df6SHqx7zZyxQ%3D%3D&trackingId=55L2sQcqvUCOJK36VF5S9g%3D%3D,2026-02-27 20:58:00,47256328667b9bc691d4ee6d2388273f,None
Front End Developer Intern,Skillzenloop,India,None,None,None,22 hours ago,None,internship,LinkedIn,https://in.linkedin.com/jobs/view/front-end-developer-intern-at-skillzenloop-4375538989?position=42&pageNum=0&refId=4hI0QcKE0Df6SHqx7zZyxQ%3D%3D&trackingId=65nDsnXWISKtfDrpxp3VSQ%3D%3D,2026-02-27 20:58:00,2575967119c1505460a404ebcf2b9688,None
Software Development Internship in Bangalore,91social,"Bengaluru, Karnataka, India",None,None,None,3 weeks ago,None,internship,LinkedIn,https://in.linkedin.com/jobs/view/software-development-internship-in-bangalore-at-91social-4369715191?position=43&pageNum=0&refId=4hI0QcKE0Df6SHqx7zZyxQ%3D%3D&trackingId=zg%2Bp%2B%2BUXQRXs3E3d38AUoQ%3D%3D,2026-02-27 20:58:00,537eb9352f25e96fac1faaef1d7f9d67,None
ATCD Interns,NxtWave,"Hyderabad, Telangana, India",None,None,None,4 months ago,None,internship,LinkedIn,https://in.linkedin.com/jobs/view/atcd-interns-at-nxtwave-4331446393?position=44&pageNum=0&refId=4hI0QcKE0Df6SHqx7zZyxQ%3D%3D&trackingId=pBTIipNZdJSa6weZgqedyQ%3D%3D,2026-02-27 20:58:00,61c5d46877a31561173d77e66cf4e062,None
Backend Developer intern,Garnish Company,"Hyderabad, Telangana, India",None,None,None,4 months ago,None,internship,LinkedIn,https://in.linkedin.com/jobs/view/backend-developer-intern-at-garnish-company-4306119428?position=45&pageNum=0&refId=4hI0QcKE0Df6SHqx7zZyxQ%3D%3D&trackingId=suI5d2cZAg6OpKqf8lV8Ag%3D%3D,2026-02-27 20:58:00,e3c19a11581fb4afe29135568a32c81d,None
"Artificial Intelligence (AI) Internship in Thane, Mumbai",OneRoof Technologies,Mumbai Metropolitan Region,None,None,None,2 weeks ago,None,internship,LinkedIn,https://in.linkedin.com/jobs/view/artificial-intelligence-ai-internship-in-thane-mumbai-at-oneroof-technologies-4371646253?position=46&pageNum=0&refId=4hI0QcKE0Df6SHqx7zZyxQ%3D%3D&trackingId=9HMPWqjBk9I9zHKalHVNxQ%3D%3D,2026-02-27 20:58:00,1d2eedecced494bac5b85d8003b89b32,None
"Artificial Intelligence (AI) Internship in Thane, Mumbai",OneRoof Technologies,"Thane, Maharashtra, India",None,None,None,2 weeks ago,None,internship,LinkedIn,https://in.linkedin.com/jobs/view/artificial-intelligence-ai-internship-in-thane-mumbai-at-oneroof-technologies-4371629531?position=47&pageNum=0&refId=4hI0QcKE0Df6SHqx7zZyxQ%3D%3D&trackingId=m8hDKejLkee0Jf3rVtXgYg%3D%3D,2026-02-27 20:58:00,7a271d072b7399c3c9dbc712805dbfaf,None
"Junior Web Developer Internship in Delhi, Noida",Young India show,"Noida, Uttar Pradesh, India",None,None,None,3 weeks ago,None,internship,LinkedIn,https://in.linkedin.com/jobs/view/junior-web-developer-internship-in-delhi-noida-at-young-india-show-4369404055?position=48&pageNum=0&refId=4hI0QcKE0Df6SHqx7zZyxQ%3D%3D&trackingId=la41zuscp5ERZdDOAV1c5A%3D%3D,2026-02-27 20:58:00,db8007a0aa3f3bf0ee8cc115385cee09,None
AI SDE Intern (Generative AI),Trovex.ai,India,None,None,None,11 hours ago,None,internship,LinkedIn,https://in.linkedin.com/jobs/view/ai-sde-intern-generative-ai-at-trovex-ai-4377648699?position=49&pageNum=0&refId=4hI0QcKE0Df6SHqx7zZyxQ%3D%3D&trackingId=W9lrUhzEJnDf2rUqR8Rfhw%3D%3D,2026-02-27 20:58:00,be4e08e6f02f32ce3aa42ec3c2c2424b,None
Frontend Developer Intern,Wake Up Whistle,India,None,None,None,7 hours ago,None,internship,LinkedIn,https://in.linkedin.com/jobs/view/frontend-developer-intern-at-wake-up-whistle-4377680202?position=50&pageNum=0&refId=4hI0QcKE0Df6SHqx7zZyxQ%3D%3D&trackingId=vbLBsyuVbwTm7D31M5Fkcg%3D%3D,2026-02-27 20:58:00,34f7ffd647cb1ddb5288e3c928a3befc,None
Web Developer Intern,Skillzenloop,India,None,None,None,22 hours ago,None,internship,LinkedIn,https://in.linkedin.com/jobs/view/web-developer-intern-at-skillzenloop-4375544862?position=51&pageNum=0&refId=4hI0QcKE0Df6SHqx7zZyxQ%3D%3D&trackingId=kOXfjrFZao0%2FoVrvoikyfQ%3D%3D,2026-02-27 20:58:00,f51f486c1c9a81304b299307bccd6deb,None
MERN Stack Developer (Intern),AdEngage,"Navi Mumbai, Maharashtra, India",None,None,None,10 months ago,None,internship,LinkedIn,https://in.linkedin.com/jobs/view/mern-stack-developer-intern-at-adengage-4200571352?position=52&pageNum=0&refId=4hI0QcKE0Df6SHqx7zZyxQ%3D%3D&trackingId=vkIGmnPoMZypTVQWfPFWYQ%3D%3D,2026-02-27 20:58:00,96468c43a3c1ec44a57aa008ebe7ac84,None
Software Engineer Intern,Vite Knowledge,"Delhi, India",None,None,None,21 hours ago,None,internship,LinkedIn,https://in.linkedin.com/jobs/view/software-engineer-intern-at-vite-knowledge-4371520188?position=53&pageNum=0&refId=4hI0QcKE0Df6SHqx7zZyxQ%3D%3D&trackingId=xHf8nyTqeDvjtriYZ3a7xA%3D%3D,2026-02-27 20:58:00,50df4a5d2ae49a78039e2c094ed2f342,None
Python Intern,Samta.ai,"Noida, Uttar Pradesh, India",None,None,None,3 weeks ago,None,internship,LinkedIn,https://in.linkedin.com/jobs/view/python-intern-at-samta-ai-4377695516?position=54&pageNum=0&refId=4hI0QcKE0Df6SHqx7zZyxQ%3D%3D&trackingId=Y3u4trh38qEn88XDCPyGfw%3D%3D,2026-02-27 20:58:00,d2f129bc4b41609bbbd6e84b15fcfc57,None
Frontend Developer Intern,QSkill,India,None,None,None,5 days ago,None,internship,LinkedIn,https://in.linkedin.com/jobs/view/frontend-developer-intern-at-qskill-4373794549?position=55&pageNum=0&refId=4hI0QcKE0Df6SHqx7zZyxQ%3D%3D&trackingId=edjh4FtVwG%2B1yAXgB%2Fd3qA%3D%3D,2026-02-27 20:58:00,8672699980077f92d9ad46f75a2e2254,None
Front End Developer Intern,Inficore Soft,India,None,None,None,1 day ago,None,internship,LinkedIn,https://in.linkedin.com/jobs/view/front-end-developer-intern-at-inficore-soft-4377221580?position=56&pageNum=0&refId=4hI0QcKE0Df6SHqx7zZyxQ%3D%3D&trackingId=lxiJtxPz3DhLlQTN%2FVIjLg%3D%3D,2026-02-27 20:58:00,aeff2be9f719eeac8db4fe676759308e,None
Data Analytics Internship in Nagpur,Career Domain,"Nagpur, Maharashtra, India",None,None,None,15 hours ago,None,internship,LinkedIn,https://in.linkedin.com/jobs/view/data-analytics-internship-in-nagpur-at-career-domain-4378657470?position=57&pageNum=0&refId=4hI0QcKE0Df6SHqx7zZyxQ%3D%3D&trackingId=P8wuEP1rqOfref5yt28KSg%3D%3D,2026-02-27 20:58:00,b1dc3c8d193b922efd700838c3930419,None
AI / ML Intern,Oneture Technologies,Mumbai Metropolitan Region,None,None,None,3 months ago,None,internship,LinkedIn,https://in.linkedin.com/jobs/view/ai-ml-intern-at-oneture-technologies-4339436171?position=58&pageNum=0&refId=4hI0QcKE0Df6SHqx7zZyxQ%3D%3D&trackingId=nSLkYXVppvr0vkJZRMPfgQ%3D%3D,2026-02-27 20:58:00,24d8da0aee7fb41f339b03ec2dc08b10,None
Associate Software Engineer Internship in Gurgaon,Innostax Tech LLC,"Gurgaon, Haryana, India",None,None,None,4 weeks ago,None,internship,LinkedIn,https://in.linkedin.com/jobs/view/associate-software-engineer-internship-in-gurgaon-at-innostax-tech-llc-4366952291?position=59&pageNum=0&refId=4hI0QcKE0Df6SHqx7zZyxQ%3D%3D&trackingId=rbaJ6pM7cfYqq6lhaU7TTw%3D%3D,2026-02-27 20:58:00,997278965ddc5272c91febeb65b60446,None
Frontend Engineer - Intern (internship),Joveo,India,None,None,None,4 hours ago,None,internship,LinkedIn,https://in.linkedin.com/jobs/view/frontend-engineer-intern-internship-at-joveo-4375944407?position=60&pageNum=0&refId=4hI0QcKE0Df6SHqx7zZyxQ%3D%3D&trackingId=1o7bF3IG9lNqMmAuF3zplw%3D%3D,2026-02-27 20:58:00,32c027fa695d913e05183417c63105c5,None
Product Security Intern,ShopBack,"Bengaluru, Karnataka, India",None,None,None,2 weeks ago,None,internship,LinkedIn,https://in.linkedin.com/jobs/view/product-security-intern-at-shopback-4353835701?position=1&pageNum=0&refId=zg76CYnol%2BkAyNAMkkCmzg%3D%3D&trackingId=mPhhxYldxvcme4%2Fkiou0mg%3D%3D,2026-02-27 20:58:24,5619c7a7ebcb0fc5104bb7dabe54ead2,None
Cybersecurity Intern (Paid),Dexter's Tech,India,None,None,None,3 hours ago,None,internship,LinkedIn,https://in.linkedin.com/jobs/view/cybersecurity-intern-paid-at-dexter-s-tech-4377696692?position=2&pageNum=0&refId=zg76CYnol%2BkAyNAMkkCmzg%3D%3D&trackingId=ksVfJ2gWfCHBZJPd%2F5jcTg%3D%3D,2026-02-27 20:58:24,6b2cb3a6815ab4969c038204271f4c0c,None
Cyber Security Internship in Pune,SecureLayer7,"Pune Division, Maharashtra, India",None,None,None,4 weeks ago,None,internship,LinkedIn,https://in.linkedin.com/jobs/view/cyber-security-internship-in-pune-at-securelayer7-4367355642?position=3&pageNum=0&refId=zg76CYnol%2BkAyNAMkkCmzg%3D%3D&trackingId=XcuwfN4UM%2FVZGp3yPBQBcQ%3D%3D,2026-02-27 20:58:24,eef5d8a891cf0f78e5e4d605fc5f5f5a,None
Cybersecurity Intern,Scybers,"Chennai, Tamil Nadu, India",None,None,None,7 months ago,None,internship,LinkedIn,https://in.linkedin.com/jobs/view/cybersecurity-intern-at-scybers-4262388232?position=4&pageNum=0&refId=zg76CYnol%2BkAyNAMkkCmzg%3D%3D&trackingId=l%2F%2FLICsKoFj4%2F7eRdMmIQg%3D%3D,2026-02-27 20:58:24,df1464ba68780936527f4f1f7c4428df,None
Penetration Testing Intern,Appknox,India,None,None,None,1 week ago,None,internship,LinkedIn,https://in.linkedin.com/jobs/view/penetration-testing-intern-at-appknox-4364528424?position=5&pageNum=0&refId=zg76CYnol%2BkAyNAMkkCmzg%3D%3D&trackingId=9FHyBHBq%2B%2Bp79Pwt3QVWcg%3D%3D,2026-02-27 20:58:24,3b513c26eaa71600a99eb5ba166d5b38,None
Cyber Security - Intern,xIoTz Private Limited,"Anekal, Karnataka, India",None,None,None,1 month ago,None,internship,LinkedIn,https://in.linkedin.com/jobs/view/cyber-security-intern-at-xiotz-private-limited-4330243402?position=6&pageNum=0&refId=zg76CYnol%2BkAyNAMkkCmzg%3D%3D&trackingId=ELA5sTkMIiUDY7byfzDp8g%3D%3D,2026-02-27 20:58:24,8156c7710803312bd14dfe3ad5dc6bad,None
SOC Intern,ValueMentor,"Thrissur, Kerala, India",None,None,None,2 weeks ago,None,internship,LinkedIn,https://in.linkedin.com/jobs/view/soc-intern-at-valuementor-4371298890?position=7&pageNum=0&refId=zg76CYnol%2BkAyNAMkkCmzg%3D%3D&trackingId=nHP1GPV4WE4B6itnNkLnkg%3D%3D,2026-02-27 20:58:24,b19f9f8589530f910f448083470cc2a9,None
IT Intern,Amaha,"Mumbai, Maharashtra, India",None,None,None,3 weeks ago,None,internship,LinkedIn,https://in.linkedin.com/jobs/view/it-intern-at-amaha-4369499714?position=8&pageNum=0&refId=zg76CYnol%2BkAyNAMkkCmzg%3D%3D&trackingId=ppm9oh0Vq1GT5CuJuv6sqQ%3D%3D,2026-02-27 20:58:24,29c838f460f8732a19da22352517400e,None
"Cyber Security Internship in Medinipur, Suri, Bardhaman, West Medinipur, Siliguri, Purulia, Bankura, Hooghly, Jalpaiguri, Cooch Behar",Prime Infoserv Pvt. Ltd.,"Medinipur Sadar subdivision, India",None,None,None,1 week ago,None,internship,LinkedIn,https://in.linkedin.com/jobs/view/cyber-security-internship-in-medinipur-suri-bardhaman-west-medinipur-siliguri-purulia-bankura-hooghly-jalpaiguri-cooch-behar-at-prime-infoserv-pvt-ltd-4374177607?position=9&pageNum=0&refId=zg76CYnol%2BkAyNAMkkCmzg%3D%3D&trackingId=jI%2FKucjSrpD44atwo2ZJdA%3D%3D,2026-02-27 20:58:24,f5b7f048cdc8516d158e9ebb23576449,None
"Cyber Security Internship in Medinipur, Suri, Bardhaman, West Medinipur, Siliguri, Purulia, Bankura, Hooghly, Jalpaiguri, Cooch Behar",Prime Infoserv Pvt. Ltd.,"Onda, West Bengal, India",None,None,None,1 week ago,None,internship,LinkedIn,https://in.linkedin.com/jobs/view/cyber-security-internship-in-medinipur-suri-bardhaman-west-medinipur-siliguri-purulia-bankura-hooghly-jalpaiguri-cooch-behar-at-prime-infoserv-pvt-ltd-4375488555?position=10&pageNum=0&refId=zg76CYnol%2BkAyNAMkkCmzg%3D%3D&trackingId=W8rhHDfNAERwur3jRQWwvA%3D%3D,2026-02-27 20:58:24,bd01de37921a0353e8ccec08a045de72,None
Cybersecurity Analyst Intern,Zorvyn,India,None,None,None,4 days ago,None,internship,LinkedIn,https://in.linkedin.com/jobs/view/cybersecurity-analyst-intern-at-zorvyn-4375316446?position=11&pageNum=0&refId=zg76CYnol%2BkAyNAMkkCmzg%3D%3D&trackingId=6xNrbG22yJPYcICSTy8xAg%3D%3D,2026-02-27 20:58:24,5d4bb67215abe959ddd4645d58002ac0,None
Cybersecurity Intern,WEBBOOST SOLUTION IT SERVICES,India,None,None,None,2 hours ago,None,internship,LinkedIn,https://in.linkedin.com/jobs/view/cybersecurity-intern-at-webboost-solution-it-services-4378790100?position=12&pageNum=0&refId=zg76CYnol%2BkAyNAMkkCmzg%3D%3D&trackingId=k3FV5uIyYAONn2rpSK2Uhg%3D%3D,2026-02-27 20:58:24,8458b7e428b6a139cdb378ff360fabf3,None
"Cyber Security Internship in Medinipur, Suri, Bardhaman, West Medinipur, Siliguri, Purulia, Bankura, Hooghly, Jalpaiguri, Cooch Behar",Prime Infoserv Pvt. Ltd.,"Suri-II, West Bengal, India",None,None,None,1 week ago,None,internship,LinkedIn,https://in.linkedin.com/jobs/view/cyber-security-internship-in-medinipur-suri-bardhaman-west-medinipur-siliguri-purulia-bankura-hooghly-jalpaiguri-cooch-behar-at-prime-infoserv-pvt-ltd-4374171720?position=13&pageNum=0&refId=zg76CYnol%2BkAyNAMkkCmzg%3D%3D&trackingId=wgk0us3QV0qrmmqxpGZJYA%3D%3D,2026-02-27 20:58:24,f719cc2fa1635636810ac5e37c1c7509,None
Cyber security Intern,Meritshot,"Noida, Uttar Pradesh, India",None,None,None,4 days ago,None,internship,LinkedIn,https://in.linkedin.com/jobs/view/cyber-security-intern-at-meritshot-4375354143?position=14&pageNum=0&refId=zg76CYnol%2BkAyNAMkkCmzg%3D%3D&trackingId=ovCU7f0rkDSkQ%2BqS9G4L3Q%3D%3D,2026-02-27 20:58:24,e2edc14cc8c1056881e9c97b892515b0,None
"Cyber Security Intern (Ethical Hacking, Network Security)",Wake Up Whistle,India,None,None,None,10 hours ago,None,internship,LinkedIn,https://in.linkedin.com/jobs/view/cyber-security-intern-ethical-hacking-network-security-at-wake-up-whistle-4377650641?position=15&pageNum=0&refId=zg76CYnol%2BkAyNAMkkCmzg%3D%3D&trackingId=M0fbCYvxVlX2tP6mhE2lKg%3D%3D,2026-02-27 20:58:24,b6ab4015d75f0a15c35b50268cbb4d38,None
"Cyber Security Internship in Medinipur, Suri, Bardhaman, West Medinipur, Siliguri, Purulia, Bankura, Hooghly, Jalpaiguri, Cooch Behar",Prime Infoserv Pvt. Ltd.,"Siliguri, West Bengal, India",None,None,None,1 week ago,None,internship,LinkedIn,https://in.linkedin.com/jobs/view/cyber-security-internship-in-medinipur-suri-bardhaman-west-medinipur-siliguri-purulia-bankura-hooghly-jalpaiguri-cooch-behar-at-prime-infoserv-pvt-ltd-4375073145?position=16&pageNum=0&refId=zg76CYnol%2BkAyNAMkkCmzg%3D%3D&trackingId=qLGSld8xAi0NrYaLl3l7QQ%3D%3D,2026-02-27 20:58:24,797dc1a74114e0a3d4f3f2841ea47d78,None
"Cyber Security Internship in Medinipur, Suri, Bardhaman, West Medinipur, Siliguri, Purulia, Bankura, Hooghly, Jalpaiguri, Cooch Behar",Prime Infoserv Pvt. Ltd.,"Bankura, West Bengal, India",None,None,None,1 week ago,None,internship,LinkedIn,https://in.linkedin.com/jobs/view/cyber-security-internship-in-medinipur-suri-bardhaman-west-medinipur-siliguri-purulia-bankura-hooghly-jalpaiguri-cooch-behar-at-prime-infoserv-pvt-ltd-4374179567?position=17&pageNum=0&refId=zg76CYnol%2BkAyNAMkkCmzg%3D%3D&trackingId=gykvaX%2Fyw1baJpXfm%2FMlVQ%3D%3D,2026-02-27 20:58:24,bd1955791c6ed07df13379f1286c793a,None
"Cyber Security Internship in Medinipur, Suri, Bardhaman, West Medinipur, Siliguri, Purulia, Bankura, Hooghly, Jalpaiguri, Cooch Behar",Prime Infoserv Pvt. Ltd.,"Burdwan, West Bengal, India",None,None,None,1 week ago,None,internship,LinkedIn,https://in.linkedin.com/jobs/view/cyber-security-internship-in-medinipur-suri-bardhaman-west-medinipur-siliguri-purulia-bankura-hooghly-jalpaiguri-cooch-behar-at-prime-infoserv-pvt-ltd-4374173640?position=18&pageNum=0&refId=zg76CYnol%2BkAyNAMkkCmzg%3D%3D&trackingId=ssC4ejxkqhvcx7RVlttWcw%3D%3D,2026-02-27 20:58:24,07524b29d92a6b6f4e50618fc760a4b2,None
"Cyber Security Internship in Medinipur, Suri, Bardhaman, West Medinipur, Siliguri, Purulia, Bankura, Hooghly, Jalpaiguri, Cooch Behar",Prime Infoserv Pvt. Ltd.,"Purulia-I, West Bengal, India",None,None,None,1 week ago,None,internship,LinkedIn,https://in.linkedin.com/jobs/view/cyber-security-internship-in-medinipur-suri-bardhaman-west-medinipur-siliguri-purulia-bankura-hooghly-jalpaiguri-cooch-behar-at-prime-infoserv-pvt-ltd-4375060594?position=19&pageNum=0&refId=zg76CYnol%2BkAyNAMkkCmzg%3D%3D&trackingId=rFWDHP5W3IOtnV%2BCLyzoVQ%3D%3D,2026-02-27 20:58:24,4504edfd58139c856cb3d166585d877b,None
"Cyber Security Intern (Ethical Hacking, Network Security)",ArGo Intern,India,None,None,None,3 hours ago,None,internship,LinkedIn,https://in.linkedin.com/jobs/view/cyber-security-intern-ethical-hacking-network-security-at-argo-intern-4377906325?position=20&pageNum=0&refId=zg76CYnol%2BkAyNAMkkCmzg%3D%3D&trackingId=kpw2o3j40bEXfxYMLYAQPg%3D%3D,2026-02-27 20:58:24,340e670ab60dab7aecfe330d6fc009f4,None
Cybersecurity Intern,UM IT PRIVATE LIMITED,India,None,None,None,2 hours ago,None,internship,LinkedIn,https://in.linkedin.com/jobs/view/cybersecurity-intern-at-um-it-private-limited-4378788191?position=21&pageNum=0&refId=zg76CYnol%2BkAyNAMkkCmzg%3D%3D&trackingId=01sDfce3%2BBVuPH7cn0JniA%3D%3D,2026-02-27 20:58:24,645ac9f93fa2c873c25b61cc012c4e10,None
Engineer Intern,Accops,"Pune District, Maharashtra, India",None,None,None,3 days ago,None,internship,LinkedIn,https://in.linkedin.com/jobs/view/engineer-intern-at-accops-4374557310?position=22&pageNum=0&refId=zg76CYnol%2BkAyNAMkkCmzg%3D%3D&trackingId=4S9SHH%2B%2FjroZIvRGQYvgFQ%3D%3D,2026-02-27 20:58:24,e6aecf68d79d8e947e9d23707ec8a006,None
Cybersecurity Intern,UM IT PRIVATE LIMITED,India,None,None,None,3 hours ago,None,internship,LinkedIn,https://in.linkedin.com/jobs/view/cybersecurity-intern-at-um-it-private-limited-4378783168?position=23&pageNum=0&refId=zg76CYnol%2BkAyNAMkkCmzg%3D%3D&trackingId=en8LyDT8O5IF%2Ft7TGrrUUA%3D%3D,2026-02-27 20:58:24,79237ebfb6f203e00b0dff1af885ccd2,None
"Cyber Security Intern (Ethical Hacking, Network Security))",SkillFied Mentor,India,None,None,None,7 hours ago,None,internship,LinkedIn,https://in.linkedin.com/jobs/view/cyber-security-intern-ethical-hacking-network-security-at-skillfied-mentor-4378738632?position=24&pageNum=0&refId=zg76CYnol%2BkAyNAMkkCmzg%3D%3D&trackingId=tWMmugPzN%2BHX2D%2FIr1xvXw%3D%3D,2026-02-27 20:58:24,d91cc9aa1156a41856e59bebd6481d31,None
Management Intern,Network Intelligence,"Pune District, Maharashtra, India",None,None,None,4 days ago,None,internship,LinkedIn,https://in.linkedin.com/jobs/view/management-intern-at-network-intelligence-4374282319?position=25&pageNum=0&refId=zg76CYnol%2BkAyNAMkkCmzg%3D%3D&trackingId=dmai007z%2FmU66eVajGWJfw%3D%3D,2026-02-27 20:58:24,c44a62d79d1f80b43e819ad32c792abc,None
Law/Legal Internship in Mumbai,Nextyn,Mumbai Metropolitan Region,None,None,None,3 weeks ago,None,internship,LinkedIn,https://in.linkedin.com/jobs/view/law-legal-internship-in-mumbai-at-nextyn-4368877485?position=26&pageNum=0&refId=zg76CYnol%2BkAyNAMkkCmzg%3D%3D&trackingId=H1sP58RVDJl7eCwVaykW1A%3D%3D,2026-02-27 20:58:24,76981c11f95f811d7d412e0a23109a62,None
Interns - Immediate Requirement,Invenia,"Gurugram, Haryana, India",None,None,None,2 weeks ago,None,internship,LinkedIn,https://in.linkedin.com/jobs/view/interns-immediate-requirement-at-invenia-4361870711?position=27&pageNum=0&refId=zg76CYnol%2BkAyNAMkkCmzg%3D%3D&trackingId=3bQ8OVG08ISPyWreakeU1Q%3D%3D,2026-02-27 20:58:24,f49b2d876f5e5252cba1e3a307c90518,None
Internship,TalaKunchi Networks Pvt Ltd,Mumbai Metropolitan Region,None,None,None,4 months ago,None,internship,LinkedIn,https://in.linkedin.com/jobs/view/internship-at-talakunchi-networks-pvt-ltd-4311219042?position=28&pageNum=0&refId=zg76CYnol%2BkAyNAMkkCmzg%3D%3D&trackingId=szU5SshtITv2NznB%2FKDkGg%3D%3D,2026-02-27 20:58:24,2fe1e5222563e2c4492846e839990195,None
Customer Success Analyst Intern,Sprinto,Greater Kolkata Area,None,None,None,3 days ago,None,internship,LinkedIn,https://in.linkedin.com/jobs/view/customer-success-analyst-intern-at-sprinto-4376092016?position=29&pageNum=0&refId=zg76CYnol%2BkAyNAMkkCmzg%3D%3D&trackingId=T5kFbv47SJTVPEnUnYLYHA%3D%3D,2026-02-27 20:58:24,ae23f55d4e0140041049f31eb8fc2d80,None
Legal and Privacy Trainee,Prudential plc,"Bengaluru, Karnataka, India",None,None,None,11 months ago,None,internship,LinkedIn,https://in.linkedin.com/jobs/view/legal-and-privacy-trainee-at-prudential-plc-4199094310?position=30&pageNum=0&refId=zg76CYnol%2BkAyNAMkkCmzg%3D%3D&trackingId=IQVNIfMb4QsAKl8d%2FBIfrA%3D%3D,2026-02-27 20:58:24,3294f606adfecac96ca752c6b0f87d83,None
SDE Intern - Backend & Frontend,Unosecur,"Bengaluru, Karnataka, India",None,None,None,10 hours ago,None,internship,LinkedIn,https://in.linkedin.com/jobs/view/sde-intern-backend-frontend-at-unosecur-4378706922?position=31&pageNum=0&refId=zg76CYnol%2BkAyNAMkkCmzg%3D%3D&trackingId=7bjADXcWNfsVEpHHJt3BAA%3D%3D,2026-02-27 20:58:24,f5e0b441a0829fe0b1a7c92ed8cad9c3,None
HR Intern (Intern to Hire),Tsaaro Consulting,"Noida, Uttar Pradesh, India",None,None,None,2 weeks ago,None,internship,LinkedIn,https://in.linkedin.com/jobs/view/hr-intern-intern-to-hire-at-tsaaro-consulting-4371813407?position=32&pageNum=0&refId=zg76CYnol%2BkAyNAMkkCmzg%3D%3D&trackingId=n3fotVc7iRBk81j%2FuKPV9Q%3D%3D,2026-02-27 20:58:24,71799f2dddaf7bfb4ca9581729114461,None
Web Developer Intern,Webs IT Solution,India,None,None,None,3 hours ago,None,internship,LinkedIn,https://in.linkedin.com/jobs/view/web-developer-intern-at-webs-it-solution-4378776356?position=33&pageNum=0&refId=zg76CYnol%2BkAyNAMkkCmzg%3D%3D&trackingId=EgRkb03eyxqQdH2xHI2H9Q%3D%3D,2026-02-27 20:58:24,283e8c7e0a150dce32c63454f0b3b2fd,None
AI Deployment Intern,Exabeam,"Pune Division, Maharashtra, India",None,None,None,6 days ago,None,internship,LinkedIn,https://in.linkedin.com/jobs/view/ai-deployment-intern-at-exabeam-4373721785?position=34&pageNum=0&refId=zg76CYnol%2BkAyNAMkkCmzg%3D%3D&trackingId=kDFlMnPQ0KFGqPIQagXKTg%3D%3D,2026-02-27 20:58:24,6680e4ee5853428bb6d4d8f77154726b,None
Web Developer Intern,Webs IT Solution,India,None,None,None,2 hours ago,None,internship,LinkedIn,https://in.linkedin.com/jobs/view/web-developer-intern-at-webs-it-solution-4378790102?position=35&pageNum=0&refId=zg76CYnol%2BkAyNAMkkCmzg%3D%3D&trackingId=lkqP4QgdAxYnhLQnoonZpQ%3D%3D,2026-02-27 20:58:24,b476df65aa42b57d964b72626c06b957,None
AI - Product Engineering Internship in Mumbai,Sectona,Mumbai Metropolitan Region,None,None,None,3 weeks ago,None,internship,LinkedIn,https://in.linkedin.com/jobs/view/ai-product-engineering-internship-in-mumbai-at-sectona-4369284894?position=36&pageNum=0&refId=zg76CYnol%2BkAyNAMkkCmzg%3D%3D&trackingId=iOeXzbdi0Vy%2F4acwE8rsQQ%3D%3D,2026-02-27 20:58:24,31110c0367162476d71e282d3ce926df,None
Artificial Intelligence Intern,Zetheta Algorithms Private Limited,India,None,None,None,9 hours ago,None,internship,LinkedIn,https://in.linkedin.com/jobs/view/artificial-intelligence-intern-at-zetheta-algorithms-private-limited-4377662414?position=37&pageNum=0&refId=zg76CYnol%2BkAyNAMkkCmzg%3D%3D&trackingId=xCgs3Ll78KP8QwxSX%2BDGVg%3D%3D,2026-02-27 20:58:24,d95ae5cfd35880f2619355a22aaf33d3,None
HR Internship in Pune,TopMentor,"Pune Division, Maharashtra, India",None,None,None,1 week ago,None,internship,LinkedIn,https://in.linkedin.com/jobs/view/hr-internship-in-pune-at-topmentor-4373885227?position=38&pageNum=0&refId=zg76CYnol%2BkAyNAMkkCmzg%3D%3D&trackingId=NJuOcQ4LO%2F58%2BLNrDN7G2g%3D%3D,2026-02-27 20:58:24,4d6aa565ced8d9f70e3dc56821570251,None
Application Deployment Internship in Mumbai,TAXOSMART,Mumbai Metropolitan Region,None,None,None,1 week ago,None,internship,LinkedIn,https://in.linkedin.com/jobs/view/application-deployment-internship-in-mumbai-at-taxosmart-4374172705?position=39&pageNum=0&refId=zg76CYnol%2BkAyNAMkkCmzg%3D%3D&trackingId=WStVMLhLvfIb1pxAP0uqgw%3D%3D,2026-02-27 20:58:24,fa1205209d80459410fbfd14ecd2b4a6,None
Foreign Law Student Internship,India-International Law Firm®,"Bengaluru, Karnataka, India",None,None,None,4 months ago,None,internship,LinkedIn,https://in.linkedin.com/jobs/view/foreign-law-student-internship-at-india-international-law-firm%C2%AE-4314636971?position=40&pageNum=0&refId=zg76CYnol%2BkAyNAMkkCmzg%3D%3D&trackingId=22%2Fc3m7vAEB6FOXiNzCntg%3D%3D,2026-02-27 20:58:24,70dbfc394f462bb3654cedc2d4823167,None
Business Development Intern – Cyber Security,xIoTz Private Limited,Mumbai Metropolitan Region,None,None,None,1 month ago,None,internship,LinkedIn,https://in.linkedin.com/jobs/view/business-development-intern-%E2%80%93-cyber-security-at-xiotz-private-limited-4330049049?position=41&pageNum=0&refId=zg76CYnol%2BkAyNAMkkCmzg%3D%3D&trackingId=f2kjI41AwalSaOOJFqniFQ%3D%3D,2026-02-27 20:58:24,234582b8a5e82e5ad8f81ba48e1c14ac,None
DTLP Intern,GE Aerospace,"Bengaluru, Karnataka, India",None,None,None,1 week ago,None,internship,LinkedIn,https://in.linkedin.com/jobs/view/dtlp-intern-at-ge-aerospace-4373297738?position=42&pageNum=0&refId=zg76CYnol%2BkAyNAMkkCmzg%3D%3D&trackingId=VL1sqPt2%2FE%2BxPG33mSnpQQ%3D%3D,2026-02-27 20:58:24,8026f9dac5329f651dd729f6d195a8dc,None
Intern,Eurofins,"Bengaluru, Karnataka, India",None,None,None,3 days ago,None,internship,LinkedIn,https://in.linkedin.com/jobs/view/intern-at-eurofins-4377123793?position=43&pageNum=0&refId=zg76CYnol%2BkAyNAMkkCmzg%3D%3D&trackingId=NxCLu0mrE5LQNXHMypy%2FAw%3D%3D,2026-02-27 20:58:24,bddaae63399b3ec7e3613a60d0f955df,None
Data Entry Internship in Patna (Hybrid),Emeasure Box,"Patna, Bihar, India",None,None,None,3 weeks ago,None,internship,LinkedIn,https://in.linkedin.com/jobs/view/data-entry-internship-in-patna-hybrid-at-emeasure-box-4368880470?position=44&pageNum=0&refId=zg76CYnol%2BkAyNAMkkCmzg%3D%3D&trackingId=OvFvpBbb77h2d%2B5fRf5%2BQQ%3D%3D,2026-02-27 20:58:24,3e7e785b36d8efa39b40dcc60fd2815d,None
Administration Internship in Mumbai,TAXOSMART,Mumbai Metropolitan Region,None,None,None,2 weeks ago,None,internship,LinkedIn,https://in.linkedin.com/jobs/view/administration-internship-in-mumbai-at-taxosmart-4372184605?position=45&pageNum=0&refId=zg76CYnol%2BkAyNAMkkCmzg%3D%3D&trackingId=qAJN0SVU4GBOydfW3qtoFQ%3D%3D,2026-02-27 20:58:24,4fc959133ee5fe3bdc5e6481565e734c,None
IT Support Engineer Intern to hire ONSITE,"Sirma Business Consulting India Private Ltd.,","Bengaluru, Karnataka, India",None,None,None,2 weeks ago,None,internship,LinkedIn,https://in.linkedin.com/jobs/view/it-support-engineer-intern-to-hire-onsite-at-sirma-business-consulting-india-private-ltd-4371845663?position=46&pageNum=0&refId=zg76CYnol%2BkAyNAMkkCmzg%3D%3D&trackingId=WFLJNJCe2LZ3KRpxR5MtSg%3D%3D,2026-02-27 20:58:24,93505f6ff6ea913250339f442c2d8a84,None
Full Stack Intern,xIoTz Private Limited,"Coimbatore, Tamil Nadu, India",None,None,None,1 month ago,None,internship,LinkedIn,https://in.linkedin.com/jobs/view/full-stack-intern-at-xiotz-private-limited-4330263043?position=47&pageNum=0&refId=zg76CYnol%2BkAyNAMkkCmzg%3D%3D&trackingId=I%2FhFegZoiH1Q6slsCzuMRg%3D%3D,2026-02-27 20:58:24,3f929fd7681334f2625f4a1e258f90d2,None
Business Development Intern,Valency Networks Private Limited,"Pune District, Maharashtra, India",None,None,None,4 days ago,None,internship,LinkedIn,https://in.linkedin.com/jobs/view/business-development-intern-at-valency-networks-private-limited-4351055104?position=48&pageNum=0&refId=zg76CYnol%2BkAyNAMkkCmzg%3D%3D&trackingId=csAhGPxK8PiDJHjfavEHAA%3D%3D,2026-02-27 20:58:24,9f8bdb7b617beb5aa5596083167beff7,None
Front-End Development Intern,Webs IT Solution,India,None,None,None,3 hours ago,None,internship,LinkedIn,https://in.linkedin.com/jobs/view/front-end-development-intern-at-webs-it-solution-4378771887?position=49&pageNum=0&refId=zg76CYnol%2BkAyNAMkkCmzg%3D%3D&trackingId=3LH4gKZgKckps1nW11sG0A%3D%3D,2026-02-27 20:58:24,614a56c925902ac3d6dce8b8dad10a86,None
"Intern, Infrastructure Operations & Engineering",News Corp,"Bengaluru, Karnataka, India",None,None,None,2 weeks ago,None,internship,LinkedIn,https://in.linkedin.com/jobs/view/intern-infrastructure-operations-engineering-at-news-corp-4371288950?position=50&pageNum=0&refId=zg76CYnol%2BkAyNAMkkCmzg%3D%3D&trackingId=e5W%2BXTMtaYN83UcNMR8lmw%3D%3D,2026-02-27 20:58:24,d6b5ac3d762328be9269ec8b2d76f72d,None
"𝐀𝐈 𝐄𝐧𝐠𝐢𝐧𝐞𝐞𝐫 𝐈𝐧𝐭𝐞𝐫𝐧 (𝐋𝐋𝐌𝐬, 𝐀𝐠𝐞𝐧𝐭𝐬 & 𝐂𝐥𝐨𝐮𝐝 𝐀𝐈)",Low-Latency Technologies Private Limited,"Pune Division, Maharashtra, India",None,None,None,1 day ago,None,internship,LinkedIn,https://in.linkedin.com/jobs/view/%F0%9D%90%80%F0%9D%90%88-%F0%9D%90%84%F0%9D%90%A7%F0%9D%90%A0%F0%9D%90%A2%F0%9D%90%A7%F0%9D%90%9E%F0%9D%90%9E%F0%9D%90%AB-%F0%9D%90%88%F0%9D%90%A7%F0%9D%90%AD%F0%9D%90%9E%F0%9D%90%AB%F0%9D%90%A7-%F0%9D%90%8B%F0%9D%90%8B%F0%9D%90%8C%F0%9D%90%AC-%F0%9D%90%80%F0%9D%90%A0%F0%9D%90%9E%F0%9D%90%A7%F0%9D%90%AD%F0%9D%90%AC-%F0%9D%90%82%F0%9D%90%A5%F0%9D%90%A8%F0%9D%90%AE%F0%9D%90%9D-%F0%9D%90%80%F0%9D%90%88-at-low-latency-technologies-private-limited-4375516441?position=51&pageNum=0&refId=zg76CYnol%2BkAyNAMkkCmzg%3D%3D&trackingId=VsfFiSSDJCnMAxSd3eSA2g%3D%3D,2026-02-27 20:58:24,ddc7d9a0ac9b755e07ed5f50436b691c,None
Web Development Internship in Ahmedabad (Hybrid),Techworks,"Ahmedabad, Gujarat, India",None,None,None,6 days ago,None,internship,LinkedIn,https://in.linkedin.com/jobs/view/web-development-internship-in-ahmedabad-hybrid-at-techworks-4376104809?position=52&pageNum=0&refId=zg76CYnol%2BkAyNAMkkCmzg%3D%3D&trackingId=Alx%2Fx7W37Ei0xE1hDu1ouQ%3D%3D,2026-02-27 20:58:24,955973a4706c37fdeae69788be7ff760,None
SEO Intern,Tsaaro Consulting,"Noida, Uttar Pradesh, India",None,None,None,6 months ago,None,internship,LinkedIn,https://in.linkedin.com/jobs/view/seo-intern-at-tsaaro-consulting-4280537703?position=53&pageNum=0&refId=zg76CYnol%2BkAyNAMkkCmzg%3D%3D&trackingId=Dq5x%2Fip%2FpNevvgKinIazFg%3D%3D,2026-02-27 20:58:24,ac6ad7baf4d45102a8990c3db98b9e15,None
Data Scraping Engineer (Intern) - Stylumia,Stylumia,"Bengaluru, Karnataka, India",None,None,None,1 month ago,None,internship,LinkedIn,https://in.linkedin.com/jobs/view/data-scraping-engineer-intern-stylumia-at-stylumia-4358125552?position=54&pageNum=0&refId=zg76CYnol%2BkAyNAMkkCmzg%3D%3D&trackingId=vqVtGwDcEX2ddWnk5ZZjMw%3D%3D,2026-02-27 20:58:24,fd8427445c90e018744ee23b8d52683f,None
Content Writing Intern,Beagle Security,"Trivandrum, Kerala, India",None,None,None,4 days ago,None,internship,LinkedIn,https://in.linkedin.com/jobs/view/content-writing-intern-at-beagle-security-4375354550?position=55&pageNum=0&refId=zg76CYnol%2BkAyNAMkkCmzg%3D%3D&trackingId=8rH1%2BlapfczHXMjq1MJ0CA%3D%3D,2026-02-27 20:58:24,cfe33f25a31517429b0e6b9e13389be7,None
AI Video Marketing Internship,M365Consult,"Niwali, Madhya Pradesh, India",None,None,None,4 weeks ago,None,internship,LinkedIn,https://in.linkedin.com/jobs/view/ai-video-marketing-internship-at-m365consult-4367046587?position=56&pageNum=0&refId=zg76CYnol%2BkAyNAMkkCmzg%3D%3D&trackingId=%2BmxMPZJ9y9f7CLlP4lDhHw%3D%3D,2026-02-27 20:58:24,d2f11c80cf4c2d5b1daaf21a7c6e5863,None
Intern – Content Writer (Technical) - Goa,SJ Innovation LLC,"Goa, India",None,None,None,3 months ago,None,internship,LinkedIn,https://in.linkedin.com/jobs/view/intern-%E2%80%93-content-writer-technical-goa-at-sj-innovation-llc-4340582309?position=57&pageNum=0&refId=zg76CYnol%2BkAyNAMkkCmzg%3D%3D&trackingId=%2FXCBcSzkBVn%2BCAb%2BwF41vw%3D%3D,2026-02-27 20:58:24,7f205ddeb98546286dd0cde194eb80af,None
Technical Content Researcher & Writer Internship in Mumbai,CyberFrat,Mumbai Metropolitan Region,None,None,None,2 weeks ago,None,internship,LinkedIn,https://in.linkedin.com/jobs/view/technical-content-researcher-writer-internship-in-mumbai-at-cyberfrat-4371223110?position=58&pageNum=0&refId=zg76CYnol%2BkAyNAMkkCmzg%3D%3D&trackingId=M4t4vCgAAbquXhdB2S1CDA%3D%3D,2026-02-27 20:58:24,d9769c3e37e572da68fe6a77ca409058,None
"Data Extraction Associate Internship in Noida, Gurgaon, Delhi, Faridabad (Hybrid)",Intelacia,"Delhi, India",None,None,None,3 weeks ago,None,internship,LinkedIn,https://in.linkedin.com/jobs/view/data-extraction-associate-internship-in-noida-gurgaon-delhi-faridabad-hybrid-at-intelacia-4367652761?position=59&pageNum=0&refId=zg76CYnol%2BkAyNAMkkCmzg%3D%3D&trackingId=wWapZ%2BseGQtAmCX8pIfVoQ%3D%3D,2026-02-27 20:58:24,c3e36af9d9e4aeb8dbfb4170f9a9e7a3,None
